<?xml version="1.0" encoding="UTF-8"?>
<con:testCase id="1bb752b0-80ad-4f91-8f3e-50527a34973d" discardOkResults="false" failOnError="false" failTestCaseOnErrors="true" keepSession="false" name="Amount_Transfer" searchProperties="true" timeout="0" wsrmEnabled="false" wsrmVersion="1.0" wsrmAckTo="" amfAuthorisation="false" amfEndpoint="" amfLogin="" amfPassword="" zephyrTestName="" zephyrTestId="" maxResults="0" xmlns:con="http://eviware.com/soapui/config">
      <con:settings><con:setting id="1bb752b0-80ad-4f91-8f3e-50527a34973dfileName">Amount_Transfer</con:setting></con:settings>
      <con:savedRecentRuns>1</con:savedRecentRuns>
      <con:testStep type="groovy" name="Amount_Random_Number_Groovy Script" id="ded40b28-d3ea-414e-9b03-7cba30cd3af7">
        <con:settings/>
        <con:config><script>//import java.util.Random
//Random random = new Random()
//def min = 1
//def max = 1000
//def originID_random = random.nextInt(max + 1 - min) + min;
def amt=3333;
return amt</script></con:config>
      </con:testStep>
      <con:testStep type="groovy" name="Fix Amt Script" id="feb41335-f5b7-4799-bb3b-ff2e4c762ba9"><con:settings/><con:config><script>def amt=3333
return amt</script></con:config></con:testStep>
      <con:testStep type="restrequest" name="Remitters-BalanceInquiry" id="4a4ee8d7-ce95-4656-b1e6-24c7c990c8c2">
        <con:settings/>
        <con:config service="http://${#Project#url}" resourcePath="/api/BankSmart/BalanceInquiry" methodName="BalanceInquiry" xsi:type="con:RestRequestStep" xmlns:xsi="http://www.w3.org/2001/XMLSchema-instance">
          <con:restRequest name="Remitters-BalanceInquiry" id="31706188-18bd-4631-9724-4171df9e80bf" mediaType="application/json" postQueryString="false">
            <con:settings>
              <con:setting id="com.eviware.soapui.impl.wsdl.WsdlRequest@request-headers">&lt;xml-fragment/></con:setting>
            </con:settings>
            <con:endpoint>${#Project#pURL}</con:endpoint>
            <con:request>{
    "SignOnRq": {
        "LogId": "${=java.util.UUID.randomUUID()}",
        "DateTime": "${#[Payments-DiffCIF INTRA#Remitter-CreateCorporateCIF#Groovy Script]#result}",
        "ChannelId": "${#TestCase#chanel}", //9
        "OurBranchId": "04"
    },
    "AccountId": "${#[Payments-DiffCIF INTRA#Remitter-CreateCorporateCIF#CreateCorporateAccount]#Response#$['content']['accountID']}"
}</con:request>
            <con:originalUri>http://10.4.128.8/api/BankSmart/BalanceInquiry</con:originalUri>
            <con:assertion type="Simple Contains" id="7dad471b-3b19-4991-bb4e-827dc79111b9" name="Contains">
              <con:configuration>
                <token>Success</token>
                <ignoreCase>true</ignoreCase>
                <useRegEx>false</useRegEx>
              </con:configuration>
            </con:assertion>
            <con:assertion type="JsonPath Match" id="918e9538-b09b-4139-8d58-eadd63221620" name="JSONPath Match">
              <con:configuration>
                <path>$['status']['code']</path>
                <content>"MSG-000000"</content>
                <allowWildcards>false</allowWildcards>
                <ignoreNamspaceDifferences>false</ignoreNamspaceDifferences>
                <ignoreComments>false</ignoreComments>
              </con:configuration>
            </con:assertion>
            <con:credentials>
              <con:username>vendor100-erc</con:username>
              <con:password>P@ssw0rd100</con:password>
              <con:selectedAuthProfile>Basic</con:selectedAuthProfile>
              <con:preemptive>true</con:preemptive>
              <con:addedBasicAuthenticationTypes>Basic</con:addedBasicAuthenticationTypes>
              <con:authType>Preemptive</con:authType>
            </con:credentials>
            <con:jmsConfig JMSDeliveryMode="PERSISTENT"/>
            <con:parameters>
              <con:entry key="Authorization" value="Basic dmVuZG9yOS1lcmM6UEBzc3cwcmQ5"/>
              <con:entry key="Content-Type" value="application/json"/>
            </con:parameters>
            <con:parameterOrder>
              <con:entry>Content-Type</con:entry>
              <con:entry>Authorization</con:entry>
            </con:parameterOrder>
          </con:restRequest>
        </con:config>
      </con:testStep>
      <con:testStep type="restrequest" name="Beneficiary-BalanceInquiry" id="20ce73af-f7c9-44c2-ac48-7ef9009bf462">
        <con:settings/>
        <con:config service="http://${#Project#url}" resourcePath="/api/BankSmart/BalanceInquiry" methodName="BalanceInquiry" xsi:type="con:RestRequestStep" xmlns:xsi="http://www.w3.org/2001/XMLSchema-instance">
          <con:restRequest name="Beneficiary-BalanceInquiry" id="31706188-18bd-4631-9724-4171df9e80bf" mediaType="application/json" postQueryString="false">
            <con:settings>
              <con:setting id="com.eviware.soapui.impl.wsdl.WsdlRequest@request-headers">&lt;xml-fragment/></con:setting>
            </con:settings>
            <con:endpoint>${#Project#pURL}</con:endpoint>
            <con:request>{
    "SignOnRq": {
        "LogId": "${=java.util.UUID.randomUUID()}",
        "DateTime": "${#[Payments-DiffCIF INTRA#Remitter-CreateCorporateCIF#Groovy Script]#result}",
        "ChannelId": "${#TestCase#chanel}", //9
        "OurBranchId": "04"
    },
    "AccountId": "${#[Payments-DiffCIF INTRA#Beneficiary-CreateCorporateCIF#CreateCorporateAccount]#Response#$['content']['accountID']}"
}</con:request>
            <con:originalUri>http://10.4.128.8/api/BankSmart/BalanceInquiry</con:originalUri>
            <con:assertion type="Simple Contains" id="7dad471b-3b19-4991-bb4e-827dc79111b9" name="Contains">
              <con:configuration>
                <token>Success</token>
                <ignoreCase>true</ignoreCase>
                <useRegEx>false</useRegEx>
              </con:configuration>
            </con:assertion>
            <con:assertion type="MessageContentAssertion" id="ef7a1b4e-4325-4b03-af0a-dbacb5720e57" name="Message Content Assertion">
              <con:configuration xsi:type="con:MessageContentAssertion">
                <con:elements>
                  <con:xpath>declare namespace ns1='http://10.4.128.8/api/BankSmart/BalanceInquiry';
//ns1:Response[1]/ns1:requestDateTime[1]</con:xpath>
                  <con:element>requestDateTime</con:element>
                  <con:type xsi:nil="true"/>
                  <con:operator>=</con:operator>
                  <con:enabled>false</con:enabled>
                  <con:expectedValue>0001-01-01T00:00:00</con:expectedValue>
                  <con:hasValue>false</con:hasValue>
                  <con:numberType>false</con:numberType>
                </con:elements>
                <con:elements>
                  <con:xpath>declare namespace ns1='http://10.4.128.8/api/BankSmart/BalanceInquiry';
//ns1:Response[1]/ns1:logId[1]</con:xpath>
                  <con:element>logId</con:element>
                  <con:type xsi:nil="true"/>
                  <con:operator>=</con:operator>
                  <con:enabled>false</con:enabled>
                  <con:expectedValue>3365cc3d-5c29-487a-a8fa-be6e413ee571</con:expectedValue>
                  <con:hasValue>false</con:hasValue>
                  <con:numberType>false</con:numberType>
                </con:elements>
                <con:elements>
                  <con:xpath>declare namespace ns1='http://10.4.128.8/api/BankSmart/BalanceInquiry';
//ns1:Response[1]/ns1:status[1]/ns1:code[1]</con:xpath>
                  <con:element>code</con:element>
                  <con:type xsi:nil="true"/>
                  <con:operator>=</con:operator>
                  <con:enabled>true</con:enabled>
                  <con:expectedValue>MSG-000000</con:expectedValue>
                  <con:hasValue>false</con:hasValue>
                  <con:numberType>false</con:numberType>
                </con:elements>
                <con:elements>
                  <con:xpath>declare namespace ns1='http://10.4.128.8/api/BankSmart/BalanceInquiry';
//ns1:Response[1]/ns1:status[1]/ns1:severity[1]</con:xpath>
                  <con:element>severity</con:element>
                  <con:type xsi:nil="true"/>
                  <con:operator>=</con:operator>
                  <con:enabled>true</con:enabled>
                  <con:expectedValue>Success</con:expectedValue>
                  <con:hasValue>false</con:hasValue>
                  <con:numberType>false</con:numberType>
                </con:elements>
                <con:elements>
                  <con:xpath>declare namespace ns1='http://10.4.128.8/api/BankSmart/BalanceInquiry';
//ns1:Response[1]/ns1:status[1]/ns1:statusMessage[1]</con:xpath>
                  <con:element>statusMessage</con:element>
                  <con:type xsi:nil="true"/>
                  <con:operator>=</con:operator>
                  <con:enabled>true</con:enabled>
                  <con:expectedValue>Success</con:expectedValue>
                  <con:hasValue>false</con:hasValue>
                  <con:numberType>false</con:numberType>
                </con:elements>
                <con:elements>
                  <con:xpath>declare namespace ns1='http://10.4.128.8/api/BankSmart/BalanceInquiry';
//ns1:Response[1]/ns1:content[1]/ns1:totalBalance[1]</con:xpath>
                  <con:element>totalBalance</con:element>
                  <con:type xsi:nil="true"/>
                  <con:operator>=</con:operator>
                  <con:enabled>false</con:enabled>
                  <con:expectedValue>50000.0</con:expectedValue>
                  <con:hasValue>false</con:hasValue>
                  <con:numberType>false</con:numberType>
                </con:elements>
                <con:elements>
                  <con:xpath>declare namespace ns1='http://10.4.128.8/api/BankSmart/BalanceInquiry';
//ns1:Response[1]/ns1:content[1]/ns1:availableBalance[1]</con:xpath>
                  <con:element>availableBalance</con:element>
                  <con:type xsi:nil="true"/>
                  <con:operator>=</con:operator>
                  <con:enabled>false</con:enabled>
                  <con:expectedValue>40000.0</con:expectedValue>
                  <con:hasValue>false</con:hasValue>
                  <con:numberType>false</con:numberType>
                </con:elements>
                <con:elements>
                  <con:xpath>declare namespace ns1='http://10.4.128.8/api/BankSmart/BalanceInquiry';
//ns1:Response[1]/ns1:content[1]/ns1:accountId[1]</con:xpath>
                  <con:element>accountId</con:element>
                  <con:type xsi:nil="true"/>
                  <con:operator>=</con:operator>
                  <con:enabled>false</con:enabled>
                  <con:expectedValue>0150100001441601</con:expectedValue>
                  <con:hasValue>false</con:hasValue>
                  <con:numberType>false</con:numberType>
                </con:elements>
                <con:elements>
                  <con:xpath>declare namespace ns1='http://10.4.128.8/api/BankSmart/BalanceInquiry';
//ns1:Response[1]/ns1:content[1]/ns1:productID[1]</con:xpath>
                  <con:element>productID</con:element>
                  <con:type xsi:nil="true"/>
                  <con:operator>=</con:operator>
                  <con:enabled>false</con:enabled>
                  <con:expectedValue>CCAAED</con:expectedValue>
                  <con:hasValue>false</con:hasValue>
                  <con:numberType>false</con:numberType>
                </con:elements>
                <con:elements>
                  <con:xpath>declare namespace ns1='http://10.4.128.8/api/BankSmart/BalanceInquiry';
//ns1:Response[1]/ns1:content[1]/ns1:name[1]</con:xpath>
                  <con:element>name</con:element>
                  <con:type xsi:nil="true"/>
                  <con:operator>=</con:operator>
                  <con:enabled>false</con:enabled>
                  <con:expectedValue>Amar</con:expectedValue>
                  <con:hasValue>false</con:hasValue>
                  <con:numberType>false</con:numberType>
                </con:elements>
                <con:elements>
                  <con:xpath>declare namespace ns1='http://10.4.128.8/api/BankSmart/BalanceInquiry';
//ns1:Response[1]/ns1:content[1]/ns1:currencyID[1]</con:xpath>
                  <con:element>currencyID</con:element>
                  <con:type xsi:nil="true"/>
                  <con:operator>=</con:operator>
                  <con:enabled>false</con:enabled>
                  <con:expectedValue>AED</con:expectedValue>
                  <con:hasValue>false</con:hasValue>
                  <con:numberType>false</con:numberType>
                </con:elements>
                <con:elements>
                  <con:xpath>declare namespace ns1='http://10.4.128.8/api/BankSmart/BalanceInquiry';
//ns1:Response[1]/ns1:content[1]/ns1:status[1]</con:xpath>
                  <con:element>status</con:element>
                  <con:type xsi:nil="true"/>
                  <con:operator>=</con:operator>
                  <con:enabled>true</con:enabled>
                  <con:expectedValue>Active</con:expectedValue>
                  <con:hasValue>false</con:hasValue>
                  <con:numberType>false</con:numberType>
                </con:elements>
                <con:elements>
                  <con:xpath>declare namespace ns1='http://10.4.128.8/api/BankSmart/BalanceInquiry';
//ns1:Response[1]/ns1:content[1]/ns1:clientID[1]</con:xpath>
                  <con:element>clientID</con:element>
                  <con:type xsi:nil="true"/>
                  <con:operator>=</con:operator>
                  <con:enabled>false</con:enabled>
                  <con:expectedValue>000014416</con:expectedValue>
                  <con:hasValue>false</con:hasValue>
                  <con:numberType>false</con:numberType>
                </con:elements>
                <con:elements>
                  <con:xpath>declare namespace ns1='http://10.4.128.8/api/BankSmart/BalanceInquiry';
//ns1:Response[1]/ns1:content[1]/ns1:iban[1]</con:xpath>
                  <con:element>iban</con:element>
                  <con:type xsi:nil="true"/>
                  <con:operator>=</con:operator>
                  <con:enabled>false</con:enabled>
                  <con:expectedValue>AE050900150100001441601</con:expectedValue>
                  <con:hasValue>false</con:hasValue>
                  <con:numberType>false</con:numberType>
                </con:elements>
                <con:elements>
                  <con:xpath>declare namespace ns1='http://10.4.128.8/api/BankSmart/BalanceInquiry';
//ns1:Response[1]/ns1:content[1]/ns1:openDate[1]</con:xpath>
                  <con:element>openDate</con:element>
                  <con:type xsi:nil="true"/>
                  <con:operator>=</con:operator>
                  <con:enabled>false</con:enabled>
                  <con:expectedValue>9/5/2019 10:29:00 AM</con:expectedValue>
                  <con:hasValue>false</con:hasValue>
                  <con:numberType>false</con:numberType>
                </con:elements>
                <con:elements>
                  <con:xpath>declare namespace ns1='http://10.4.128.8/api/BankSmart/BalanceInquiry';
//ns1:Response[1]/ns1:content[1]/ns1:productType[1]</con:xpath>
                  <con:element>productType</con:element>
                  <con:type xsi:nil="true"/>
                  <con:operator>=</con:operator>
                  <con:enabled>false</con:enabled>
                  <con:expectedValue>AE</con:expectedValue>
                  <con:hasValue>false</con:hasValue>
                  <con:numberType>false</con:numberType>
                </con:elements>
                <con:elements>
                  <con:xpath>declare namespace ns1='http://10.4.128.8/api/BankSmart/BalanceInquiry';
//ns1:Response[1]/ns1:content[1]/ns1:productDESC[1]</con:xpath>
                  <con:element>productDESC</con:element>
                  <con:type xsi:nil="true"/>
                  <con:operator>=</con:operator>
                  <con:enabled>false</con:enabled>
                  <con:expectedValue>Corporate Current Account</con:expectedValue>
                  <con:hasValue>false</con:hasValue>
                  <con:numberType>false</con:numberType>
                </con:elements>
                <con:originalMessage><![CDATA[<Response xmlns="http://10.4.128.8/api/BankSmart/BalanceInquiry">
   <requestDateTime>0001-01-01T00:00:00</requestDateTime>
   <logId>3365cc3d-5c29-487a-a8fa-be6e413ee571</logId>
   <status>
      <code>MSG-000000</code>
      <severity>Success</severity>
      <statusMessage>Success</statusMessage>
   </status>
   <content>
      <totalBalance>50000.0</totalBalance>
      <availableBalance>40000.0</availableBalance>
      <accountId>0150100001441601</accountId>
      <productID>CCAAED</productID>
      <name>Amar</name>
      <currencyID>AED</currencyID>
      <status>Active</status>
      <clientID>000014416</clientID>
      <iban>AE050900150100001441601</iban>
      <openDate>9/5/2019 10:29:00 AM</openDate>
      <productType>AE</productType>
      <productDESC>Corporate Current Account</productDESC>
   </content>
</Response>]]></con:originalMessage>
              </con:configuration>
            </con:assertion>
            <con:assertion type="JsonPath Match" id="918e9538-b09b-4139-8d58-eadd63221620" name="JSONPath Match">
              <con:configuration>
                <path>$['status']['code']</path>
                <content>"MSG-000000"</content>
                <allowWildcards>false</allowWildcards>
                <ignoreNamspaceDifferences>false</ignoreNamspaceDifferences>
                <ignoreComments>false</ignoreComments>
              </con:configuration>
            </con:assertion>
            <con:credentials>
              <con:username>vendor100-erc</con:username>
              <con:password>P@ssw0rd100</con:password>
              <con:selectedAuthProfile>Basic</con:selectedAuthProfile>
              <con:preemptive>true</con:preemptive>
              <con:addedBasicAuthenticationTypes>Basic</con:addedBasicAuthenticationTypes>
              <con:authType>Preemptive</con:authType>
            </con:credentials>
            <con:jmsConfig JMSDeliveryMode="PERSISTENT"/>
            <con:parameters>
              <con:entry key="Authorization" value="Basic dmVuZG9yOS1lcmM6UEBzc3cwcmQ5"/>
              <con:entry key="Content-Type" value="application/json"/>
            </con:parameters>
            <con:parameterOrder>
              <con:entry>Content-Type</con:entry>
              <con:entry>Authorization</con:entry>
            </con:parameterOrder>
          </con:restRequest>
        </con:config>
      </con:testStep>
      <con:testStep type="restrequest" name="validate Single Debit Single Credit Intra" id="bdfbb0bc-04e8-4935-8b54-a85f8b1cd430">
        <con:settings/>
        <con:config service="http://${#Project#url}" resourcePath="/api/ECSFin/validateSingleDebitSingleCredit" methodName="ValidateSingleDebitSingleCredit" xsi:type="con:RestRequestStep" xmlns:xsi="http://www.w3.org/2001/XMLSchema-instance">
          <con:restRequest name="validate Single Debit Single Credit Intra" id="04cba670-9083-4469-b114-ddd53a955ee7" mediaType="application/json" postQueryString="false">
            <con:settings>
              <con:setting id="com.eviware.soapui.impl.wsdl.WsdlRequest@request-headers"><![CDATA[<xml-fragment xmlns:con="http://eviware.com/soapui/config">
  <con:entry key="Server" value="Microsoft-IIS/10.0"/>
  <con:entry key="Content-Length" value="301"/>
  <con:entry key="Date" value="Thu, 05 Sep 2019 05:50:33 GMT"/>
  <con:entry key="Content-Type" value="application/json; charset=utf-8"/>
</xml-fragment>]]></con:setting>
            </con:settings>
            <con:endpoint>${#Project#pURL}</con:endpoint>
            <con:request>{\r
   "SignOnRq" : {\r
      "LogId" : "${=java.util.UUID.randomUUID()}",\r
      "DateTime" : "${#[Payments-DiffCIF INTRA#Remitter-CreateCorporateCIF#Groovy Script]#result}",\r
      "ChannelId" : "${#TestCase#chanel}",\r //10
      "OurBranchId" : "03"\r
   },\r
   "RootObject" : {\r
      "dataHeader" : {\r
         "uniqueId" : "${=java.util.UUID.randomUUID()}",\r
         "timestamp" : "${#[Payments-DiffCIF INTRA#Remitter-CreateCorporateCIF#Groovy Script]#result}"\r
      },\r
      "data" : {\r
         "channelInfo" : "1",\r
         "valueDate" : "${#[Payments-DiffCIF INTRA#Remitter-CreateCorporateCIF#TommorrowDate]#result}",\r
         "segmentType" : "CORP",\r
         "paymentChannel" : "INTRA",\r
         "reference" : "${#[Payments-DiffCIF INTRA#Remitter-CreateCorporateCIF#GS_OriginID Random]#result}",\r
         "remarks" : "API_HC_${=org.apache.commons.lang.RandomStringUtils.randomNumeric(4)}!!!",\r
         "orderCust" : {\r
            "amt" : "${Fix Amt Script#result}",\r
            "cur" : "AED",\r
            "cifNumber" : "${#[Payments-DiffCIF INTRA#Remitter-CreateCorporateCIF#CreateCorporateCIF]#Response#$['content']['clientID']}",\r
            "accNo" : "${#[Payments-DiffCIF INTRA#Remitter-CreateCorporateCIF#CreateCorporateAccount]#Response#$['content']['accountID']}"\r
         },\r
         "benef" : {\r
            "txnRef" : "${#[Payments-DiffCIF INTRA#Remitter-CreateCorporateCIF#GS_OriginID Random]#result}",\r
            "cifNumber" : "${#[Payments-DiffCIF INTRA#Beneficiary-CreateCorporateCIF#CreateCorporateCIF]#Response#$['content']['clientID']}",\r
            "exchangeRate" : "1",\r
            "settlementCurrency" : "AED",\r
            "settledAmount" : "${Fix Amt Script#result}",\r
            "mode" : "INTRA",\r
            "cur" : "AED",\r
            "iban" : "${#[Payments-DiffCIF INTRA#Beneficiary-CreateCorporateCIF#CreateCorporateAccount]#Response#$['content']['iban']}",\r
            "remarks" : "API_HC_${=org.apache.commons.lang.RandomStringUtils.randomNumeric(6)}"\r
         }\r
      }\r
   }\r
}</con:request>
            <con:originalUri>http://10.4.128.8/api/ECSFin/validateSingleDebitSingleCredit</con:originalUri>
            <con:assertion type="Simple Contains" id="4dd00c7d-12a8-459a-b1d0-ba070d0b2bb0" name="Contains">
              <con:configuration>
                <token>success</token>
                <ignoreCase>true</ignoreCase>
                <useRegEx>false</useRegEx>
              </con:configuration>
            </con:assertion>
            <con:assertion type="MessageContentAssertion" id="34e4b7c7-f275-49bb-9bc6-d0f941686ddf" name="Message Content Assertion">
              <con:configuration xsi:type="con:MessageContentAssertion">
                <con:elements>
                  <con:xpath>declare namespace ns1='http://10.4.128.8/api/ECSFin/validateSingleDebitSingleCredit';
//ns1:Response[1]/ns1:requestDateTime[1]</con:xpath>
                  <con:element>requestDateTime</con:element>
                  <con:type xsi:nil="true"/>
                  <con:operator>=</con:operator>
                  <con:enabled>false</con:enabled>
                  <con:expectedValue>2019-09-05T00:00:00</con:expectedValue>
                  <con:hasValue>false</con:hasValue>
                  <con:numberType>false</con:numberType>
                </con:elements>
                <con:elements>
                  <con:xpath>declare namespace ns1='http://10.4.128.8/api/ECSFin/validateSingleDebitSingleCredit';
//ns1:Response[1]/ns1:logId[1]</con:xpath>
                  <con:element>logId</con:element>
                  <con:type xsi:nil="true"/>
                  <con:operator>=</con:operator>
                  <con:enabled>false</con:enabled>
                  <con:expectedValue>e0ccbe1a-dfdd-4753-a4c7-acc6fb0665e3</con:expectedValue>
                  <con:hasValue>false</con:hasValue>
                  <con:numberType>false</con:numberType>
                </con:elements>
                <con:elements>
                  <con:xpath>declare namespace ns1='http://10.4.128.8/api/ECSFin/validateSingleDebitSingleCredit';
//ns1:Response[1]/ns1:status[1]/ns1:code[1]</con:xpath>
                  <con:element>code</con:element>
                  <con:type xsi:nil="true"/>
                  <con:operator>=</con:operator>
                  <con:enabled>true</con:enabled>
                  <con:expectedValue>MSG-000000</con:expectedValue>
                  <con:hasValue>false</con:hasValue>
                  <con:numberType>false</con:numberType>
                </con:elements>
                <con:elements>
                  <con:xpath>declare namespace ns1='http://10.4.128.8/api/ECSFin/validateSingleDebitSingleCredit';
//ns1:Response[1]/ns1:status[1]/ns1:severity[1]</con:xpath>
                  <con:element>severity</con:element>
                  <con:type xsi:nil="true"/>
                  <con:operator>=</con:operator>
                  <con:enabled>true</con:enabled>
                  <con:expectedValue>Success</con:expectedValue>
                  <con:hasValue>false</con:hasValue>
                  <con:numberType>false</con:numberType>
                </con:elements>
                <con:elements>
                  <con:xpath>declare namespace ns1='http://10.4.128.8/api/ECSFin/validateSingleDebitSingleCredit';
//ns1:Response[1]/ns1:status[1]/ns1:statusMessage[1]</con:xpath>
                  <con:element>statusMessage</con:element>
                  <con:type xsi:nil="true"/>
                  <con:operator>=</con:operator>
                  <con:enabled>true</con:enabled>
                  <con:expectedValue>Success</con:expectedValue>
                  <con:hasValue>false</con:hasValue>
                  <con:numberType>false</con:numberType>
                </con:elements>
                <con:elements>
                  <con:xpath>declare namespace ns1='http://10.4.128.8/api/ECSFin/validateSingleDebitSingleCredit';
//ns1:Response[1]/ns1:content[1]/ns1:statusCode[1]</con:xpath>
                  <con:element>statusCode</con:element>
                  <con:type xsi:nil="true"/>
                  <con:operator>=</con:operator>
                  <con:enabled>false</con:enabled>
                  <con:expectedValue>0</con:expectedValue>
                  <con:hasValue>false</con:hasValue>
                  <con:numberType>false</con:numberType>
                </con:elements>
                <con:elements>
                  <con:xpath>declare namespace ns1='http://10.4.128.8/api/ECSFin/validateSingleDebitSingleCredit';
//ns1:Response[1]/ns1:content[1]/ns1:statusComment[1]</con:xpath>
                  <con:element>statusComment</con:element>
                  <con:type xsi:nil="true"/>
                  <con:operator>=</con:operator>
                  <con:enabled>false</con:enabled>
                  <con:expectedValue>Successfully Processed</con:expectedValue>
                  <con:hasValue>false</con:hasValue>
                  <con:numberType>false</con:numberType>
                </con:elements>
                <con:elements>
                  <con:xpath>declare namespace ns1='http://10.4.128.8/api/ECSFin/validateSingleDebitSingleCredit';
//ns1:Response[1]/ns1:content[1]/ns1:reference[1]</con:xpath>
                  <con:element>reference</con:element>
                  <con:type xsi:nil="true"/>
                  <con:operator>=</con:operator>
                  <con:enabled>false</con:enabled>
                  <con:expectedValue>1038523250453236</con:expectedValue>
                  <con:hasValue>false</con:hasValue>
                  <con:numberType>false</con:numberType>
                </con:elements>
                <con:elements>
                  <con:xpath>declare namespace ns1='http://10.4.128.8/api/ECSFin/validateSingleDebitSingleCredit';
//ns1:Response[1]/ns1:content[1]/ns1:routes[1]</con:xpath>
                  <con:element>routes</con:element>
                  <con:type xsi:nil="true"/>
                  <con:operator>exists</con:operator>
                  <con:enabled>false</con:enabled>
                  <con:expectedValue xsi:nil="true"/>
                  <con:hasValue>false</con:hasValue>
                  <con:numberType>false</con:numberType>
                </con:elements>
                <con:elements>
                  <con:xpath>declare namespace ns1='http://10.4.128.8/api/ECSFin/validateSingleDebitSingleCredit';
//ns1:Response[1]/ns1:content[1]/ns1:routes[1]/@null</con:xpath>
                  <con:element>@null</con:element>
                  <con:type/>
                  <con:operator>=</con:operator>
                  <con:enabled>false</con:enabled>
                  <con:expectedValue>true</con:expectedValue>
                  <con:hasValue>false</con:hasValue>
                  <con:numberType>false</con:numberType>
                </con:elements>
                <con:elements>
                  <con:xpath>declare namespace ns1='http://10.4.128.8/api/ECSFin/validateSingleDebitSingleCredit';
//ns1:Response[1]/ns1:content[1]/ns1:exchangeRate[1]</con:xpath>
                  <con:element>exchangeRate</con:element>
                  <con:type xsi:nil="true"/>
                  <con:operator>exists</con:operator>
                  <con:enabled>false</con:enabled>
                  <con:expectedValue xsi:nil="true"/>
                  <con:hasValue>false</con:hasValue>
                  <con:numberType>false</con:numberType>
                </con:elements>
                <con:elements>
                  <con:xpath>declare namespace ns1='http://10.4.128.8/api/ECSFin/validateSingleDebitSingleCredit';
//ns1:Response[1]/ns1:content[1]/ns1:exchangeRate[1]/@null</con:xpath>
                  <con:element>@null</con:element>
                  <con:type/>
                  <con:operator>=</con:operator>
                  <con:enabled>false</con:enabled>
                  <con:expectedValue>true</con:expectedValue>
                  <con:hasValue>false</con:hasValue>
                  <con:numberType>false</con:numberType>
                </con:elements>
                <con:originalMessage><![CDATA[<Response xmlns="http://10.4.128.8/api/ECSFin/validateSingleDebitSingleCredit">
   <requestDateTime>2019-09-05T00:00:00</requestDateTime>
   <logId>e0ccbe1a-dfdd-4753-a4c7-acc6fb0665e3</logId>
   <status>
      <code>MSG-000000</code>
      <severity>Success</severity>
      <statusMessage>Success</statusMessage>
   </status>
   <content>
      <statusCode>0</statusCode>
      <statusComment>Successfully Processed</statusComment>
      <reference>1038523250453236</reference>
      <routes null="true"/>
      <exchangeRate null="true"/>
   </content>
</Response>]]></con:originalMessage>
              </con:configuration>
            </con:assertion>
            <con:credentials>
              <con:username>vendor100-erc</con:username>
              <con:password>P@ssw0rd100</con:password>
              <con:selectedAuthProfile>Basic</con:selectedAuthProfile>
              <con:preemptive>true</con:preemptive>
              <con:addedBasicAuthenticationTypes>Basic</con:addedBasicAuthenticationTypes>
              <con:authType>Preemptive</con:authType>
            </con:credentials>
            <con:jmsConfig JMSDeliveryMode="PERSISTENT"/>
            <con:parameters>
              <con:entry key="Authorization" value="Basic Og=="/>
              <con:entry key="Content-Type" value="application/json"/>
            </con:parameters>
            <con:parameterOrder>
              <con:entry>Content-Type</con:entry>
              <con:entry>Authorization</con:entry>
            </con:parameterOrder>
          </con:restRequest>
        </con:config>
      </con:testStep>
      <con:testStep type="restrequest" name="single Debit Single Credit Intra" id="a575bb7b-201c-4c92-b779-861d43a3a394">
        <con:settings/>
        <con:config service="http://${#Project#url}" resourcePath="/api/ECSFin/singleDebitSingleCredit" methodName="SingleDebitSingleCredit 2" xsi:type="con:RestRequestStep" xmlns:xsi="http://www.w3.org/2001/XMLSchema-instance">
          <con:restRequest name="single Debit Single Credit Intra" id="7adc01a9-ab18-41b7-99e3-5f5aa61d63de" mediaType="application/json" postQueryString="false">
            <con:settings>
              <con:setting id="com.eviware.soapui.impl.wsdl.WsdlRequest@request-headers">&lt;xml-fragment/></con:setting>
            </con:settings>
            <con:endpoint>${#Project#pURL}</con:endpoint>
            <con:request>{\r
   "SignOnRq" : {\r
      "LogId" : "${=java.util.UUID.randomUUID()}",\r
      "DateTime" : "${#[Payments-DiffCIF INTRA#Remitter-CreateCorporateCIF#Groovy Script]#result}",\r
      "ChannelId" : "${#TestCase#chanel}",\r //10
      "OurBranchId" : "03"\r
   },\r
   "RootObject" : {\r
      "dataHeader" : {\r
         "uniqueId" : "${=java.util.UUID.randomUUID()}",\r
         "timestamp" : "${#[Payments-DiffCIF INTRA#Remitter-CreateCorporateCIF#Groovy Script]#result}"\r
      },\r
      "data" : {\r
         "channelInfo" : "1",\r
         "valueDate" : "${#[Payments-DiffCIF INTRA#Remitter-CreateCorporateCIF#TommorrowDate]#result}",\r
         "segmentType" : "CORP",\r
         "paymentChannel" : "INTRA",\r
         "reference" : "${#[Payments-DiffCIF INTRA#Remitter-CreateCorporateCIF#GS_OriginID Random]#result}",\r
         "remarks" : "API_HC_${=org.apache.commons.lang.RandomStringUtils.randomNumeric(5)}",\r
         "orderCust" : {\r
            "amt" : "${Fix Amt Script#result}",\r
            "cur" : "AED",\r
            "cifNumber" : "${#[Payments-DiffCIF INTRA#Remitter-CreateCorporateCIF#CreateCorporateCIF]#Response#$['content']['clientID']}",\r
            "accNo" : "${#[Payments-DiffCIF INTRA#Remitter-CreateCorporateCIF#CreateCorporateAccount]#Response#$['content']['accountID']}"\r
         },\r
         "benef" : {\r
            "txnRef" : "${#[Payments-DiffCIF INTRA#Remitter-CreateCorporateCIF#GS_OriginID Random]#result}",\r
            "cifNumber" : "${#[Payments-DiffCIF INTRA#Beneficiary-CreateCorporateCIF#CreateCorporateCIF]#Response#$['content']['clientID']}",\r
            "exchangeRate" : "1",\r
            "settlementCurrency" : "AED",\r
            "settledAmount" : "${Fix Amt Script#result}",\r
            "mode" : "INTRA",\r
            "cur" : "AED",\r
            "accNo" : "${#[Payments-DiffCIF INTRA#Beneficiary-CreateCorporateCIF#CreateCorporateAccount]#Response#$['content']['accountID']}",\r
            "remarks" : "API_HC_${=org.apache.commons.lang.RandomStringUtils.randomNumeric(5)}"\r
         }\r
      }\r
   }\r
}</con:request>
            <con:originalUri>http://10.4.128.8/api/ECSFin/singleDebitSingleCredit</con:originalUri>
            <con:assertion type="Simple Contains" id="dfbfc335-c6b5-4936-8920-f994f97aa5d8" name="Contains">
              <con:configuration>
                <token>success</token>
                <ignoreCase>true</ignoreCase>
                <useRegEx>false</useRegEx>
              </con:configuration>
            </con:assertion>
            <con:assertion type="MessageContentAssertion" id="f815c67e-f6c8-4231-ab2a-8a49f0dee84d" name="Message Content Assertion">
              <con:configuration xsi:type="con:MessageContentAssertion">
                <con:elements>
                  <con:xpath>declare namespace ns1='http://10.4.128.8/api/ECSFin/singleDebitSingleCredit';
//ns1:Response[1]/ns1:requestDateTime[1]</con:xpath>
                  <con:element>requestDateTime</con:element>
                  <con:type xsi:nil="true"/>
                  <con:operator>=</con:operator>
                  <con:enabled>false</con:enabled>
                  <con:expectedValue>2019-09-05T00:00:00</con:expectedValue>
                  <con:hasValue>false</con:hasValue>
                  <con:numberType>false</con:numberType>
                </con:elements>
                <con:elements>
                  <con:xpath>declare namespace ns1='http://10.4.128.8/api/ECSFin/singleDebitSingleCredit';
//ns1:Response[1]/ns1:logId[1]</con:xpath>
                  <con:element>logId</con:element>
                  <con:type xsi:nil="true"/>
                  <con:operator>=</con:operator>
                  <con:enabled>false</con:enabled>
                  <con:expectedValue>e0ccbe1a-dfdd-4753-a4c7-acc6fb0665e3</con:expectedValue>
                  <con:hasValue>false</con:hasValue>
                  <con:numberType>false</con:numberType>
                </con:elements>
                <con:elements>
                  <con:xpath>declare namespace ns1='http://10.4.128.8/api/ECSFin/singleDebitSingleCredit';
//ns1:Response[1]/ns1:status[1]/ns1:code[1]</con:xpath>
                  <con:element>code</con:element>
                  <con:type xsi:nil="true"/>
                  <con:operator>=</con:operator>
                  <con:enabled>true</con:enabled>
                  <con:expectedValue>MSG-000000</con:expectedValue>
                  <con:hasValue>false</con:hasValue>
                  <con:numberType>false</con:numberType>
                </con:elements>
                <con:elements>
                  <con:xpath>declare namespace ns1='http://10.4.128.8/api/ECSFin/singleDebitSingleCredit';
//ns1:Response[1]/ns1:status[1]/ns1:severity[1]</con:xpath>
                  <con:element>severity</con:element>
                  <con:type xsi:nil="true"/>
                  <con:operator>=</con:operator>
                  <con:enabled>true</con:enabled>
                  <con:expectedValue>Success</con:expectedValue>
                  <con:hasValue>false</con:hasValue>
                  <con:numberType>false</con:numberType>
                </con:elements>
                <con:elements>
                  <con:xpath>declare namespace ns1='http://10.4.128.8/api/ECSFin/singleDebitSingleCredit';
//ns1:Response[1]/ns1:status[1]/ns1:statusMessage[1]</con:xpath>
                  <con:element>statusMessage</con:element>
                  <con:type xsi:nil="true"/>
                  <con:operator>=</con:operator>
                  <con:enabled>true</con:enabled>
                  <con:expectedValue>Success</con:expectedValue>
                  <con:hasValue>false</con:hasValue>
                  <con:numberType>false</con:numberType>
                </con:elements>
                <con:elements>
                  <con:xpath>declare namespace ns1='http://10.4.128.8/api/ECSFin/singleDebitSingleCredit';
//ns1:Response[1]/ns1:content[1]/ns1:statusCode[1]</con:xpath>
                  <con:element>statusCode</con:element>
                  <con:type xsi:nil="true"/>
                  <con:operator>=</con:operator>
                  <con:enabled>false</con:enabled>
                  <con:expectedValue>0</con:expectedValue>
                  <con:hasValue>false</con:hasValue>
                  <con:numberType>false</con:numberType>
                </con:elements>
                <con:elements>
                  <con:xpath>declare namespace ns1='http://10.4.128.8/api/ECSFin/singleDebitSingleCredit';
//ns1:Response[1]/ns1:content[1]/ns1:statusComment[1]</con:xpath>
                  <con:element>statusComment</con:element>
                  <con:type xsi:nil="true"/>
                  <con:operator>=</con:operator>
                  <con:enabled>false</con:enabled>
                  <con:expectedValue>Payment Under Processing</con:expectedValue>
                  <con:hasValue>false</con:hasValue>
                  <con:numberType>false</con:numberType>
                </con:elements>
                <con:elements>
                  <con:xpath>declare namespace ns1='http://10.4.128.8/api/ECSFin/singleDebitSingleCredit';
//ns1:Response[1]/ns1:content[1]/ns1:reference[1]</con:xpath>
                  <con:element>reference</con:element>
                  <con:type xsi:nil="true"/>
                  <con:operator>=</con:operator>
                  <con:enabled>false</con:enabled>
                  <con:expectedValue>1038523250453236</con:expectedValue>
                  <con:hasValue>false</con:hasValue>
                  <con:numberType>false</con:numberType>
                </con:elements>
                <con:elements>
                  <con:xpath>declare namespace ns1='http://10.4.128.8/api/ECSFin/singleDebitSingleCredit';
//ns1:Response[1]/ns1:content[1]/ns1:routes[1]</con:xpath>
                  <con:element>routes</con:element>
                  <con:type xsi:nil="true"/>
                  <con:operator>exists</con:operator>
                  <con:enabled>false</con:enabled>
                  <con:expectedValue xsi:nil="true"/>
                  <con:hasValue>false</con:hasValue>
                  <con:numberType>false</con:numberType>
                </con:elements>
                <con:elements>
                  <con:xpath>declare namespace ns1='http://10.4.128.8/api/ECSFin/singleDebitSingleCredit';
//ns1:Response[1]/ns1:content[1]/ns1:routes[1]/@null</con:xpath>
                  <con:element>@null</con:element>
                  <con:type/>
                  <con:operator>=</con:operator>
                  <con:enabled>false</con:enabled>
                  <con:expectedValue>true</con:expectedValue>
                  <con:hasValue>false</con:hasValue>
                  <con:numberType>false</con:numberType>
                </con:elements>
                <con:elements>
                  <con:xpath>declare namespace ns1='http://10.4.128.8/api/ECSFin/singleDebitSingleCredit';
//ns1:Response[1]/ns1:content[1]/ns1:exchangeRate[1]</con:xpath>
                  <con:element>exchangeRate</con:element>
                  <con:type xsi:nil="true"/>
                  <con:operator>exists</con:operator>
                  <con:enabled>false</con:enabled>
                  <con:expectedValue xsi:nil="true"/>
                  <con:hasValue>false</con:hasValue>
                  <con:numberType>false</con:numberType>
                </con:elements>
                <con:elements>
                  <con:xpath>declare namespace ns1='http://10.4.128.8/api/ECSFin/singleDebitSingleCredit';
//ns1:Response[1]/ns1:content[1]/ns1:exchangeRate[1]/@null</con:xpath>
                  <con:element>@null</con:element>
                  <con:type/>
                  <con:operator>=</con:operator>
                  <con:enabled>false</con:enabled>
                  <con:expectedValue>true</con:expectedValue>
                  <con:hasValue>false</con:hasValue>
                  <con:numberType>false</con:numberType>
                </con:elements>
                <con:originalMessage><![CDATA[<Response xmlns="http://10.4.128.8/api/ECSFin/singleDebitSingleCredit">
   <requestDateTime>2019-09-05T00:00:00</requestDateTime>
   <logId>e0ccbe1a-dfdd-4753-a4c7-acc6fb0665e3</logId>
   <status>
      <code>MSG-000000</code>
      <severity>Success</severity>
      <statusMessage>Success</statusMessage>
   </status>
   <content>
      <statusCode>0</statusCode>
      <statusComment>Payment Under Processing</statusComment>
      <reference>1038523250453236</reference>
      <routes null="true"/>
      <exchangeRate null="true"/>
   </content>
</Response>]]></con:originalMessage>
              </con:configuration>
            </con:assertion>
            <con:credentials>
              <con:username>vendor100-erc</con:username>
              <con:password>P@ssw0rd100</con:password>
              <con:selectedAuthProfile>Basic</con:selectedAuthProfile>
              <con:preemptive>true</con:preemptive>
              <con:addedBasicAuthenticationTypes>Basic</con:addedBasicAuthenticationTypes>
              <con:authType>Preemptive</con:authType>
            </con:credentials>
            <con:jmsConfig JMSDeliveryMode="PERSISTENT"/>
            <con:parameters>
              <con:entry key="Content-Type" value="application/json"/>
            </con:parameters>
            <con:parameterOrder>
              <con:entry>Content-Type</con:entry>
              <con:entry>Authorization</con:entry>
            </con:parameterOrder>
          </con:restRequest>
        </con:config>
      </con:testStep>
      <con:testStep type="restrequest" name="Remitters-Balance Inquiry-AfterTransfer" id="5940c7f1-d1ba-4451-a570-db8f6802c362">
        <con:settings/>
        <con:config service="http://${#Project#url}" resourcePath="/api/BankSmart/BalanceInquiry" methodName="BalanceInquiry" xsi:type="con:RestRequestStep" xmlns:xsi="http://www.w3.org/2001/XMLSchema-instance">
          <con:restRequest name="Remitters-Balance Inquiry-AfterTransfer" id="31706188-18bd-4631-9724-4171df9e80bf" mediaType="application/json" postQueryString="false">
            <con:settings>
              <con:setting id="com.eviware.soapui.impl.wsdl.WsdlRequest@request-headers">&lt;xml-fragment/></con:setting>
            </con:settings>
            <con:endpoint>${#Project#pURL}</con:endpoint>
            <con:request>{
    "SignOnRq": {
        "LogId": "${=java.util.UUID.randomUUID()}",
        "DateTime": "${#[Payments-DiffCIF INTRA#Remitter-CreateCorporateCIF#Groovy Script]#result}",
        "ChannelId": "${#TestCase#chanel}", //10
        "OurBranchId": "03"
    },
    "AccountId": "${#[Payments-DiffCIF INTRA#Remitter-CreateCorporateCIF#CreateCorporateAccount]#Response#$['content']['accountID']}"
}</con:request>
            <con:originalUri>http://10.4.128.8/api/BankSmart/BalanceInquiry</con:originalUri>
            <con:assertion type="Simple Contains" id="7dad471b-3b19-4991-bb4e-827dc79111b9" name="Contains">
              <con:configuration>
                <token>Success</token>
                <ignoreCase>true</ignoreCase>
                <useRegEx>false</useRegEx>
              </con:configuration>
            </con:assertion>
            <con:assertion type="MessageContentAssertion" id="ef7a1b4e-4325-4b03-af0a-dbacb5720e57" name="Message Content Assertion">
              <con:configuration xsi:type="con:MessageContentAssertion">
                <con:elements>
                  <con:xpath>declare namespace ns1='http://10.4.128.8/api/BankSmart/BalanceInquiry';
//ns1:Response[1]/ns1:requestDateTime[1]</con:xpath>
                  <con:element>requestDateTime</con:element>
                  <con:type xsi:nil="true"/>
                  <con:operator>=</con:operator>
                  <con:enabled>false</con:enabled>
                  <con:expectedValue>0001-01-01T00:00:00</con:expectedValue>
                  <con:hasValue>false</con:hasValue>
                  <con:numberType>false</con:numberType>
                </con:elements>
                <con:elements>
                  <con:xpath>declare namespace ns1='http://10.4.128.8/api/BankSmart/BalanceInquiry';
//ns1:Response[1]/ns1:logId[1]</con:xpath>
                  <con:element>logId</con:element>
                  <con:type xsi:nil="true"/>
                  <con:operator>=</con:operator>
                  <con:enabled>false</con:enabled>
                  <con:expectedValue>3365cc3d-5c29-487a-a8fa-be6e413ee571</con:expectedValue>
                  <con:hasValue>false</con:hasValue>
                  <con:numberType>false</con:numberType>
                </con:elements>
                <con:elements>
                  <con:xpath>declare namespace ns1='http://10.4.128.8/api/BankSmart/BalanceInquiry';
//ns1:Response[1]/ns1:status[1]/ns1:code[1]</con:xpath>
                  <con:element>code</con:element>
                  <con:type xsi:nil="true"/>
                  <con:operator>=</con:operator>
                  <con:enabled>true</con:enabled>
                  <con:expectedValue>MSG-000000</con:expectedValue>
                  <con:hasValue>false</con:hasValue>
                  <con:numberType>false</con:numberType>
                </con:elements>
                <con:elements>
                  <con:xpath>declare namespace ns1='http://10.4.128.8/api/BankSmart/BalanceInquiry';
//ns1:Response[1]/ns1:status[1]/ns1:severity[1]</con:xpath>
                  <con:element>severity</con:element>
                  <con:type xsi:nil="true"/>
                  <con:operator>=</con:operator>
                  <con:enabled>true</con:enabled>
                  <con:expectedValue>Success</con:expectedValue>
                  <con:hasValue>false</con:hasValue>
                  <con:numberType>false</con:numberType>
                </con:elements>
                <con:elements>
                  <con:xpath>declare namespace ns1='http://10.4.128.8/api/BankSmart/BalanceInquiry';
//ns1:Response[1]/ns1:status[1]/ns1:statusMessage[1]</con:xpath>
                  <con:element>statusMessage</con:element>
                  <con:type xsi:nil="true"/>
                  <con:operator>=</con:operator>
                  <con:enabled>true</con:enabled>
                  <con:expectedValue>Success</con:expectedValue>
                  <con:hasValue>false</con:hasValue>
                  <con:numberType>false</con:numberType>
                </con:elements>
                <con:elements>
                  <con:xpath>declare namespace ns1='http://10.4.128.8/api/BankSmart/BalanceInquiry';
//ns1:Response[1]/ns1:content[1]/ns1:totalBalance[1]</con:xpath>
                  <con:element>totalBalance</con:element>
                  <con:type xsi:nil="true"/>
                  <con:operator>></con:operator>
                  <con:enabled>false</con:enabled>
                  <con:expectedValue>9999999</con:expectedValue>
                  <con:hasValue>false</con:hasValue>
                  <con:numberType>true</con:numberType>
                </con:elements>
                <con:elements>
                  <con:xpath>declare namespace ns1='http://10.4.128.8/api/BankSmart/BalanceInquiry';
//ns1:Response[1]/ns1:content[1]/ns1:availableBalance[1]</con:xpath>
                  <con:element>availableBalance</con:element>
                  <con:type xsi:nil="true"/>
                  <con:operator>></con:operator>
                  <con:enabled>false</con:enabled>
                  <con:expectedValue>9999999</con:expectedValue>
                  <con:hasValue>false</con:hasValue>
                  <con:numberType>true</con:numberType>
                </con:elements>
                <con:elements>
                  <con:xpath>declare namespace ns1='http://10.4.128.8/api/BankSmart/BalanceInquiry';
//ns1:Response[1]/ns1:content[1]/ns1:accountId[1]</con:xpath>
                  <con:element>accountId</con:element>
                  <con:type xsi:nil="true"/>
                  <con:operator>=</con:operator>
                  <con:enabled>false</con:enabled>
                  <con:expectedValue>0150100001441601</con:expectedValue>
                  <con:hasValue>false</con:hasValue>
                  <con:numberType>false</con:numberType>
                </con:elements>
                <con:elements>
                  <con:xpath>declare namespace ns1='http://10.4.128.8/api/BankSmart/BalanceInquiry';
//ns1:Response[1]/ns1:content[1]/ns1:productID[1]</con:xpath>
                  <con:element>productID</con:element>
                  <con:type xsi:nil="true"/>
                  <con:operator>=</con:operator>
                  <con:enabled>false</con:enabled>
                  <con:expectedValue>CCAAED</con:expectedValue>
                  <con:hasValue>false</con:hasValue>
                  <con:numberType>false</con:numberType>
                </con:elements>
                <con:elements>
                  <con:xpath>declare namespace ns1='http://10.4.128.8/api/BankSmart/BalanceInquiry';
//ns1:Response[1]/ns1:content[1]/ns1:name[1]</con:xpath>
                  <con:element>name</con:element>
                  <con:type xsi:nil="true"/>
                  <con:operator>=</con:operator>
                  <con:enabled>false</con:enabled>
                  <con:expectedValue>Amar</con:expectedValue>
                  <con:hasValue>false</con:hasValue>
                  <con:numberType>false</con:numberType>
                </con:elements>
                <con:elements>
                  <con:xpath>declare namespace ns1='http://10.4.128.8/api/BankSmart/BalanceInquiry';
//ns1:Response[1]/ns1:content[1]/ns1:currencyID[1]</con:xpath>
                  <con:element>currencyID</con:element>
                  <con:type xsi:nil="true"/>
                  <con:operator>=</con:operator>
                  <con:enabled>false</con:enabled>
                  <con:expectedValue>AED</con:expectedValue>
                  <con:hasValue>false</con:hasValue>
                  <con:numberType>false</con:numberType>
                </con:elements>
                <con:elements>
                  <con:xpath>declare namespace ns1='http://10.4.128.8/api/BankSmart/BalanceInquiry';
//ns1:Response[1]/ns1:content[1]/ns1:status[1]</con:xpath>
                  <con:element>status</con:element>
                  <con:type xsi:nil="true"/>
                  <con:operator>=</con:operator>
                  <con:enabled>true</con:enabled>
                  <con:expectedValue>Active</con:expectedValue>
                  <con:hasValue>false</con:hasValue>
                  <con:numberType>false</con:numberType>
                </con:elements>
                <con:elements>
                  <con:xpath>declare namespace ns1='http://10.4.128.8/api/BankSmart/BalanceInquiry';
//ns1:Response[1]/ns1:content[1]/ns1:clientID[1]</con:xpath>
                  <con:element>clientID</con:element>
                  <con:type xsi:nil="true"/>
                  <con:operator>=</con:operator>
                  <con:enabled>false</con:enabled>
                  <con:expectedValue>000014416</con:expectedValue>
                  <con:hasValue>false</con:hasValue>
                  <con:numberType>false</con:numberType>
                </con:elements>
                <con:elements>
                  <con:xpath>declare namespace ns1='http://10.4.128.8/api/BankSmart/BalanceInquiry';
//ns1:Response[1]/ns1:content[1]/ns1:iban[1]</con:xpath>
                  <con:element>iban</con:element>
                  <con:type xsi:nil="true"/>
                  <con:operator>=</con:operator>
                  <con:enabled>false</con:enabled>
                  <con:expectedValue>AE050900150100001441601</con:expectedValue>
                  <con:hasValue>false</con:hasValue>
                  <con:numberType>false</con:numberType>
                </con:elements>
                <con:elements>
                  <con:xpath>declare namespace ns1='http://10.4.128.8/api/BankSmart/BalanceInquiry';
//ns1:Response[1]/ns1:content[1]/ns1:openDate[1]</con:xpath>
                  <con:element>openDate</con:element>
                  <con:type xsi:nil="true"/>
                  <con:operator>=</con:operator>
                  <con:enabled>false</con:enabled>
                  <con:expectedValue>9/5/2019 10:29:00 AM</con:expectedValue>
                  <con:hasValue>false</con:hasValue>
                  <con:numberType>false</con:numberType>
                </con:elements>
                <con:elements>
                  <con:xpath>declare namespace ns1='http://10.4.128.8/api/BankSmart/BalanceInquiry';
//ns1:Response[1]/ns1:content[1]/ns1:productType[1]</con:xpath>
                  <con:element>productType</con:element>
                  <con:type xsi:nil="true"/>
                  <con:operator>=</con:operator>
                  <con:enabled>false</con:enabled>
                  <con:expectedValue>AE</con:expectedValue>
                  <con:hasValue>false</con:hasValue>
                  <con:numberType>false</con:numberType>
                </con:elements>
                <con:elements>
                  <con:xpath>declare namespace ns1='http://10.4.128.8/api/BankSmart/BalanceInquiry';
//ns1:Response[1]/ns1:content[1]/ns1:productDESC[1]</con:xpath>
                  <con:element>productDESC</con:element>
                  <con:type xsi:nil="true"/>
                  <con:operator>=</con:operator>
                  <con:enabled>false</con:enabled>
                  <con:expectedValue>Corporate Current Account</con:expectedValue>
                  <con:hasValue>false</con:hasValue>
                  <con:numberType>false</con:numberType>
                </con:elements>
                <con:originalMessage><![CDATA[<Response xmlns="http://10.4.128.8/api/BankSmart/BalanceInquiry">
   <requestDateTime>0001-01-01T00:00:00</requestDateTime>
   <logId>3365cc3d-5c29-487a-a8fa-be6e413ee571</logId>
   <status>
      <code>MSG-000000</code>
      <severity>Success</severity>
      <statusMessage>Success</statusMessage>
   </status>
   <content>
      <totalBalance>50000.0</totalBalance>
      <availableBalance>40000.0</availableBalance>
      <accountId>0150100001441601</accountId>
      <productID>CCAAED</productID>
      <name>Amar</name>
      <currencyID>AED</currencyID>
      <status>Active</status>
      <clientID>000014416</clientID>
      <iban>AE050900150100001441601</iban>
      <openDate>9/5/2019 10:29:00 AM</openDate>
      <productType>AE</productType>
      <productDESC>Corporate Current Account</productDESC>
   </content>
</Response>]]></con:originalMessage>
              </con:configuration>
            </con:assertion>
            <con:credentials>
              <con:username>vendor100-erc</con:username>
              <con:password>P@ssw0rd100</con:password>
              <con:selectedAuthProfile>Basic</con:selectedAuthProfile>
              <con:preemptive>true</con:preemptive>
              <con:addedBasicAuthenticationTypes>Basic</con:addedBasicAuthenticationTypes>
              <con:authType>Preemptive</con:authType>
            </con:credentials>
            <con:jmsConfig JMSDeliveryMode="PERSISTENT"/>
            <con:parameters>
              <con:entry key="Authorization" value="Basic dmVuZG9yOS1lcmM6UEBzc3cwcmQ5"/>
              <con:entry key="Content-Type" value="application/json"/>
            </con:parameters>
            <con:parameterOrder>
              <con:entry>Content-Type</con:entry>
              <con:entry>Authorization</con:entry>
            </con:parameterOrder>
          </con:restRequest>
        </con:config>
      </con:testStep>
      <con:testStep type="delay" name="Delay" id="69ab5806-b753-4ca1-bf1c-93eb74a6d26e">
        <con:settings/>
        <con:config>
          <delay>1000</delay>
        </con:config>
      </con:testStep>
      <con:testStep type="restrequest" name="Beneficiary-Balance Inquiry-AfterTransfer" id="d5cd7575-b3d2-4aef-a214-47cc756dfe55">
        <con:settings/>
        <con:config service="http://${#Project#url}" resourcePath="/api/BankSmart/BalanceInquiry" methodName="BalanceInquiry" xsi:type="con:RestRequestStep" xmlns:xsi="http://www.w3.org/2001/XMLSchema-instance">
          <con:restRequest name="Beneficiary-Balance Inquiry-AfterTransfer" id="31706188-18bd-4631-9724-4171df9e80bf" mediaType="application/json" postQueryString="false">
            <con:settings>
              <con:setting id="com.eviware.soapui.impl.wsdl.WsdlRequest@request-headers">&lt;xml-fragment/></con:setting>
            </con:settings>
            <con:endpoint>${#Project#pURL}</con:endpoint>
            <con:request>{
    "SignOnRq": {
        "LogId": "${=java.util.UUID.randomUUID()}",
        "DateTime": "${#[Payments-DiffCIF INTRA#Remitter-CreateCorporateCIF#Groovy Script]#result}",
        "ChannelId": "${#TestCase#chanel}", //10
        "OurBranchId": "03"
    },
    "AccountId": "${#[Payments-DiffCIF INTRA#Beneficiary-CreateCorporateCIF#CreateCorporateAccount]#Response#$['content']['accountID']}"
}</con:request>
            <con:originalUri>http://10.4.128.8/api/BankSmart/BalanceInquiry</con:originalUri>
            <con:assertion type="Simple Contains" id="7dad471b-3b19-4991-bb4e-827dc79111b9" name="Contains">
              <con:configuration>
                <token>Success</token>
                <ignoreCase>true</ignoreCase>
                <useRegEx>false</useRegEx>
              </con:configuration>
            </con:assertion>
            <con:assertion type="MessageContentAssertion" id="ef7a1b4e-4325-4b03-af0a-dbacb5720e57" name="Message Content Assertion">
              <con:configuration xsi:type="con:MessageContentAssertion">
                <con:elements>
                  <con:xpath>declare namespace ns1='http://10.4.128.8/api/BankSmart/BalanceInquiry';
//ns1:Response[1]/ns1:requestDateTime[1]</con:xpath>
                  <con:element>requestDateTime</con:element>
                  <con:type xsi:nil="true"/>
                  <con:operator>=</con:operator>
                  <con:enabled>false</con:enabled>
                  <con:expectedValue>0001-01-01T00:00:00</con:expectedValue>
                  <con:hasValue>false</con:hasValue>
                  <con:numberType>false</con:numberType>
                </con:elements>
                <con:elements>
                  <con:xpath>declare namespace ns1='http://10.4.128.8/api/BankSmart/BalanceInquiry';
//ns1:Response[1]/ns1:logId[1]</con:xpath>
                  <con:element>logId</con:element>
                  <con:type xsi:nil="true"/>
                  <con:operator>=</con:operator>
                  <con:enabled>false</con:enabled>
                  <con:expectedValue>3365cc3d-5c29-487a-a8fa-be6e413ee571</con:expectedValue>
                  <con:hasValue>false</con:hasValue>
                  <con:numberType>false</con:numberType>
                </con:elements>
                <con:elements>
                  <con:xpath>declare namespace ns1='http://10.4.128.8/api/BankSmart/BalanceInquiry';
//ns1:Response[1]/ns1:status[1]/ns1:code[1]</con:xpath>
                  <con:element>code</con:element>
                  <con:type xsi:nil="true"/>
                  <con:operator>=</con:operator>
                  <con:enabled>true</con:enabled>
                  <con:expectedValue>MSG-000000</con:expectedValue>
                  <con:hasValue>false</con:hasValue>
                  <con:numberType>false</con:numberType>
                </con:elements>
                <con:elements>
                  <con:xpath>declare namespace ns1='http://10.4.128.8/api/BankSmart/BalanceInquiry';
//ns1:Response[1]/ns1:status[1]/ns1:severity[1]</con:xpath>
                  <con:element>severity</con:element>
                  <con:type xsi:nil="true"/>
                  <con:operator>=</con:operator>
                  <con:enabled>true</con:enabled>
                  <con:expectedValue>Success</con:expectedValue>
                  <con:hasValue>false</con:hasValue>
                  <con:numberType>false</con:numberType>
                </con:elements>
                <con:elements>
                  <con:xpath>declare namespace ns1='http://10.4.128.8/api/BankSmart/BalanceInquiry';
//ns1:Response[1]/ns1:status[1]/ns1:statusMessage[1]</con:xpath>
                  <con:element>statusMessage</con:element>
                  <con:type xsi:nil="true"/>
                  <con:operator>=</con:operator>
                  <con:enabled>true</con:enabled>
                  <con:expectedValue>Success</con:expectedValue>
                  <con:hasValue>false</con:hasValue>
                  <con:numberType>false</con:numberType>
                </con:elements>
                <con:elements>
                  <con:xpath>declare namespace ns1='http://10.4.128.8/api/BankSmart/BalanceInquiry';
//ns1:Response[1]/ns1:content[1]/ns1:totalBalance[1]</con:xpath>
                  <con:element>totalBalance</con:element>
                  <con:type xsi:nil="true"/>
                  <con:operator>=</con:operator>
                  <con:enabled>false</con:enabled>
                  <con:expectedValue>50000.0</con:expectedValue>
                  <con:hasValue>false</con:hasValue>
                  <con:numberType>false</con:numberType>
                </con:elements>
                <con:elements>
                  <con:xpath>declare namespace ns1='http://10.4.128.8/api/BankSmart/BalanceInquiry';
//ns1:Response[1]/ns1:content[1]/ns1:availableBalance[1]</con:xpath>
                  <con:element>availableBalance</con:element>
                  <con:type xsi:nil="true"/>
                  <con:operator>=</con:operator>
                  <con:enabled>false</con:enabled>
                  <con:expectedValue>40000.0</con:expectedValue>
                  <con:hasValue>false</con:hasValue>
                  <con:numberType>false</con:numberType>
                </con:elements>
                <con:elements>
                  <con:xpath>declare namespace ns1='http://10.4.128.8/api/BankSmart/BalanceInquiry';
//ns1:Response[1]/ns1:content[1]/ns1:accountId[1]</con:xpath>
                  <con:element>accountId</con:element>
                  <con:type xsi:nil="true"/>
                  <con:operator>=</con:operator>
                  <con:enabled>false</con:enabled>
                  <con:expectedValue>0150100001441601</con:expectedValue>
                  <con:hasValue>false</con:hasValue>
                  <con:numberType>false</con:numberType>
                </con:elements>
                <con:elements>
                  <con:xpath>declare namespace ns1='http://10.4.128.8/api/BankSmart/BalanceInquiry';
//ns1:Response[1]/ns1:content[1]/ns1:productID[1]</con:xpath>
                  <con:element>productID</con:element>
                  <con:type xsi:nil="true"/>
                  <con:operator>=</con:operator>
                  <con:enabled>false</con:enabled>
                  <con:expectedValue>CCAAED</con:expectedValue>
                  <con:hasValue>false</con:hasValue>
                  <con:numberType>false</con:numberType>
                </con:elements>
                <con:elements>
                  <con:xpath>declare namespace ns1='http://10.4.128.8/api/BankSmart/BalanceInquiry';
//ns1:Response[1]/ns1:content[1]/ns1:name[1]</con:xpath>
                  <con:element>name</con:element>
                  <con:type xsi:nil="true"/>
                  <con:operator>=</con:operator>
                  <con:enabled>false</con:enabled>
                  <con:expectedValue>Amar</con:expectedValue>
                  <con:hasValue>false</con:hasValue>
                  <con:numberType>false</con:numberType>
                </con:elements>
                <con:elements>
                  <con:xpath>declare namespace ns1='http://10.4.128.8/api/BankSmart/BalanceInquiry';
//ns1:Response[1]/ns1:content[1]/ns1:currencyID[1]</con:xpath>
                  <con:element>currencyID</con:element>
                  <con:type xsi:nil="true"/>
                  <con:operator>=</con:operator>
                  <con:enabled>false</con:enabled>
                  <con:expectedValue>AED</con:expectedValue>
                  <con:hasValue>false</con:hasValue>
                  <con:numberType>false</con:numberType>
                </con:elements>
                <con:elements>
                  <con:xpath>declare namespace ns1='http://10.4.128.8/api/BankSmart/BalanceInquiry';
//ns1:Response[1]/ns1:content[1]/ns1:status[1]</con:xpath>
                  <con:element>status</con:element>
                  <con:type xsi:nil="true"/>
                  <con:operator>=</con:operator>
                  <con:enabled>true</con:enabled>
                  <con:expectedValue>Active</con:expectedValue>
                  <con:hasValue>false</con:hasValue>
                  <con:numberType>false</con:numberType>
                </con:elements>
                <con:elements>
                  <con:xpath>declare namespace ns1='http://10.4.128.8/api/BankSmart/BalanceInquiry';
//ns1:Response[1]/ns1:content[1]/ns1:clientID[1]</con:xpath>
                  <con:element>clientID</con:element>
                  <con:type xsi:nil="true"/>
                  <con:operator>=</con:operator>
                  <con:enabled>false</con:enabled>
                  <con:expectedValue>000014416</con:expectedValue>
                  <con:hasValue>false</con:hasValue>
                  <con:numberType>false</con:numberType>
                </con:elements>
                <con:elements>
                  <con:xpath>declare namespace ns1='http://10.4.128.8/api/BankSmart/BalanceInquiry';
//ns1:Response[1]/ns1:content[1]/ns1:iban[1]</con:xpath>
                  <con:element>iban</con:element>
                  <con:type xsi:nil="true"/>
                  <con:operator>=</con:operator>
                  <con:enabled>false</con:enabled>
                  <con:expectedValue>AE050900150100001441601</con:expectedValue>
                  <con:hasValue>false</con:hasValue>
                  <con:numberType>false</con:numberType>
                </con:elements>
                <con:elements>
                  <con:xpath>declare namespace ns1='http://10.4.128.8/api/BankSmart/BalanceInquiry';
//ns1:Response[1]/ns1:content[1]/ns1:openDate[1]</con:xpath>
                  <con:element>openDate</con:element>
                  <con:type xsi:nil="true"/>
                  <con:operator>=</con:operator>
                  <con:enabled>false</con:enabled>
                  <con:expectedValue>9/5/2019 10:29:00 AM</con:expectedValue>
                  <con:hasValue>false</con:hasValue>
                  <con:numberType>false</con:numberType>
                </con:elements>
                <con:elements>
                  <con:xpath>declare namespace ns1='http://10.4.128.8/api/BankSmart/BalanceInquiry';
//ns1:Response[1]/ns1:content[1]/ns1:productType[1]</con:xpath>
                  <con:element>productType</con:element>
                  <con:type xsi:nil="true"/>
                  <con:operator>=</con:operator>
                  <con:enabled>false</con:enabled>
                  <con:expectedValue>AE</con:expectedValue>
                  <con:hasValue>false</con:hasValue>
                  <con:numberType>false</con:numberType>
                </con:elements>
                <con:elements>
                  <con:xpath>declare namespace ns1='http://10.4.128.8/api/BankSmart/BalanceInquiry';
//ns1:Response[1]/ns1:content[1]/ns1:productDESC[1]</con:xpath>
                  <con:element>productDESC</con:element>
                  <con:type xsi:nil="true"/>
                  <con:operator>=</con:operator>
                  <con:enabled>false</con:enabled>
                  <con:expectedValue>Corporate Current Account</con:expectedValue>
                  <con:hasValue>false</con:hasValue>
                  <con:numberType>false</con:numberType>
                </con:elements>
                <con:originalMessage><![CDATA[<Response xmlns="http://10.4.128.8/api/BankSmart/BalanceInquiry">
   <requestDateTime>0001-01-01T00:00:00</requestDateTime>
   <logId>3365cc3d-5c29-487a-a8fa-be6e413ee571</logId>
   <status>
      <code>MSG-000000</code>
      <severity>Success</severity>
      <statusMessage>Success</statusMessage>
   </status>
   <content>
      <totalBalance>50000.0</totalBalance>
      <availableBalance>40000.0</availableBalance>
      <accountId>0150100001441601</accountId>
      <productID>CCAAED</productID>
      <name>Amar</name>
      <currencyID>AED</currencyID>
      <status>Active</status>
      <clientID>000014416</clientID>
      <iban>AE050900150100001441601</iban>
      <openDate>9/5/2019 10:29:00 AM</openDate>
      <productType>AE</productType>
      <productDESC>Corporate Current Account</productDESC>
   </content>
</Response>]]></con:originalMessage>
              </con:configuration>
            </con:assertion>
            <con:assertion type="JsonPath Match" id="918e9538-b09b-4139-8d58-eadd63221620" name="JSONPath Match">
              <con:configuration>
                <path>$['status']['code']</path>
                <content>"MSG-000000"</content>
                <allowWildcards>false</allowWildcards>
                <ignoreNamspaceDifferences>false</ignoreNamspaceDifferences>
                <ignoreComments>false</ignoreComments>
              </con:configuration>
            </con:assertion>
            <con:assertion type="XPath Match" id="ac2b6bf9-2bea-4ab8-b344-10cfcc199196" name="XPath Match" disabled="true">
              <con:configuration>
                <path>declare namespace ns1='http://10.4.128.8/api/BankSmart/BalanceInquiry';
//ns1:Response[1]/ns1:content[1]/ns1:totalBalance[1]=${#[Payments#BalanceInquiry-Beneficiary-DiffCIF#BalanceInquiry - Balance Inquiry]#Response#$['content']['totalBalance']}+10000</path>
                <content>true</content>
                <allowWildcards>false</allowWildcards>
                <ignoreNamspaceDifferences>false</ignoreNamspaceDifferences>
                <ignoreComments>false</ignoreComments>
              </con:configuration>
            </con:assertion>
            <con:credentials>
              <con:username>vendor100-erc</con:username>
              <con:password>P@ssw0rd100</con:password>
              <con:selectedAuthProfile>Basic</con:selectedAuthProfile>
              <con:preemptive>true</con:preemptive>
              <con:addedBasicAuthenticationTypes>Basic</con:addedBasicAuthenticationTypes>
              <con:authType>Preemptive</con:authType>
            </con:credentials>
            <con:jmsConfig JMSDeliveryMode="PERSISTENT"/>
            <con:parameters><con:entry key="Authorization" value="Basic dmVuZG9yOS1lcmM6UEBzc3cwcmQ5"/><con:entry key="Content-Type" value="application/json"/></con:parameters>
            <con:parameterOrder>
              <con:entry>Content-Type</con:entry>
              <con:entry>Authorization</con:entry>
            </con:parameterOrder>
          </con:restRequest>
        </con:config>
      </con:testStep><con:testStep type="restrequest" name="UpdateRemitterCIFStatus" id="8eed79ff-ad83-41ee-b34a-d269e4a7f9b2" disabled="true"><con:settings/><con:config service="http://${#Project#url}" resourcePath="/api/BankSmart/UpdateCifStatus" methodName="Method 1" xsi:type="con:RestRequestStep" xmlns:xsi="http://www.w3.org/2001/XMLSchema-instance"><con:restRequest name="UpdateRemitterCIFStatus" id="50e0a85b-bb59-4399-b429-48e9a3e7faad" mediaType="application/json" postQueryString="false"><con:settings><con:setting id="com.eviware.soapui.impl.wsdl.WsdlRequest@request-headers">&lt;xml-fragment/></con:setting></con:settings><con:endpoint>${#Project#pURL}</con:endpoint><con:request>{
  "signOnRq": {
    "logId": "${=java.util.UUID.randomUUID()}",
    "dateTime": "2021-11-30T11:00:13.125Z",
    "channelId": "13",
    "ourBranchId": "03"
  },
  "clientId": "${#[Payments-DiffCIF INTRA#Remitter-CreateCorporateCIF#CreateCorporateCIF]#Response#$['content']['clientID']}",
  "status": "D"
}</con:request><con:originalUri>https://waqfevendor.gslb.uat.eradahcapital.com/api/BankSmart/UpdateCifStatus</con:originalUri><con:assertion type="Valid HTTP Status Codes" id="6894b934-5a6c-496a-9e36-2f721952f164" name="Valid HTTP Status Codes"><con:settings/><con:configuration><codes>200</codes></con:configuration></con:assertion><con:credentials><con:username>vendor13-erc</con:username><con:password>P@ssw0rd13</con:password><con:selectedAuthProfile>Basic</con:selectedAuthProfile><con:preemptive>true</con:preemptive><con:addedBasicAuthenticationTypes>Basic</con:addedBasicAuthenticationTypes><con:authType>Preemptive</con:authType></con:credentials><con:jmsConfig JMSDeliveryMode="PERSISTENT"/><con:parameters><con:entry key="Content-Type" value="application/json"/></con:parameters><con:parameterOrder><con:entry>Content-Type</con:entry><con:entry>Authorization</con:entry></con:parameterOrder></con:restRequest></con:config></con:testStep><con:testStep type="restrequest" name="UpdateBenefiaryCIFStatus" id="a9cc707b-b16a-4d3d-9c8a-b7103eb62e18" disabled="true"><con:settings/><con:config service="http://${#Project#url}" resourcePath="/api/BankSmart/UpdateCifStatus" methodName="Method 1" xsi:type="con:RestRequestStep" xmlns:xsi="http://www.w3.org/2001/XMLSchema-instance"><con:restRequest name="UpdateBenefiaryCIFStatus" id="50e0a85b-bb59-4399-b429-48e9a3e7faad" mediaType="application/json" postQueryString="false"><con:settings><con:setting id="com.eviware.soapui.impl.wsdl.WsdlRequest@request-headers">&lt;xml-fragment/></con:setting></con:settings><con:endpoint>${#Project#pURL}</con:endpoint><con:request>{
  "signOnRq": {
    "logId": "${=java.util.UUID.randomUUID()}",
    "dateTime": "2021-11-30T11:00:13.125Z",
    "channelId": "13",
    "ourBranchId": "03"
  },
  "clientId": "${#[Payments-DiffCIF INTRA#Beneficiary-CreateCorporateCIF#CreateCorporateCIF]#Response#$['content']['clientID']}",
  "status": "D"
}</con:request><con:originalUri>http://null/api/BankSmart/UpdateCifStatus</con:originalUri><con:assertion type="Valid HTTP Status Codes" id="a94a5689-5cba-48aa-a229-3f6f996f7054" name="Valid HTTP Status Codes"><con:settings/><con:configuration><codes>200</codes></con:configuration></con:assertion><con:credentials><con:username>vendor13-erc</con:username><con:password>P@ssw0rd13</con:password><con:selectedAuthProfile>Basic</con:selectedAuthProfile><con:preemptive>true</con:preemptive><con:addedBasicAuthenticationTypes>Basic</con:addedBasicAuthenticationTypes><con:authType>Preemptive</con:authType></con:credentials><con:jmsConfig JMSDeliveryMode="PERSISTENT"/><con:parameters><con:entry key="Authorization" value="Basic dmVuZG9yOS1lcmM6UEBzc3cwcmQ5"/><con:entry key="Content-Type" value="application/json"/></con:parameters><con:parameterOrder><con:entry>Content-Type</con:entry><con:entry>Authorization</con:entry></con:parameterOrder></con:restRequest></con:config></con:testStep><con:properties><con:property><con:name>chanel</con:name><con:value>100</con:value></con:property></con:properties>
      <con:reportParameters/>
      <con:breakPoints>
        <con:testStepId>ded40b28-d3ea-414e-9b03-7cba30cd3af7</con:testStepId>
        <con:status>NONE</con:status>
        <con:properties/>
      </con:breakPoints>
      <con:breakPoints>
        <con:testStepId>69ab5806-b753-4ca1-bf1c-93eb74a6d26e</con:testStepId>
        <con:status>NONE</con:status>
        <con:properties/>
      </con:breakPoints>
    <con:breakPoints><con:testStepId>feb41335-f5b7-4799-bb3b-ff2e4c762ba9</con:testStepId><con:status>NONE</con:status><con:properties/></con:breakPoints></con:testCase>