<?xml version="1.0" encoding="UTF-8"?>
<con:testCase id="ed47717e-de96-420d-b3f5-f6dc0c1c4647" discardOkResults="false" failOnError="true" failTestCaseOnErrors="true" keepSession="false" name="Deactivate Account/CIF" searchProperties="true" timeout="0" maxResults="0" xmlns:con="http://eviware.com/soapui/config"><con:settings><con:setting id="ed47717e-de96-420d-b3f5-f6dc0c1c4647fileName">Deactivate-Account%2FCIF</con:setting></con:settings><con:savedRecentRuns>1</con:savedRecentRuns><con:testStep type="restrequest" name="CloseRemitterAccount" id="f91650e4-8d34-4dae-8b93-276ec9d2b3b7"><con:settings/><con:config service="http://${#Project#url}" methodName="Method 1" resourcePath="/api/BankSmart/CloseAccount" xsi:type="con:RestRequestStep" xmlns:xsi="http://www.w3.org/2001/XMLSchema-instance"><con:restRequest name="CloseRemitterAccount" id="5b199055-f85a-4ab1-8322-462836104fc8" mediaType="application/json" postQueryString="false"><con:settings><con:setting id="com.eviware.soapui.impl.wsdl.WsdlRequest@request-headers">&lt;xml-fragment/></con:setting></con:settings><con:encoding>UTF-8</con:encoding><con:endpoint>${#Project#pURL}</con:endpoint><con:request>{
  "signOnRq": {
    "logId": "${=java.util.UUID.randomUUID()}",
    "dateTime": "${#[Payments-DiffCIF INTRA#Remitter-CreateCorporateCIF#Groovy Script]#result}",
    "channelId": "${#[Payments-DiffCIF INTRA#Amount_Transfer]#chanel}", //10
    "ourBranchId": "03"
  },
  "accountId": "${#[Payments-DiffCIF INTRA#Remitter-CreateCorporateCIF#CreateCorporateAccount]#Response#$['content']['accountID']}",
  "clientId": "${#[Payments-DiffCIF INTRA#Remitter-CreateCorporateCIF#CreateCorporateCIF]#Response#$['content']['clientID']}"
}</con:request><con:originalUri>http://null/api/BankSmart/CloseAccount</con:originalUri><con:assertion type="Simple Contains" id="83543eca-301e-42cd-a0b4-90975ac8ae19" name="Contains"><con:configuration><token>Success</token><ignoreCase>false</ignoreCase><useRegEx>false</useRegEx></con:configuration></con:assertion><con:credentials><con:username>vendor100-erc</con:username><con:password>P@ssw0rd100</con:password><con:selectedAuthProfile>Basic</con:selectedAuthProfile><con:preemptive>true</con:preemptive><con:addedBasicAuthenticationTypes>Basic</con:addedBasicAuthenticationTypes><con:authType>Preemptive</con:authType></con:credentials><con:jmsConfig JMSDeliveryMode="PERSISTENT"/><con:parameters><con:entry key="Authorization" value="Basic dmVuZG9yOS1lcmM6UEBzc3cwcmQ5"/><con:entry key="Content-Type" value="application/json"/></con:parameters></con:restRequest></con:config></con:testStep><con:testStep type="restrequest" name="CloseBeneficiaryAccount" id="d77ff2fb-345c-4410-bd10-32371bb92155"><con:settings/><con:config service="http://${#Project#url}" resourcePath="/api/BankSmart/CloseAccount" methodName="Method 1" xsi:type="con:RestRequestStep" xmlns:xsi="http://www.w3.org/2001/XMLSchema-instance"><con:restRequest name="CloseBeneficiaryAccount" id="be17e754-37af-470c-a744-9ade0a543d11" mediaType="application/json" postQueryString="false"><con:settings><con:setting id="com.eviware.soapui.impl.wsdl.WsdlRequest@request-headers">&lt;xml-fragment/></con:setting></con:settings><con:endpoint>${#Project#pURL}</con:endpoint><con:request>{
  "signOnRq": {
    "logId": "${=java.util.UUID.randomUUID()}",
    "dateTime": "${#[Payments-DiffCIF INTRA#Remitter-CreateCorporateCIF#Groovy Script]#result}",
    "channelId": "${#[Payments-DiffCIF INTRA#Amount_Transfer]#chanel}", //10
    "ourBranchId": "03"
  },
  "accountId": "${#[Payments-DiffCIF INTRA#Beneficiary-CreateCorporateCIF#CreateCorporateAccount]#Response#$['content']['accountID']}",
  "clientId": "${#[Payments-DiffCIF INTRA#Beneficiary-CreateCorporateCIF#CreateCorporateCIF]#Response#$['content']['clientID']}"
}</con:request><con:originalUri>https://waqfevendor.gslb.uat.eradahcapital.com/api/BankSmart/CloseAccount</con:originalUri><con:assertion type="Simple Contains" id="7202e328-a38c-4239-b6af-51071a1c0f84" name="Contains"><con:configuration><token>Success</token><ignoreCase>false</ignoreCase><useRegEx>false</useRegEx></con:configuration></con:assertion><con:credentials><con:username>vendor100-erc</con:username><con:password>P@ssw0rd100</con:password><con:selectedAuthProfile>Basic</con:selectedAuthProfile><con:preemptive>true</con:preemptive><con:addedBasicAuthenticationTypes>Basic</con:addedBasicAuthenticationTypes><con:authType>Preemptive</con:authType></con:credentials><con:jmsConfig JMSDeliveryMode="PERSISTENT"/><con:parameters><con:entry key="Authorization" value="Basic dmVuZG9yOS1lcmM6UEBzc3cwcmQ5"/><con:entry key="Content-Type" value="application/json"/></con:parameters><con:parameterOrder><con:entry>Content-Type</con:entry><con:entry>Authorization</con:entry></con:parameterOrder></con:restRequest></con:config></con:testStep><con:testStep type="restrequest" name="DeactivateBeneficiaryCIF" id="ba4f155d-c110-4755-9d5d-0cb7908dcf8d"><con:settings/><con:config service="http://${#Project#url}" resourcePath="/api/BankSmart/UpdateCifStatus" methodName="Method 1" xsi:type="con:RestRequestStep" xmlns:xsi="http://www.w3.org/2001/XMLSchema-instance"><con:restRequest name="DeactivateBeneficiaryCIF" id="50e0a85b-bb59-4399-b429-48e9a3e7faad" mediaType="application/json" postQueryString="false"><con:settings><con:setting id="com.eviware.soapui.impl.wsdl.WsdlRequest@request-headers">&lt;xml-fragment/></con:setting></con:settings><con:endpoint>${#Project#pURL}</con:endpoint><con:request>{
  "signOnRq": {
    "logId": "${=java.util.UUID.randomUUID()}",
    "dateTime": "${#[Payments-DiffCIF INTRA#Remitter-CreateCorporateCIF#Groovy Script]#result}",
    "channelId": "${#[Payments-DiffCIF INTRA#Amount_Transfer]#chanel}", //13
    "ourBranchId": "03"
  },
  "clientId": "${#[Payments-DiffCIF INTRA#Beneficiary-CreateCorporateCIF#CreateCorporateCIF]#Response#$['content']['clientID']}",
  "status": "D"
}</con:request><con:originalUri>https://waqfevendor.gslb.uat.eradahcapital.com/api/BankSmart/UpdateCifStatus</con:originalUri><con:assertion type="Valid HTTP Status Codes" id="cb956c92-a082-4369-9bcc-816b28f05a1f" name="Valid HTTP Status Codes"><con:settings/><con:configuration><codes>200</codes></con:configuration></con:assertion><con:credentials><con:username>vendor100-erc</con:username><con:password>P@ssw0rd100</con:password><con:selectedAuthProfile>Basic</con:selectedAuthProfile><con:preemptive>true</con:preemptive><con:addedBasicAuthenticationTypes>Basic</con:addedBasicAuthenticationTypes><con:authType>Preemptive</con:authType></con:credentials><con:jmsConfig JMSDeliveryMode="PERSISTENT"/><con:parameters><con:entry key="Authorization" value="Basic dmVuZG9yOS1lcmM6UEBzc3cwcmQ5"/><con:entry key="Content-Type" value="application/json"/></con:parameters><con:parameterOrder><con:entry>Content-Type</con:entry><con:entry>Authorization</con:entry></con:parameterOrder></con:restRequest></con:config></con:testStep><con:testStep type="restrequest" name="DeactivateRemiterCIF" id="96827511-9cfc-4001-a5d7-879d7bd6de2d"><con:settings/><con:config service="http://${#Project#url}" methodName="Method 1" resourcePath="/api/BankSmart/UpdateCifStatus" xsi:type="con:RestRequestStep" xmlns:xsi="http://www.w3.org/2001/XMLSchema-instance"><con:restRequest name="DeactivateRemiterCIF" id="9d69a37b-4c8a-41cd-95cd-1d8bc2e5d635" mediaType="application/json" postQueryString="false"><con:settings><con:setting id="com.eviware.soapui.impl.wsdl.WsdlRequest@request-headers">&lt;xml-fragment/></con:setting></con:settings><con:encoding>UTF-8</con:encoding><con:endpoint>${#Project#pURL}</con:endpoint><con:request>{
  "signOnRq": {
    "logId": "${=java.util.UUID.randomUUID()}",
    "dateTime": "${#[Payments-DiffCIF INTRA#Remitter-CreateCorporateCIF#Groovy Script]#result}",
    "channelId": "${#[Payments-DiffCIF INTRA#Amount_Transfer]#chanel}", //13
    "ourBranchId": "03"
  },
  "clientId": "${#[Payments-DiffCIF INTRA#Remitter-CreateCorporateCIF#CreateCorporateCIF]#Response#$['content']['clientID']}",
  "status": "D"
}</con:request><con:originalUri>https://waqfevendor.gslb.uat.eradahcapital.com/api/BankSmart/UpdateCifStatus</con:originalUri><con:assertion type="Valid HTTP Status Codes" id="1fe87963-48c4-4643-afba-74df163c7b33" name="Valid HTTP Status Codes"><con:settings/><con:configuration><codes>200</codes></con:configuration></con:assertion><con:credentials><con:username>vendor100-erc</con:username><con:password>P@ssw0rd100</con:password><con:selectedAuthProfile>Basic</con:selectedAuthProfile><con:preemptive>true</con:preemptive><con:addedBasicAuthenticationTypes>Basic</con:addedBasicAuthenticationTypes><con:authType>Preemptive</con:authType></con:credentials><con:jmsConfig JMSDeliveryMode="PERSISTENT"/><con:parameters><con:entry key="Authorization" value="Basic dmVuZG9yOS1lcmM6UEBzc3cwcmQ5"/><con:entry key="Content-Type" value="application/json"/></con:parameters></con:restRequest></con:config></con:testStep><con:properties/><con:reportParameters/><con:breakPoints><con:testStepId>f91650e4-8d34-4dae-8b93-276ec9d2b3b7</con:testStepId><con:status>NONE</con:status><con:properties/></con:breakPoints><con:breakPoints><con:testStepId>d77ff2fb-345c-4410-bd10-32371bb92155</con:testStepId><con:status>NONE</con:status><con:properties/></con:breakPoints></con:testCase>