<?xml version="1.0" encoding="UTF-8"?>
<con:resource name="CollateralCancel" path="" id="ec4cf6ff-5288-4a77-beed-62fa17c26852" xmlns:xsi="http://www.w3.org/2001/XMLSchema-instance" xmlns:con="http://eviware.com/soapui/config">
  <con:settings>
    <con:setting id="ec4cf6ff-5288-4a77-beed-62fa17c26852fileName">CollateralCancel</con:setting>
  </con:settings>
  <con:parameters/>
  <con:resource name="Copy of CollateralCancel" path="/api/BankSmart/CollateralCancel" id="964736ef-45f4-441a-8759-dee9c5a90b6d">
    <con:settings/>
    <con:parameters/>
    <con:method name="CollateralCancel" id="379f92ea-30d8-47ad-8b65-8fd5c8703a83" method="POST">
      <con:settings/>
      <con:parameters>
        <con:parameter>
          <con:name>Content-Type</con:name>
          <con:value>application/json</con:value>
          <con:style>HEADER</con:style>
          <con:default/>
          <con:path xsi:nil="true"/>
          <con:description xsi:nil="true"/>
        </con:parameter>
      </con:parameters>
      <con:representation type="REQUEST">
        <con:mediaType>application/json</con:mediaType>
        <con:params/>
      </con:representation>
      <con:representation type="RESPONSE">
        <con:mediaType>application/json; charset=utf-8</con:mediaType>
        <con:status>200</con:status>
        <con:params/>
        <con:element xmlns:col="https://waqfepayment.gslb.uat.eradahcapital.com/api/BankSmart/CollateralCancel">col:Response</con:element>
      </con:representation>
      <con:representation type="FAULT">
        <con:mediaType>application/json; charset=utf-8</con:mediaType>
        <con:status>400</con:status>
        <con:params/>
        <con:element xmlns:col="https://waqfepayment.gslb.uat.eradahcapital.com/api/BankSmart/CollateralCancel">col:Fault</con:element>
      </con:representation>
      <con:representation type="FAULT">
        <con:mediaType>application/json</con:mediaType>
        <con:status>401</con:status>
        <con:params/>
        <con:element xmlns:col="https://waqfevendor.gslb.uat.eradahcapital.com/api/BankSmart/CollateralCancel">col:Fault</con:element>
      </con:representation>
      <con:request name="Collateral Cancel" id="5dd21e67-a5de-4a9d-a4b5-7ed629696291" mediaType="application/json" postQueryString="false">
        <con:settings/>
        <con:endpoint>${#Project#url}</con:endpoint>
        <con:request>{
	"SignOnRq":{
		"LogId": "f5ac7cd2-2a89-470a-9f14-252d9f67f225",
		"DateTime": "2018-06-25 18:16:23",
		"ChannelId": "2",
		"OurBranchId": "01"
	},
	"CollateralID": "3xjy8DsFwAdXMCrnAQX0f1QK"
}</con:request>
        <con:credentials>
          <con:selectedAuthProfile>No Authorization</con:selectedAuthProfile>
          <con:authType>No Authorization</con:authType>
        </con:credentials>
        <con:jmsConfig JMSDeliveryMode="PERSISTENT"/>
        <con:parameters>
          <con:entry key="Content-Type" value="application/json"/>
        </con:parameters>
        <con:parameterOrder>
          <con:entry>Content-Type</con:entry>
        </con:parameterOrder>
      </con:request>
    </con:method>
  </con:resource>
</con:resource>
