<?xml version="1.0" encoding="UTF-8"?>
<con:soapui-project id="2582d385-fe81-464c-bf2e-88054537eb56" created="2.8.0" activeEnvironment="Default environment" name="Payment_Cards_MLP-UAT" resourceRoot="" updated="3.20.1 2022-01-18T13:40:47Z" encryptionMode="Not encrypted" abortOnError="false" runType="SEQUENTIAL" soapui-version="5.6.0" xmlns:con="http://eviware.com/soapui/config">
  <con:settings>
    <con:setting id="IncludeOverview">true</con:setting>
    <con:setting id="IncludeResults">true</con:setting>
    <con:setting id="FlowLayout">true</con:setting>
    <con:setting id="ErrorDetails">true</con:setting>
    <con:setting id="IncludeCoverage">true</con:setting>
    <con:setting id="GeneratableJUnitReport@Style">Single Page (Print)</con:setting>
    <con:setting id="GeneratableJUnitReport@Folder">E:\AvantikaNew\Daily_Health_Check_Report_04_15_2020\Daily_Health_Check_Report_04_15_2020\Payments Cards</con:setting>
  </con:settings>
  <con:interface xsi:type="con:RestService" id="84ac6376-390f-458a-b902-a0cc22a78aae" wadlVersion="http://wadl.dev.java.net/2009/02" name="http://${#Project#url}" type="rest" xmlns:xsi="http://www.w3.org/2001/XMLSchema-instance">
    <con:settings/>
    <con:definitionCache type="TEXT" rootPart=""/>
    <con:endpoints>
      <con:endpoint>http://${#Project#url}</con:endpoint>
    </con:endpoints>
    <con:resource name="CashWithDrawalTrx" path="/api/Host/CashWithDrawalTrx" id="1ca2a86d-6516-41f7-b055-abd40b63f915">
      <con:settings/>
      <con:parameters/>
      <con:method name="CashWithDrawalTrx" id="b6c95d90-928d-422c-981e-7fcf92440d37" method="POST">
        <con:settings/>
        <con:parameters>
          <con:parameter>
            <con:name>Content-Type</con:name>
            <con:value>application/json</con:value>
            <con:style>HEADER</con:style>
            <con:default/>
            <con:path xsi:nil="true"/>
            <con:description xsi:nil="true"/>
          </con:parameter>
        </con:parameters>
        <con:representation type="RESPONSE">
          <con:mediaType xsi:nil="true"/>
          <con:status>0</con:status>
          <con:params/>
          <con:element>data</con:element>
        </con:representation>
        <con:representation type="REQUEST">
          <con:mediaType>application/json</con:mediaType>
          <con:params/>
        </con:representation>
        <con:representation type="FAULT">
          <con:mediaType>application/json; charset=utf-8</con:mediaType>
          <con:status>400</con:status>
          <con:params/>
          <con:element xmlns:cas="http://null/api/Host/CashWithDrawalTrx">cas:Fault</con:element>
        </con:representation>
        <con:representation type="RESPONSE">
          <con:mediaType>application/json; charset=utf-8</con:mediaType>
          <con:status>200</con:status>
          <con:params/>
          <con:element xmlns:cas="http://10.4.128.8/api/Host/CashWithDrawalTrx">cas:Response</con:element>
        </con:representation>
        <con:request name="CashWithdrawal" id="7190df22-b3fa-486b-9276-3303120f47df" mediaType="application/json" postQueryString="false">
          <con:settings>
            <con:setting id="com.eviware.soapui.impl.wsdl.WsdlRequest@request-headers">&lt;xml-fragment/></con:setting>
          </con:settings>
          <con:endpoint>http://${#Project#pURL}</con:endpoint>
          <con:request>{
	"signOnRq": {
     		"LogId": "e0ccbe1a-dfdd-4753-a4c7-acc6fb0665e3",
     		"DateTime": "03-06-2019",
     		"ChannelId": "4",
     		"OurBranchId": "01"
     	},
    "data":{
    	"OurBranchID":"01",
    	"CustomerBranchID":"01",
    	"WithdrawlBranchID":"26",
    	"ATMID":"10027763",
    	"AccountID":"0100200000003901",
    	"Amount":"487.5",
    	"USDAmount":"0",
    	"OtherCurrencyAmount":"0",
    	"USDRate":"1",
    	"Supervision":"C",
    	"RefNo":"XXXXXXFFFFFFXXXX0531145139217580",
    	"PHXDate":"2019-05-31 14:51:39",
    	"MerchantType":"6011",
    	"AckInstIDCode":"00000014397",
    	"Currency":"784",
    	"NameLocation":"ASFAR HOTEL APARTMENTS DUBAI ARE",
    	"ProcCode":"01",
    	"SettlmntAmount":"487.5",
    	"ConvRate":"0",
    	"AcqCountryCode":"784",
    	"CurrCodeTran":"784",
    	"CurrCodeSett":"784",
    	"ForwardInstID":"500000",
    	"MessageType":"0220",
    	"OrgTrxRefNo":"XXXXXXFFFFFFXXXX0531145139717580",
    	"POSEntryMode": "801",
    	"POSConditionCode": "00",
    	"POSPINCaptCode": "",
    	"RetRefNum": "919512004655",
    	"CardAccptID": "VTS ENME       ",
    	"VISATrxID": "309199322492678"
    } 	
}</con:request>
          <con:originalUri>http://10.4.128.8/api/Host/CashWithDrawalTrx</con:originalUri>
          <con:credentials>
            <con:username>vendor4-erc</con:username>
            <con:password>Cyber@qweasdzxc</con:password>
            <con:selectedAuthProfile>Basic</con:selectedAuthProfile>
            <con:addedBasicAuthenticationTypes>Basic</con:addedBasicAuthenticationTypes>
            <con:authType>Global HTTP Settings</con:authType>
          </con:credentials>
          <con:jmsConfig JMSDeliveryMode="PERSISTENT"/>
          <con:parameters>
            <con:entry key="Content-Type" value="application/json"/>
          </con:parameters>
          <con:parameterOrder>
            <con:entry>Content-Type</con:entry>
          </con:parameterOrder>
        </con:request>
      </con:method>
    </con:resource>
    <con:resource name="AccountVerification" path="/api/Host/AccountVerification" id="9a5b121f-3645-4545-8d06-3c8768d3cd07">
      <con:settings/>
      <con:parameters/>
      <con:method name="AccountVerification" id="d06dae2b-2c4d-43d5-a349-eaf8c880929e" method="POST">
        <con:settings/>
        <con:parameters>
          <con:parameter>
            <con:name>Content-Type</con:name>
            <con:value>application/json</con:value>
            <con:style>HEADER</con:style>
            <con:default/>
            <con:path xsi:nil="true"/>
            <con:description xsi:nil="true"/>
          </con:parameter>
        </con:parameters>
        <con:representation type="FAULT">
          <con:mediaType>application/json; charset=utf-8</con:mediaType>
          <con:status>400</con:status>
          <con:params/>
          <con:element xmlns:acc="http://10.4.128.8/api/Host/AccountVerification">acc:Fault</con:element>
        </con:representation>
        <con:representation type="REQUEST">
          <con:mediaType>application/json</con:mediaType>
          <con:params/>
        </con:representation>
        <con:representation type="RESPONSE">
          <con:mediaType>application/json; charset=utf-8</con:mediaType>
          <con:status>200</con:status>
          <con:params/>
          <con:element xmlns:acc="http://10.4.128.8/api/Host/AccountVerification">acc:Response</con:element>
        </con:representation>
        <con:representation type="RESPONSE">
          <con:mediaType xsi:nil="true"/>
          <con:status>0</con:status>
          <con:params/>
          <con:element>data</con:element>
        </con:representation>
        <con:request name="AccountVerification" id="c335e827-3a3d-4e0b-85cd-48f42c014718" mediaType="application/json" postQueryString="false">
          <con:settings/>
          <con:endpoint>http://${#Project#pURL}</con:endpoint>
          <con:request>{
	"signOnRq": {
     		"LogId": "e0ccbe1a-dfdd-4753-a4c7-acc6fb0665e3",
     		"DateTime": "03-06-2019",
     		"ChannelId": "4",
     		"OurBranchId": "01"
     	},
    "data":{
    	"OurBranchID":"01",
    	"AccountID":"0100200000003901"
    }
}</con:request>
          <con:credentials>
            <con:selectedAuthProfile>No Authorization</con:selectedAuthProfile>
            <con:authType>No Authorization</con:authType>
          </con:credentials>
          <con:jmsConfig JMSDeliveryMode="PERSISTENT"/>
          <con:parameters>
            <con:entry key="Content-Type" value="application/json"/>
          </con:parameters>
          <con:parameterOrder>
            <con:entry>Content-Type</con:entry>
          </con:parameterOrder>
        </con:request>
      </con:method>
    </con:resource>
    <con:resource name="ATM_PartialReversal" path="/api/Host/ATM_PartialReversal" id="16b232e9-7872-4629-bdd7-631bf741010c">
      <con:settings/>
      <con:parameters/>
      <con:method name="ATM_PartialReversal" id="6a9c9ba6-5f32-43b5-be86-cb88f3ce2843" method="POST">
        <con:settings/>
        <con:parameters>
          <con:parameter>
            <con:name>Content-Type</con:name>
            <con:value>application/json</con:value>
            <con:style>HEADER</con:style>
            <con:default/>
            <con:path xsi:nil="true"/>
            <con:description xsi:nil="true"/>
          </con:parameter>
        </con:parameters>
        <con:representation type="FAULT">
          <con:mediaType>application/json; charset=utf-8</con:mediaType>
          <con:status>400</con:status>
          <con:params/>
          <con:element xmlns:atm="http://10.4.128.8/api/Host/ATM_PartialReversal">atm:Fault</con:element>
        </con:representation>
        <con:representation type="REQUEST">
          <con:mediaType>application/json</con:mediaType>
          <con:params/>
        </con:representation>
        <con:representation type="RESPONSE">
          <con:mediaType>application/json; charset=utf-8</con:mediaType>
          <con:status>200</con:status>
          <con:params/>
          <con:element xmlns:atm="http://10.4.128.8/api/Host/ATM_PartialReversal">atm:Response</con:element>
        </con:representation>
        <con:request name="ATM_PartialReversal" id="6efd6c31-ce8e-46a0-ad18-4a68d1c14342" mediaType="application/json" postQueryString="false">
          <con:settings/>
          <con:endpoint>http://${#Project#pURL}</con:endpoint>
          <con:request>{
	"signOnRq": {
     		"LogId": "e0ccbe1a-dfdd-4753-a4c7-acc6fb0665e3",
     		"DateTime": "03-06-2019",
     		"ChannelId": "4",
     		"OurBranchId": "01"
     	},
    "data":{
    	"OurBranchID":"01",
    	"OrgTrxRefNo":"XXXXXXFFFFFFXXXX0313160444535342",
    	"AmtActualTran":"702.950000",
    	"AmtActualStl":"1000.0000000",
    	"ActualTranFee":"0.0000000",
    	"AccountStlFee":"0.0000000",
    	"ForwardInstID":"500000",
    	"ProcCode":"01"
    }
}</con:request>
          <con:credentials>
            <con:selectedAuthProfile>No Authorization</con:selectedAuthProfile>
            <con:authType>No Authorization</con:authType>
          </con:credentials>
          <con:jmsConfig JMSDeliveryMode="PERSISTENT"/>
          <con:parameters>
            <con:entry key="Content-Type" value="application/json"/>
          </con:parameters>
          <con:parameterOrder>
            <con:entry>Content-Type</con:entry>
          </con:parameterOrder>
        </con:request>
      </con:method>
    </con:resource>
    <con:resource name="CheckBODEOD" path="/api/Host/CheckBODEOD" id="120ab6b6-29a0-41c8-8a3c-eb308917ffba">
      <con:settings/>
      <con:parameters/>
      <con:method name="CheckBODEOD" id="049cc27d-cebe-4762-bf25-d512b851128a" method="POST">
        <con:settings/>
        <con:parameters>
          <con:parameter>
            <con:name>Content-Type</con:name>
            <con:value>application/json</con:value>
            <con:style>HEADER</con:style>
            <con:default/>
            <con:path xsi:nil="true"/>
            <con:description xsi:nil="true"/>
          </con:parameter>
        </con:parameters>
        <con:representation type="REQUEST">
          <con:mediaType>application/json</con:mediaType>
          <con:params/>
        </con:representation>
        <con:representation type="RESPONSE">
          <con:mediaType>application/json; charset=utf-8</con:mediaType>
          <con:status>200</con:status>
          <con:params/>
          <con:element xmlns:chec="http://10.4.128.8/api/Host/CheckBODEOD">chec:Response</con:element>
        </con:representation>
        <con:representation type="FAULT">
          <con:mediaType>application/json; charset=utf-8</con:mediaType>
          <con:status>400</con:status>
          <con:params/>
          <con:element xmlns:chec="http://10.4.128.8/api/Host/CheckBODEOD">chec:Fault</con:element>
        </con:representation>
        <con:request name="CheckBODEOD" id="48753850-7c33-4b42-a19d-10172cdde19d" mediaType="application/json" postQueryString="false">
          <con:settings/>
          <con:endpoint>http://${#Project#pURL}</con:endpoint>
          <con:request>{
	"signOnRq": {
     		"LogId": "e0ccbe1a-dfdd-4753-a4c7-acc6fb0665e3",
     		"DateTime": "03-06-2019",
     		"ChannelId": "4",
     		"OurBranchId": "01"
     	},
    "OurBranchID":"01"
}</con:request>
          <con:credentials>
            <con:selectedAuthProfile>No Authorization</con:selectedAuthProfile>
            <con:authType>No Authorization</con:authType>
          </con:credentials>
          <con:jmsConfig JMSDeliveryMode="PERSISTENT"/>
          <con:parameters>
            <con:entry key="Content-Type" value="application/json"/>
          </con:parameters>
          <con:parameterOrder>
            <con:entry>Content-Type</con:entry>
          </con:parameterOrder>
        </con:request>
      </con:method>
    </con:resource>
    <con:resource name="ATM_FullReversal" path="/api/Host/ATM_FullReversal" id="9da11422-5b92-448d-90a4-682f35aa2045">
      <con:settings/>
      <con:parameters/>
      <con:method name="ATM_FullReversal" id="55027184-4245-4af2-8ea5-5917271205b6" method="POST">
        <con:settings/>
        <con:parameters>
          <con:parameter>
            <con:name>Content-Type</con:name>
            <con:value>application/json</con:value>
            <con:style>HEADER</con:style>
            <con:default/>
            <con:path xsi:nil="true"/>
            <con:description xsi:nil="true"/>
          </con:parameter>
        </con:parameters>
        <con:representation type="RESPONSE">
          <con:mediaType>application/json; charset=utf-8</con:mediaType>
          <con:status>200</con:status>
          <con:params/>
          <con:element xmlns:atm="http://10.4.128.8/api/Host/ATM_FullReversal">atm:Response</con:element>
        </con:representation>
        <con:representation type="REQUEST">
          <con:mediaType>application/json</con:mediaType>
          <con:params/>
        </con:representation>
        <con:representation type="FAULT">
          <con:mediaType>application/json; charset=utf-8</con:mediaType>
          <con:status>400</con:status>
          <con:params/>
          <con:element xmlns:atm="http://10.4.128.8/api/Host/ATM_FullReversal">atm:Fault</con:element>
        </con:representation>
        <con:request name="ATM_FullReversal" id="544aad83-207e-40f8-ba99-49c840cab9af" mediaType="application/json" postQueryString="false">
          <con:settings/>
          <con:endpoint>http://${#Project#pURL}</con:endpoint>
          <con:request>{
	"signOnRq": {
     		"LogId": "e0ccbe1a-dfdd-4753-a4c7-acc6fb0665e3",
     		"DateTime": "03-06-2019",
     		"ChannelId": "4",
     		"OurBranchId": "01"
     	},
    "data":{
    	"OurBranchID":"01",
    	"RefNo":"58596100010000100406124037845323",
    	"ProcCode": "01",
    	"VISATrxID": "309199322492678"
    }
}</con:request>
          <con:credentials>
            <con:selectedAuthProfile>No Authorization</con:selectedAuthProfile>
            <con:authType>No Authorization</con:authType>
          </con:credentials>
          <con:jmsConfig JMSDeliveryMode="PERSISTENT"/>
          <con:parameters>
            <con:entry key="Content-Type" value="application/json"/>
          </con:parameters>
          <con:parameterOrder>
            <con:entry>Content-Type</con:entry>
          </con:parameterOrder>
        </con:request>
      </con:method>
    </con:resource>
    <con:resource name="PurchaseRequestTrx" path="/api/Host/PurchaseRequestTrx" id="7eafc34d-dd8e-48a0-b84e-22bd7448bf8d">
      <con:settings/>
      <con:parameters/>
      <con:method name="PurchaseRequestTrx" id="6adf4ac3-4119-4e64-a83b-3898386f9ca9" method="POST">
        <con:settings/>
        <con:parameters>
          <con:parameter>
            <con:name>Content-Type</con:name>
            <con:value>application/json</con:value>
            <con:style>HEADER</con:style>
            <con:default/>
            <con:path xsi:nil="true"/>
            <con:description xsi:nil="true"/>
          </con:parameter>
        </con:parameters>
        <con:representation type="REQUEST">
          <con:mediaType>application/json</con:mediaType>
          <con:params/>
        </con:representation>
        <con:representation type="RESPONSE">
          <con:mediaType>application/json; charset=utf-8</con:mediaType>
          <con:status>200</con:status>
          <con:params/>
          <con:element xmlns:pur="http://10.4.128.8/api/Host/PurchaseRequestTrx">pur:Response</con:element>
        </con:representation>
        <con:representation type="FAULT">
          <con:mediaType>application/json; charset=utf-8</con:mediaType>
          <con:status>400</con:status>
          <con:params/>
          <con:element xmlns:pur="http://10.4.128.8/api/Host/PurchaseRequestTrx">pur:Fault</con:element>
        </con:representation>
        <con:request name="PurchaseRequestTrx" id="7b0613f7-5254-4279-9ea9-3af3eb2d9647" mediaType="application/json" postQueryString="false">
          <con:settings/>
          <con:endpoint>http://${#Project#pURL}</con:endpoint>
          <con:request>{
	"signOnRq": {
     		"LogId": "e0ccbe1a-dfdd-4753-a4c7-acc6fb0665e3",
     		"DateTime": "03-06-2019",
     		"ChannelId": "4",
     		"OurBranchId": "01"
     	},
    "data":{
    	"OurBranchID":"01",
    	"WithdrawlBranchID":"26",
    	"POSID":"10027763",
    	"AccountID":"0100200000003901",
    	"Amount":"487.5",
    	"USDAmount":"0",
    	"OtherCurrencyAmount":"0",
    	"USDRate":"1",
    	"Supervision":"C",
    	"RefNo":"XXXXXXFFFFFFXXXX0531145139217580",
    	"PHXDate":"2019-05-31 14:51:39",
    	"MerchantType":"6011",
    	"AckInstIDCode":"00000014397",
    	"Currency":"784",
    	"NameLocation":"ASFAR HOTEL APARTMENTS DUBAI ARE",
    	"ProcCode":"01",
    	"SettlmntAmount":"487.5",
    	"ConvRate":"0",
    	"AcqCountryCode":"784",
    	"CurrCodeTran":"784",
    	"CurrCodeSett":"784",
    	"ForwardInstID":"500000",
    	"MessageType":"0220",
    	"OrgTrxRefNo":"XXXXXXFFFFFFXXXX0531145139717580",
    	"POSEntryMode": "801",
    	"POSConditionCode": "00",
    	"POSPINCaptCode": "",
    	"RetRefNum": "919512004655",
    	"CardAccptID": "VTS ENME       ",
    	"VISATrxID": "309199322492678"
    } 	
}</con:request>
          <con:credentials>
            <con:selectedAuthProfile>No Authorization</con:selectedAuthProfile>
            <con:authType>No Authorization</con:authType>
          </con:credentials>
          <con:jmsConfig JMSDeliveryMode="PERSISTENT"/>
          <con:parameters>
            <con:entry key="Content-Type" value="application/json"/>
          </con:parameters>
          <con:parameterOrder>
            <con:entry>Content-Type</con:entry>
          </con:parameterOrder>
        </con:request>
      </con:method>
    </con:resource>
    <con:resource name="CreditTransaction" path="/api/Host/CreditTransaction" id="50d11f2c-29b0-4227-9367-ffbfb9f40f8a">
      <con:settings/>
      <con:parameters/>
      <con:method name="CreditTransaction" id="d74abca8-cc95-4cf2-84f0-3cdcecdbc705" method="POST">
        <con:settings/>
        <con:parameters>
          <con:parameter>
            <con:name>Content-Type</con:name>
            <con:value>application/json</con:value>
            <con:style>HEADER</con:style>
            <con:default/>
            <con:path xsi:nil="true"/>
            <con:description xsi:nil="true"/>
          </con:parameter>
        </con:parameters>
        <con:representation type="RESPONSE">
          <con:mediaType>application/json; charset=utf-8</con:mediaType>
          <con:status>200</con:status>
          <con:params/>
          <con:element xmlns:cred="http://10.4.128.8/api/Host/CreditTransaction">cred:Response</con:element>
        </con:representation>
        <con:representation type="REQUEST">
          <con:mediaType>application/json</con:mediaType>
          <con:params/>
        </con:representation>
        <con:representation type="FAULT">
          <con:mediaType>application/json; charset=utf-8</con:mediaType>
          <con:status>400</con:status>
          <con:params/>
          <con:element xmlns:cred="http://10.4.128.8/api/Host/CreditTransaction">cred:Fault</con:element>
        </con:representation>
        <con:request name="CreditTransaction" id="3908aaf8-d692-48b1-82e1-3d9c363fbf13" mediaType="application/json" postQueryString="false">
          <con:settings/>
          <con:endpoint>http://${#Project#pURL}</con:endpoint>
          <con:request>{
	"signOnRq": {
     		"LogId": "e0ccbe1a-dfdd-4753-a4c7-acc6fb0665e3",
     		"DateTime": "03-06-2019",
     		"ChannelId": "4",
     		"OurBranchId": "01"
     	},
    "data":{
    	"OurBranchID":"01",
    	"CustomerBranchID":"01",
    	"WithdrawlBranchID":"83",
    	"ATMID":"10027763",
    	"AccountID2":"0100200000003901",
    	"AccountID":"",
    	"Amount":"487.5",
    	"USDAmount":"0",
    	"OtherCurrencyAmount":"0",
    	"USDRate":"1",
    	"Supervision":"C",
    	"RefNo":"XXXXXXFFFFFFXXXX0531145139217580",
    	"PHXDate":"2019-05-31 14:51:39",
    	"MerchantType":"6011",
    	"AckInstIDCode":"00000014397",
    	"Currency":"784",
    	"NameLocation":"ASFAR HOTEL APARTMENTS DUBAI ARE",
    	"ProcCode":"01",
    	"SettlmntAmount":"487.5",
    	"ConvRate":"0",
    	"AcqCountryCode":"784",
    	"CurrCodeTran":"784",
    	"CurrCodeSett":"784",
    	"POSEntryMode": "801",
    	"POSConditionCode": "00",
    	"POSPINCaptCode": "",
    	"RetRefNum": "919512004655",
    	"CardAccptID": "VTS ENME       ",
    	"VISATrxID": "309199322492678"
    } 	
}</con:request>
          <con:credentials>
            <con:selectedAuthProfile>No Authorization</con:selectedAuthProfile>
            <con:authType>No Authorization</con:authType>
          </con:credentials>
          <con:jmsConfig JMSDeliveryMode="PERSISTENT"/>
          <con:parameters>
            <con:entry key="Content-Type" value="application/json"/>
          </con:parameters>
          <con:parameterOrder>
            <con:entry>Content-Type</con:entry>
          </con:parameterOrder>
        </con:request>
      </con:method>
    </con:resource>
    <con:resource name="BalanceEnquiryTrx" path="/api/Host/BalanceEnquiryTrx" id="84792957-a058-40a4-b90f-29fa85f6e73b">
      <con:settings/>
      <con:parameters/>
      <con:method name="BalanceEnquiryTrx" id="d5bace29-4dc4-4116-b333-d4141b7b8be0" method="POST">
        <con:settings/>
        <con:parameters>
          <con:parameter>
            <con:name>Content-Type</con:name>
            <con:value>application/json</con:value>
            <con:style>HEADER</con:style>
            <con:default/>
            <con:path xsi:nil="true"/>
            <con:description xsi:nil="true"/>
          </con:parameter>
        </con:parameters>
        <con:representation type="REQUEST">
          <con:mediaType>application/json</con:mediaType>
          <con:params/>
        </con:representation>
        <con:representation type="RESPONSE">
          <con:mediaType>application/json; charset=utf-8</con:mediaType>
          <con:status>200</con:status>
          <con:params/>
          <con:element xmlns:bal="http://10.4.128.8/api/Host/BalanceEnquiryTrx">bal:Response</con:element>
        </con:representation>
        <con:representation type="FAULT">
          <con:mediaType>application/json; charset=utf-8</con:mediaType>
          <con:status>400</con:status>
          <con:params/>
          <con:element xmlns:bal="http://10.4.128.8/api/Host/BalanceEnquiryTrx">bal:Fault</con:element>
        </con:representation>
        <con:request name="BalanceEnquiryTrx" id="882146ec-c726-4c90-ab69-eeb5a5a42789" mediaType="application/json" postQueryString="false">
          <con:settings/>
          <con:endpoint>http://${#Project#pURL}</con:endpoint>
          <con:request>{
	"signOnRq": {
     		"LogId": "e0ccbe1a-dfdd-4753-a4c7-acc6fb0665e3",
     		"DateTime": "03-06-2019",
     		"ChannelId": "4",
     		"OurBranchId": "01"
     	},
    "data":{
    	"OurBranchID":"01",
    	"ATMID":"TERMID01",
    	"AccountID":"0100200000003901",
    	"Supervision":"C",
    	"RefNo":"XXXXXXFFFFFFXXXX0531145139217580",
    	"PHXDate":"2019-05-31 14:51:39",
    	"MerchantType":"6011",
    	"WithdrawlBranchID":"OR",
    	"AckInstIDCode":"00000014397",
    	"ProcCode":"01",
    	"SettlmntAmount":"487.5",
    	"ConvRate":"0",
    	"AcqCountryCode":"784",
    	"CurrCodeTran":"784",
    	"CurrCodeSett":"784",
    	"ForwardInstID":"500000",
    	"MessageType":"0220",
    	"OrgTrxRefNo":"XXXXXXFFFFFFXXXX0531145139717580",
    	"POSEntryMode": "801",
    	"POSConditionCode": "00",
    	"POSPINCaptCode": "",
    	"RetRefNum": "919512004655",
    	"CardAccptID": "VTS ENME       ",
    	"CardAccptNameLoc": "TEST ACQUIRER            CITY NAME    SG",
    	"VISATrxID": "309199322492678"
    }
}</con:request>
          <con:credentials>
            <con:selectedAuthProfile>No Authorization</con:selectedAuthProfile>
            <con:authType>No Authorization</con:authType>
          </con:credentials>
          <con:jmsConfig JMSDeliveryMode="PERSISTENT"/>
          <con:parameters>
            <con:entry key="Content-Type" value="application/json"/>
          </con:parameters>
          <con:parameterOrder>
            <con:entry>Content-Type</con:entry>
          </con:parameterOrder>
        </con:request>
      </con:method>
    </con:resource>
    <con:resource name="GetWorkingDate" path="/api/Host/GetWorkingDate" id="bf76d2bc-373b-4d93-904a-46f6475a754c">
      <con:settings/>
      <con:parameters/>
      <con:method name="GetWorkingDate" id="5febe0d1-9083-4e2b-8446-6e799a64a6c0" method="POST">
        <con:settings/>
        <con:parameters>
          <con:parameter>
            <con:name>Content-Type</con:name>
            <con:value>application/json</con:value>
            <con:style>HEADER</con:style>
            <con:default/>
            <con:path xsi:nil="true"/>
            <con:description xsi:nil="true"/>
          </con:parameter>
        </con:parameters>
        <con:representation type="REQUEST">
          <con:mediaType>application/json</con:mediaType>
          <con:params/>
        </con:representation>
        <con:representation type="RESPONSE">
          <con:mediaType>application/json; charset=utf-8</con:mediaType>
          <con:status>200</con:status>
          <con:params/>
          <con:element xmlns:get="http://10.4.128.8/api/Host/GetWorkingDate">get:Response</con:element>
        </con:representation>
        <con:representation type="FAULT">
          <con:mediaType xsi:nil="true"/>
          <con:status>500</con:status>
          <con:params/>
          <con:element>data</con:element>
        </con:representation>
        <con:representation type="FAULT">
          <con:mediaType>application/json</con:mediaType>
          <con:status>500</con:status>
          <con:params/>
          <con:element xmlns:get="http://10.4.128.8/api/Host/GetWorkingDate">get:Fault</con:element>
        </con:representation>
        <con:representation type="FAULT">
          <con:mediaType>application/json; charset=utf-8</con:mediaType>
          <con:status>400</con:status>
          <con:params/>
          <con:element xmlns:get="http://10.4.128.8/api/Host/GetWorkingDate">get:Fault</con:element>
        </con:representation>
        <con:request name="GetWorkingDate" id="709297d8-afa5-490e-b6bf-0fc0b2235e4f" mediaType="application/json" postQueryString="false">
          <con:settings/>
          <con:endpoint>http://${#Project#pURL}</con:endpoint>
          <con:request>{
	"LogId": "e0ccbe1a-dfdd-4753-a4c7-acc6fb0665e3",
    "DateTime": "03-06-2019",
    "ChannelId": "4",
    "OurBranchId": "01"
}</con:request>
          <con:credentials>
            <con:selectedAuthProfile>No Authorization</con:selectedAuthProfile>
            <con:authType>No Authorization</con:authType>
          </con:credentials>
          <con:jmsConfig JMSDeliveryMode="PERSISTENT"/>
          <con:parameters>
            <con:entry key="Content-Type" value="application/json"/>
          </con:parameters>
          <con:parameterOrder>
            <con:entry>Content-Type</con:entry>
          </con:parameterOrder>
        </con:request>
      </con:method>
    </con:resource>
    <con:resource name="PreAuthTrx" path="/api/Host/PreAuthTrx" id="193eb725-c3e9-42e0-b874-453c2bb84a67">
      <con:settings/>
      <con:parameters/>
      <con:method name="PreAuthTrx" id="b95ded91-9a3d-4d2e-bca7-24b3f01a426d" method="POST">
        <con:settings/>
        <con:parameters>
          <con:parameter>
            <con:name>Content-Type</con:name>
            <con:value>application/json</con:value>
            <con:style>HEADER</con:style>
            <con:default/>
            <con:path xsi:nil="true"/>
            <con:description xsi:nil="true"/>
          </con:parameter>
        </con:parameters>
        <con:representation type="REQUEST">
          <con:mediaType>application/json</con:mediaType>
          <con:params/>
        </con:representation>
        <con:representation type="RESPONSE">
          <con:mediaType>application/json; charset=utf-8</con:mediaType>
          <con:status>200</con:status>
          <con:params/>
          <con:element xmlns:pre="http://10.4.128.8/api/Host/PreAuthTrx">pre:Response</con:element>
        </con:representation>
        <con:representation type="RESPONSE">
          <con:mediaType xsi:nil="true"/>
          <con:status>0</con:status>
          <con:params/>
          <con:element>data</con:element>
        </con:representation>
        <con:representation type="FAULT">
          <con:mediaType>application/json; charset=utf-8</con:mediaType>
          <con:status>400</con:status>
          <con:params/>
          <con:element xmlns:pre="http://10.4.128.8/api/Host/PreAuthTrx">pre:Fault</con:element>
        </con:representation>
        <con:request name="PreAuthTrx" id="694f7d3e-3e6e-421f-a661-86f1becef5cf" mediaType="application/json" postQueryString="false">
          <con:settings/>
          <con:endpoint>http://${#Project#pURL}</con:endpoint>
          <con:request>{
	"signOnRq": {
     		"LogId": "e0ccbe1a-dfdd-4753-a4c7-acc6fb0665e3",
     		"DateTime": "03-06-2019",
     		"ChannelId": "4",
     		"OurBranchId": "01"
     	},
    "data":{
    	"OurBranchID":"01",
    	"ATMID":"10027763",
    	"AccountID":"0100200000003901",
    	"Amount":"487.5",
    	"USDAmount":"0",
    	"OtherCurrencyAmount":"0",
    	"USDRate":"1",
    	"RefNo":"XXXXXXFFFFFFXXXX0531145139217580",
    	"PHXDate":"2019-05-31 14:51:39",
    	"MerchantType":"6011",
    	"AckInstIDCode":"00000014397",
    	"Currency":"784",
    	"NameLocation":"ASFAR HOTEL APARTMENTS DUBAI ARE",
    	"SettlmntAmount":"487.5",
    	"ConvRate":"0",
    	"AcqCountryCode":"784",
    	"CurrCodeTran":"784",
    	"CurrCodeSett":"784",
    	"ForwardInstID":"500000",
    	"ProcCode=N'01'":"01",
    	"POSEntryMode": "801",
    	"POSConditionCode": "00",
    	"POSPINCaptCode": "",
    	"RetRefNum": "919512004655",
    	"CardAccptID": "VTS ENME       ",
    	"VISATrxID": "309199322492678"
    } 	
}</con:request>
          <con:credentials>
            <con:selectedAuthProfile>No Authorization</con:selectedAuthProfile>
            <con:authType>No Authorization</con:authType>
          </con:credentials>
          <con:jmsConfig JMSDeliveryMode="PERSISTENT"/>
          <con:parameters>
            <con:entry key="Content-Type" value="application/json"/>
          </con:parameters>
          <con:parameterOrder>
            <con:entry>Content-Type</con:entry>
          </con:parameterOrder>
        </con:request>
      </con:method>
    </con:resource>
    <con:resource name="CheckBalanceUploaded" path="/api/Host/CheckBalanceUploaded" id="9d192a4c-0983-4034-948f-c37f97c38ea2">
      <con:settings/>
      <con:parameters/>
      <con:method name="CheckBalanceUploaded" id="927a06df-10c2-4a13-8651-fdbd90d4646f" method="POST">
        <con:settings/>
        <con:parameters>
          <con:parameter>
            <con:name>Content-Type</con:name>
            <con:value>application/json</con:value>
            <con:style>HEADER</con:style>
            <con:default/>
            <con:path xsi:nil="true"/>
            <con:description xsi:nil="true"/>
          </con:parameter>
        </con:parameters>
        <con:representation type="REQUEST">
          <con:mediaType>application/json</con:mediaType>
          <con:params/>
        </con:representation>
        <con:representation type="FAULT">
          <con:mediaType>application/json; charset=utf-8</con:mediaType>
          <con:status>400</con:status>
          <con:params/>
          <con:element xmlns:chec="http://10.4.128.8/api/Host/CheckBalanceUploaded">chec:Fault</con:element>
        </con:representation>
        <con:representation type="RESPONSE">
          <con:mediaType>application/json; charset=utf-8</con:mediaType>
          <con:status>200</con:status>
          <con:params/>
          <con:element xmlns:chec="http://10.4.128.8/api/Host/CheckBalanceUploaded">chec:Response</con:element>
        </con:representation>
        <con:request name="CheckBalanceUploaded" id="d4dd7750-3ec7-440b-9f8c-dcc77b1ac342" mediaType="application/json" postQueryString="false">
          <con:settings/>
          <con:endpoint>http://${#Project#pURL}</con:endpoint>
          <con:request>{
	"signOnRq": {
     		"LogId": "e0ccbe1a-dfdd-4753-a4c7-acc6fb0665e3",
     		"DateTime": "03-06-2019",
     		"ChannelId": "4",
     		"OurBranchId": "01"
     	},
    "OurBranchID":"01"
}</con:request>
          <con:credentials>
            <con:selectedAuthProfile>No Authorization</con:selectedAuthProfile>
            <con:authType>No Authorization</con:authType>
          </con:credentials>
          <con:jmsConfig JMSDeliveryMode="PERSISTENT"/>
          <con:parameters>
            <con:entry key="Content-Type" value="application/json"/>
          </con:parameters>
          <con:parameterOrder>
            <con:entry>Content-Type</con:entry>
          </con:parameterOrder>
        </con:request>
      </con:method>
    </con:resource>
    <con:resource name="Multibranch" path="" id="cacdffe1-3980-485b-b75d-c944ebcf98b9">
      <con:settings/>
      <con:parameters/>
      <con:resource name="Copy of Multibranch" path="/api/BankSmart/Multibranch" id="acff6d8e-bdf5-406b-94e6-e36e01d42e74">
        <con:settings/>
        <con:parameters/>
        <con:method name="Multibranch" id="6285c338-e1de-4536-8282-7c2ce739fe69" method="POST">
          <con:settings/>
          <con:parameters>
            <con:parameter>
              <con:name>Content-Type</con:name>
              <con:value>application/json</con:value>
              <con:style>HEADER</con:style>
              <con:default/>
              <con:path xsi:nil="true"/>
              <con:description xsi:nil="true"/>
            </con:parameter>
            <con:parameter>
              <con:name>Authorization</con:name>
              <con:value>Basic dmVuZG9yNS1lcmM6UEBzc3cwcmQ1</con:value>
              <con:style>HEADER</con:style>
              <con:default/>
              <con:path xsi:nil="true"/>
              <con:description xsi:nil="true"/>
            </con:parameter>
          </con:parameters>
          <con:representation type="REQUEST">
            <con:mediaType>application/json</con:mediaType>
            <con:params/>
          </con:representation>
          <con:representation type="FAULT">
            <con:mediaType>application/json; charset=utf-8</con:mediaType>
            <con:status>400</con:status>
            <con:params/>
            <con:element xmlns:tran="http://waqfedev.northeurope.cloudapp.azure.com/api/BankSmart/transfer">tran:Fault</con:element>
          </con:representation>
          <con:representation type="RESPONSE">
            <con:mediaType>application/json; charset=utf-8</con:mediaType>
            <con:status>200</con:status>
            <con:params/>
            <con:element xmlns:tran="http://waqfedev.northeurope.cloudapp.azure.com/api/BankSmart/transfer">tran:Response</con:element>
          </con:representation>
          <con:representation type="FAULT">
            <con:mediaType>application/json</con:mediaType>
            <con:status>400</con:status>
            <con:params/>
            <con:element xmlns:tran="http://waqfedev.northeurope.cloudapp.azure.com/api/BankSmart/transfer">tran:Fault</con:element>
          </con:representation>
          <con:request name="Multibranch" id="9f92a562-d89d-4b06-b7d2-4dc66f1d635a" mediaType="application/json" postQueryString="false">
            <con:settings>
              <con:setting id="com.eviware.soapui.impl.wsdl.WsdlRequest@request-headers">&lt;xml-fragment/></con:setting>
            </con:settings>
            <con:endpoint>${#Project#pURL}</con:endpoint>
            <con:request>{
    "SignOnRq": {
        "LogId": "${=java.util.UUID.randomUUID()}",
        "DateTime": "2020-03-07T00:00:00",
        "ChannelId": "9",
        "OurBranchId": "01"
    },
    "ChannelRefId": "8675384758394788",
    "TransferEntries": [
        {
            "branchID": "03",
            "AccountId": "1010110001784",
            "AccountType": "G",
            "EntryType": "D",
            "CurrencyID": "AED",
            "Amount": 100,
            "ExchangeRate": 1,
            "CoverRate": 1,
            "LocalEq": 100,
            "NarrationId": "200010",
            "Memo": "incoming domestic transfer from Account ID:1010110001784",
            "valueDate": "",
            "chequeID": "",
            "chequeDate": ""
        },
        {
            "BranchID": "03",
            "AccountId": "0310100022110101",
            "AccountType": "C",
            "EntryType": "C",
            "CurrencyID": "AED",
            "Amount": 100,
            "ExchangeRate": 1,
            "CoverRate": 1,
            "LocalEq": 100,
            "NarrationId": "100010",
            "Memo": "incoming domestic transfer to Account ID:0310100022110101 ",
            "valueDate": "",
            "chequeID": "",
            "chequeDate": ""
        }
    ]
}</con:request>
            <con:originalUri>http://waqfedev.northeurope.cloudapp.azure.com/api/BankSmart/transfer</con:originalUri>
            <con:credentials>
              <con:username>vendor9-erc</con:username>
              <con:password>P@ssw0rd9</con:password>
              <con:selectedAuthProfile>Basic</con:selectedAuthProfile>
              <con:preemptive>true</con:preemptive>
              <con:addedBasicAuthenticationTypes>Basic</con:addedBasicAuthenticationTypes>
              <con:authType>Preemptive</con:authType>
            </con:credentials>
            <con:jmsConfig JMSDeliveryMode="PERSISTENT"/>
            <con:parameters>
              <con:entry key="Authorization" value="Basic dmVuZG9yNS1lcmM6UEBzc3cwcmQ1"/>
              <con:entry key="Content-Type" value="application/json"/>
            </con:parameters>
            <con:parameterOrder>
              <con:entry>Content-Type</con:entry>
              <con:entry>Authorization</con:entry>
            </con:parameterOrder>
          </con:request>
        </con:method>
      </con:resource>
    </con:resource>
  </con:interface>
  <con:testSuite id="829b2b36-58ce-4011-85d2-764d782d7dd9" name="Payment_Cards">
    <con:settings>
      <con:setting id="GeneratableJUnitReport@Folder">E:\AvantikaNew\Daily_Health_Check_Report_03_19_2020\Daily_Health_Check_Report_03_19_2020\Payments Cards</con:setting>
      <con:setting id="FlowLayout">true</con:setting>
    </con:settings>
    <con:savedRecentRuns>1</con:savedRecentRuns>
    <con:runType>SEQUENTIAL</con:runType>
    <con:testCase id="3212bc4b-ef1c-414a-8374-88a7dc42405d" discardOkResults="false" failOnError="true" failTestCaseOnErrors="true" keepSession="false" name="Payment_Cards" searchProperties="true" timeout="0" maxResults="0">
      <con:settings>
        <con:setting id="FlowLayout">false</con:setting>
      </con:settings>
      <con:savedRecentRuns>1</con:savedRecentRuns>
      <con:testStep type="groovy" name="TodayDate" id="3d4101ad-c8ee-47d8-9491-2a8efe29c6a6">
        <con:settings/>
        <con:config>
          <script>import groovy.time.TimeCategory
def today = new Date();
tomorrow= today.format("YYYY-MM-dd'T'HH:mm:ss")</script>
        </con:config>
      </con:testStep>
      <con:testStep type="restrequest" name="CashWithDrawalTrx" id="838dbf75-632a-473d-ba7b-e05affb7c043">
        <con:settings/>
        <con:config service="http://${#Project#url}" resourcePath="/api/Host/CashWithDrawalTrx" methodName="CashWithDrawalTrx" xsi:type="con:RestRequestStep" xmlns:xsi="http://www.w3.org/2001/XMLSchema-instance">
          <con:restRequest name="CashWithDrawalTrx" id="7190df22-b3fa-486b-9276-3303120f47df" mediaType="application/json" postQueryString="false">
            <con:settings>
              <con:setting id="com.eviware.soapui.impl.wsdl.WsdlRequest@request-headers">&lt;xml-fragment/></con:setting>
            </con:settings>
            <con:endpoint>${#Project#pURL}</con:endpoint>
            <con:request>{
	"signOnRq": {
     		"LogId": "${=java.util.UUID.randomUUID()}",
     		"DateTime": "${TodayDate#result}",
     		"ChannelId": "4",
     		"OurBranchId": "02"
     	},
    "data":{
    	"OurBranchID":"01",
    	"CustomerBranchID":"01",
    	"WithdrawlBranchID":"26",
    	"ATMID":"10027763",
    	"AccountID":"0150700004471404",
    	"Amount":"487.5",
    	"USDAmount":"0",
    	"OtherCurrencyAmount":"0",
    	"USDRate":"1",
    	"Supervision":"C",
    	"RefNo":"XXXXXXFFFFFFXXXX${=org.apache.commons.lang.RandomStringUtils.randomNumeric(16)}",
    	"PHXDate":"2019-05-31 14:51:39",
    	"MerchantType":"6011",
    	"AckInstIDCode":"00000014397",
    	"Currency":"784",
    	"NameLocation":"ASFAR HOTEL APARTMENTS DUBAI ARE",
    	"ProcCode":"01",
    	"SettlmntAmount":"487.5",
    	"ConvRate":"0",
    	"AcqCountryCode":"784",
    	"CurrCodeTran":"784",
    	"CurrCodeSett":"784",
    	"ForwardInstID":"500000",
    	"MessageType":"0220",
    	"OrgTrxRefNo":"XXXXXXFFFFFFXXXX${=org.apache.commons.lang.RandomStringUtils.randomNumeric(16)}",
    	"POSEntryMode": "801",
    	"POSConditionCode": "00",
    	"POSPINCaptCode": "",
    	"RetRefNum": "919512004655",
    	"CardAccptID": "VTSENME12345678",
    	"VISATrxID": "${=org.apache.commons.lang.RandomStringUtils.randomNumeric(15)}"
    } 	
}</con:request>
            <con:originalUri>http://null/api/Host/CashWithDrawalTrx</con:originalUri>
            <con:assertion type="JsonPath Match" id="608e0470-f953-4121-8c85-ac23ebeb2f8c" name="JSONPath Match">
              <con:configuration>
                <path>$['status']['statusMessage']</path>
                <content>"Success"</content>
                <allowWildcards>false</allowWildcards>
                <ignoreNamspaceDifferences>false</ignoreNamspaceDifferences>
                <ignoreComments>false</ignoreComments>
              </con:configuration>
            </con:assertion>
            <con:credentials>
              <con:username>vendor4-erc</con:username>
              <con:password>Cyber@qweasdzxc</con:password>
              <con:selectedAuthProfile>Basic</con:selectedAuthProfile>
              <con:preemptive>true</con:preemptive>
              <con:addedBasicAuthenticationTypes>Basic</con:addedBasicAuthenticationTypes>
              <con:authType>Preemptive</con:authType>
            </con:credentials>
            <con:jmsConfig JMSDeliveryMode="PERSISTENT"/>
            <con:parameters>
              <con:entry key="Content-Type" value="${DataSource#Content-Type}"/>
            </con:parameters>
            <con:parameterOrder>
              <con:entry>Content-Type</con:entry>
            </con:parameterOrder>
          </con:restRequest>
        </con:config>
      </con:testStep>
      <con:testStep type="restrequest" name="BalanceEnquiryTrx" id="52765439-ccd6-412e-9dfb-30a01dc94643">
        <con:settings/>
        <con:config service="http://${#Project#url}" resourcePath="/api/Host/BalanceEnquiryTrx" methodName="BalanceEnquiryTrx" xsi:type="con:RestRequestStep" xmlns:xsi="http://www.w3.org/2001/XMLSchema-instance">
          <con:restRequest name="BalanceEnquiryTrx" id="882146ec-c726-4c90-ab69-eeb5a5a42789" mediaType="application/json" postQueryString="false">
            <con:settings>
              <con:setting id="com.eviware.soapui.impl.wsdl.WsdlRequest@request-headers">&lt;xml-fragment/></con:setting>
            </con:settings>
            <con:endpoint>${#Project#pURL}</con:endpoint>
            <con:request>{
	"signOnRq": {
     		"LogId": "${=java.util.UUID.randomUUID()}",
     		"DateTime": "${TodayDate#result}",
     		"ChannelId": "4",
     		"OurBranchId": "02"
     	},
    "data":{
    	"OurBranchID":"01",
    	"ATMID":"TERMID01",
    	"AccountID":"${#[Cards#CashWithdrawal#CashWithDrawalTrx - CashWithdrawal]#RawRequest#$['data']['AccountID']}",
    	"Supervision":"C",
    	"RefNo":"${=org.apache.commons.lang.RandomStringUtils.randomNumeric(32)}",
    	"PHXDate":"2019-05-31 14:51:39",
    	"MerchantType":"6011",
    	"WithdrawlBranchID":"OR",
    	"AckInstIDCode":"00000014397",
    	"ProcCode":"01",
    	"SettlmntAmount":"487.5",
    	"ConvRate":"0",
    	"AcqCountryCode":"784",
    	"CurrCodeTran":"784",
    	"CurrCodeSett":"784",
    	"ForwardInstID":"500000",
    	"MessageType":"0220",
    	"OrgTrxRefNo":"${#[Cards#CashWithdrawal#CashWithDrawalTrx - CashWithdrawal]#RawRequest#$['data']['RefNo']}",
    	"POSEntryMode": "801",
    	"POSConditionCode": "00",
    	"POSPINCaptCode": "",
    	"RetRefNum": "919512004655",
    	"CardAccptID": "VTSENME12345678",
    	"AccountID":"0150700004471404",
    	"CardAccptNameLoc": "TEST ACQUIRER            CITY NAME    SG",
    	"VISATrxID": "${#[Cards#CashWithdrawal#CashWithDrawalTrx - CashWithdrawal]#RawRequest#$['data']['VISATrxID']}"
    }
}</con:request>
            <con:originalUri>http://10.4.128.8/api/Host/BalanceEnquiryTrx</con:originalUri>
            <con:assertion type="JsonPath Match" id="c19bbdba-5352-4231-a090-60ac9db7ca09" name="JSONPath Match">
              <con:configuration>
                <path>$['status']['statusMessage']</path>
                <content>"Success"</content>
                <allowWildcards>false</allowWildcards>
                <ignoreNamspaceDifferences>false</ignoreNamspaceDifferences>
                <ignoreComments>false</ignoreComments>
              </con:configuration>
            </con:assertion>
            <con:credentials>
              <con:username>vendor4-erc</con:username>
              <con:password>Cyber@qweasdzxc</con:password>
              <con:selectedAuthProfile>Basic</con:selectedAuthProfile>
              <con:preemptive>true</con:preemptive>
              <con:addedBasicAuthenticationTypes>Basic</con:addedBasicAuthenticationTypes>
              <con:authType>Preemptive</con:authType>
            </con:credentials>
            <con:jmsConfig JMSDeliveryMode="PERSISTENT"/>
            <con:parameters>
              <con:entry key="Content-Type" value="${DataSource#Content-Type}"/>
            </con:parameters>
            <con:parameterOrder>
              <con:entry>Content-Type</con:entry>
            </con:parameterOrder>
          </con:restRequest>
        </con:config>
      </con:testStep>
      <con:testStep type="restrequest" name="AccountVerification" id="6936a1be-8986-4ab7-8a7c-0923d62b97c1">
        <con:settings/>
        <con:config service="http://${#Project#url}" resourcePath="/api/Host/AccountVerification" methodName="AccountVerification" xsi:type="con:RestRequestStep" xmlns:xsi="http://www.w3.org/2001/XMLSchema-instance">
          <con:restRequest name="AccountVerification" id="c335e827-3a3d-4e0b-85cd-48f42c014718" mediaType="application/json" postQueryString="false">
            <con:settings>
              <con:setting id="com.eviware.soapui.impl.wsdl.WsdlRequest@request-headers">&lt;xml-fragment/></con:setting>
            </con:settings>
            <con:endpoint>${#Project#pURL}</con:endpoint>
            <con:request>{
	"signOnRq": {
     		"LogId": "${=java.util.UUID.randomUUID()}",
     		"DateTime": "${TodayDate#result}",
     		"ChannelId": "4",
     		"OurBranchId": "02"
     	},
    "data":{
    	"OurBranchID":"01",
    	"AccountID":"${CashWithDrawalTrx#RawRequest#$['data']['AccountID']}"
    }
}</con:request>
            <con:originalUri>http://10.4.128.8/api/Host/AccountVerification</con:originalUri>
            <con:assertion type="JsonPath Match" id="72ef9868-164a-4590-a0b3-3f4b80d63b4b" name="JSONPath Match">
              <con:configuration>
                <path>$['status']['statusMessage']</path>
                <content>"Success"</content>
                <allowWildcards>false</allowWildcards>
                <ignoreNamspaceDifferences>false</ignoreNamspaceDifferences>
                <ignoreComments>false</ignoreComments>
              </con:configuration>
            </con:assertion>
            <con:credentials>
              <con:username>vendor4-erc</con:username>
              <con:password>Cyber@qweasdzxc</con:password>
              <con:selectedAuthProfile>Basic</con:selectedAuthProfile>
              <con:preemptive>true</con:preemptive>
              <con:addedBasicAuthenticationTypes>Basic</con:addedBasicAuthenticationTypes>
              <con:authType>Preemptive</con:authType>
            </con:credentials>
            <con:jmsConfig JMSDeliveryMode="PERSISTENT"/>
            <con:parameters>
              <con:entry key="Content-Type" value="${DataSource#Content-Type}"/>
            </con:parameters>
            <con:parameterOrder>
              <con:entry>Content-Type</con:entry>
            </con:parameterOrder>
          </con:restRequest>
        </con:config>
      </con:testStep>
      <con:testStep type="restrequest" name="PreAuthTrx" id="fa347cf0-3149-41f4-88ba-c8454babe08f">
        <con:settings/>
        <con:config service="http://${#Project#url}" resourcePath="/api/Host/PreAuthTrx" methodName="PreAuthTrx" xsi:type="con:RestRequestStep" xmlns:xsi="http://www.w3.org/2001/XMLSchema-instance">
          <con:restRequest name="PreAuthTrx" id="694f7d3e-3e6e-421f-a661-86f1becef5cf" mediaType="application/json" postQueryString="false">
            <con:settings>
              <con:setting id="com.eviware.soapui.impl.wsdl.WsdlRequest@request-headers">&lt;xml-fragment/></con:setting>
            </con:settings>
            <con:endpoint>${#Project#pURL}</con:endpoint>
            <con:request>{
	"signOnRq": {
     		"LogId": "${=java.util.UUID.randomUUID()}",
     		"DateTime": "${TodayDate#result}",
     		"ChannelId": "4",
     		"OurBranchId": "02"
     	},
    "data":{
    	"OurBranchID":"01",
    	"ATMID":"10027763",
    	"AccountID":"${CashWithDrawalTrx#RawRequest#$['data']['AccountID']}",
    	"Amount":"487.5",
    	"USDAmount":"0",
    	"OtherCurrencyAmount":"0",
    	"USDRate":"1",
    	"RefNo":"XXXXXXFFFFFFXXXX${=org.apache.commons.lang.RandomStringUtils.randomNumeric(16)}",
    	"PHXDate":"2019-05-31 14:51:39",
    	"MerchantType":"6011",
    	"AckInstIDCode":"00000014397",
    	"Currency":"784",
    	"NameLocation":"ASFAR HOTEL APARTMENTS DUBAI ARE",
    	"SettlmntAmount":"487.5",
    	"ConvRate":"0",
    	"AcqCountryCode":"784",
    	"CurrCodeTran":"784",
    	"CurrCodeSett":"784",
    	"ForwardInstID":"500000",
    	"ProcCode=N'01'":"01",
    	"POSEntryMode": "801",
    	"POSConditionCode": "00",
    	"POSPINCaptCode": "",
    	"RetRefNum": "919512004655",
    	"CardAccptID": "VTSENME12345678",
    	"ProCCode" : "01",
    	"VISATrxID": "${=org.apache.commons.lang.RandomStringUtils.randomNumeric(15)}"
    } 	
}</con:request>
            <con:originalUri>http://10.4.128.8/api/Host/PreAuthTrx</con:originalUri>
            <con:assertion type="JsonPath Match" id="d7372218-88ec-4cec-bfd6-1dd6e3e88bad" name="JSONPath Match">
              <con:configuration>
                <path>$['status']['statusMessage']</path>
                <content>"Success"</content>
                <allowWildcards>false</allowWildcards>
                <ignoreNamspaceDifferences>false</ignoreNamspaceDifferences>
                <ignoreComments>false</ignoreComments>
              </con:configuration>
            </con:assertion>
            <con:credentials>
              <con:username>vendor4-erc</con:username>
              <con:password>Cyber@qweasdzxc</con:password>
              <con:selectedAuthProfile>Basic</con:selectedAuthProfile>
              <con:preemptive>true</con:preemptive>
              <con:addedBasicAuthenticationTypes>Basic</con:addedBasicAuthenticationTypes>
              <con:authType>Preemptive</con:authType>
            </con:credentials>
            <con:jmsConfig JMSDeliveryMode="PERSISTENT"/>
            <con:parameters>
              <con:entry key="Content-Type" value="${DataSource#Content-Type}"/>
            </con:parameters>
            <con:parameterOrder>
              <con:entry>Content-Type</con:entry>
            </con:parameterOrder>
          </con:restRequest>
        </con:config>
      </con:testStep>
      <con:testStep type="restrequest" name="ATM_FullReversal" id="4c2c411f-f783-42c1-85db-4d01c0159c57">
        <con:settings/>
        <con:config service="http://${#Project#url}" resourcePath="/api/Host/ATM_FullReversal" methodName="ATM_FullReversal" xsi:type="con:RestRequestStep" xmlns:xsi="http://www.w3.org/2001/XMLSchema-instance">
          <con:restRequest name="ATM_FullReversal" id="544aad83-207e-40f8-ba99-49c840cab9af" mediaType="application/json" postQueryString="false">
            <con:settings>
              <con:setting id="com.eviware.soapui.impl.wsdl.WsdlRequest@request-headers">&lt;xml-fragment/></con:setting>
            </con:settings>
            <con:endpoint>${#Project#pURL}</con:endpoint>
            <con:request>{
	"signOnRq": {
     		"LogId": "${=java.util.UUID.randomUUID()}",
     		"DateTime": "${TodayDate#result}",
     		"ChannelId": "4",
     		"OurBranchId": "02"
     	},
    "data":{
    	"OurBranchID":"01",
    	"RefNo":"${PreAuthTrx#RawRequest#$['data']['RefNo']}",
    	"ProcCode": "01",
    	"VISATrxID": "${#[Cards#PreAuthTrx#PreAuthTrx - PreAuthTrx]#RawRequest#$['data']['VISATrxID']}",
    	"CAVV": "",
     "ResponseCode": "91"
    }
}</con:request>
            <con:originalUri>http://10.4.128.8/api/Host/ATM_FullReversal</con:originalUri>
            <con:assertion type="JsonPath Match" id="54c85aff-a737-4aff-8c8e-54bb069d1c3c" name="JSONPath Match">
              <con:configuration>
                <path>$['status']['statusMessage']</path>
                <content>"Success"</content>
                <allowWildcards>false</allowWildcards>
                <ignoreNamspaceDifferences>false</ignoreNamspaceDifferences>
                <ignoreComments>false</ignoreComments>
              </con:configuration>
            </con:assertion>
            <con:credentials>
              <con:username>vendor4-erc</con:username>
              <con:password>Cyber@qweasdzxc</con:password>
              <con:selectedAuthProfile>Basic</con:selectedAuthProfile>
              <con:preemptive>true</con:preemptive>
              <con:addedBasicAuthenticationTypes>Basic</con:addedBasicAuthenticationTypes>
              <con:authType>Preemptive</con:authType>
            </con:credentials>
            <con:jmsConfig JMSDeliveryMode="PERSISTENT"/>
            <con:parameters>
              <con:entry key="Content-Type" value="${DataSource#Content-Type}"/>
            </con:parameters>
            <con:parameterOrder>
              <con:entry>Content-Type</con:entry>
            </con:parameterOrder>
          </con:restRequest>
        </con:config>
      </con:testStep>
      <con:testStep type="restrequest" name="CheckBODEOD" id="e64805b1-a627-48b9-ad05-1dfca58c5e17">
        <con:settings/>
        <con:config service="http://${#Project#url}" resourcePath="/api/Host/CheckBODEOD" methodName="CheckBODEOD" xsi:type="con:RestRequestStep" xmlns:xsi="http://www.w3.org/2001/XMLSchema-instance">
          <con:restRequest name="CheckBODEOD" id="48753850-7c33-4b42-a19d-10172cdde19d" mediaType="application/json" postQueryString="false">
            <con:settings>
              <con:setting id="com.eviware.soapui.impl.wsdl.WsdlRequest@request-headers">&lt;xml-fragment/></con:setting>
            </con:settings>
            <con:endpoint>${#Project#pURL}</con:endpoint>
            <con:request>{
	"signOnRq": {
     		"LogId": "${=java.util.UUID.randomUUID()}",
     		"DateTime": "${TodayDate#result}",
     		"ChannelId": "4",
     		"OurBranchId": "02"
     	},
    "OurBranchID":"01"
}</con:request>
            <con:originalUri>http://10.4.128.8/api/Host/CheckBODEOD</con:originalUri>
            <con:assertion type="JsonPath Match" id="fe5f81ce-586d-4dea-8926-2cac54321fc0" name="JSONPath Match">
              <con:configuration>
                <path>$['status']['statusMessage']</path>
                <content>"Success"</content>
                <allowWildcards>false</allowWildcards>
                <ignoreNamspaceDifferences>false</ignoreNamspaceDifferences>
                <ignoreComments>false</ignoreComments>
              </con:configuration>
            </con:assertion>
            <con:credentials>
              <con:username>vendor4-erc</con:username>
              <con:password>Cyber@qweasdzxc</con:password>
              <con:selectedAuthProfile>Basic</con:selectedAuthProfile>
              <con:preemptive>true</con:preemptive>
              <con:addedBasicAuthenticationTypes>Basic</con:addedBasicAuthenticationTypes>
              <con:authType>Preemptive</con:authType>
            </con:credentials>
            <con:jmsConfig JMSDeliveryMode="PERSISTENT"/>
            <con:parameters>
              <con:entry key="Content-Type" value="${DataSource#Content-Type}"/>
            </con:parameters>
            <con:parameterOrder>
              <con:entry>Content-Type</con:entry>
            </con:parameterOrder>
          </con:restRequest>
        </con:config>
      </con:testStep>
      <con:testStep type="restrequest" name="ATM_PartialReversal" id="2410a954-016d-4c55-b455-6aa866f41ba5">
        <con:settings/>
        <con:config service="http://${#Project#url}" resourcePath="/api/Host/ATM_PartialReversal" methodName="ATM_PartialReversal" xsi:type="con:RestRequestStep" xmlns:xsi="http://www.w3.org/2001/XMLSchema-instance">
          <con:restRequest name="ATM_PartialReversal" id="6efd6c31-ce8e-46a0-ad18-4a68d1c14342" mediaType="application/json" postQueryString="false">
            <con:settings>
              <con:setting id="com.eviware.soapui.impl.wsdl.WsdlRequest@request-headers">&lt;xml-fragment/></con:setting>
            </con:settings>
            <con:endpoint>${#Project#pURL}</con:endpoint>
            <con:request>{
	"signOnRq": {
     		"LogId": "${=java.util.UUID.randomUUID()}",
     		"DateTime": "${TodayDate#result}",
     		"ChannelId": "4",
     		"OurBranchId": "02"
     	},
    "data":{
    	"OrgTrxRefNo":"${#[Cards#PreAuthTrx#PreAuthTrx - PreAuthTrx]#RawRequest#$['data']['RefNo']}",
    	"AmtActualTran":"702.950000",
    	"AmtActualStl":"1000.0000000",
    	"ActualTranFee":"0.0000000",
    	"AccountStlFee":"0.0000000",
    	"ForwardInstID":"500000",
    	"ProcCode":"01",
    	"ResponseCode": "",
    	"visaTrxID":""
    }
}</con:request>
            <con:originalUri>http://10.4.128.8/api/Host/ATM_PartialReversal</con:originalUri>
            <con:assertion type="JsonPath Match" id="47c0e4df-4367-4286-9acb-ac297da3d355" name="JSONPath Match">
              <con:configuration>
                <path>$['status']['statusMessage']</path>
                <content>"Success"</content>
                <allowWildcards>false</allowWildcards>
                <ignoreNamspaceDifferences>false</ignoreNamspaceDifferences>
                <ignoreComments>false</ignoreComments>
              </con:configuration>
            </con:assertion>
            <con:credentials>
              <con:username>vendor4-erc</con:username>
              <con:password>Cyber@qweasdzxc</con:password>
              <con:selectedAuthProfile>Basic</con:selectedAuthProfile>
              <con:preemptive>true</con:preemptive>
              <con:addedBasicAuthenticationTypes>Basic</con:addedBasicAuthenticationTypes>
              <con:authType>Preemptive</con:authType>
            </con:credentials>
            <con:jmsConfig JMSDeliveryMode="PERSISTENT"/>
            <con:parameters>
              <con:entry key="Content-Type" value="${DataSource#Content-Type}"/>
            </con:parameters>
            <con:parameterOrder>
              <con:entry>Content-Type</con:entry>
            </con:parameterOrder>
          </con:restRequest>
        </con:config>
      </con:testStep>
      <con:testStep type="restrequest" name="PurchaseRequestTrx" id="752390c1-62f0-4209-9199-871f2420390d">
        <con:settings/>
        <con:config service="http://${#Project#url}" resourcePath="/api/Host/PurchaseRequestTrx" methodName="PurchaseRequestTrx" xsi:type="con:RestRequestStep" xmlns:xsi="http://www.w3.org/2001/XMLSchema-instance">
          <con:restRequest name="PurchaseRequestTrx" id="7b0613f7-5254-4279-9ea9-3af3eb2d9647" mediaType="application/json" postQueryString="false">
            <con:settings>
              <con:setting id="com.eviware.soapui.impl.wsdl.WsdlRequest@request-headers">&lt;xml-fragment/></con:setting>
            </con:settings>
            <con:endpoint>${#Project#pURL}</con:endpoint>
            <con:request>{
	"signOnRq": {
     		"LogId": "${=java.util.UUID.randomUUID()}",
     		"DateTime": "${TodayDate#result}",
     		"ChannelId": "4",
     		"OurBranchId": "02"
     	},
    "data":{
    	"OurBranchID":"01",
    	"WithdrawlBranchID":"26",
    	"POSID":"10027763",
    	"AccountID":"${#[Cards#CashWithdrawal#DataSource]#Account Number}",
    	"Amount":"487.5",
    	"USDAmount":"0",
    	"OtherCurrencyAmount":"0",
    	"USDRate":"1",
    	"Supervision":"C",
    	"RefNo":"XXXXXXFFFFFFXXXX0531145139217580",
    	"PHXDate":"2019-05-31 14:51:39",
    	"MerchantType":"6011",
    	"AckInstIDCode":"00000014397",
    	"Currency":"784",
    	"NameLocation":"ASFAR HOTEL APARTMENTS DUBAI ARE",
    	"ProcCode":"01",
    	"SettlmntAmount":"487.5",
    	"ConvRate":"0",
    	"AcqCountryCode":"784",
    	"CurrCodeTran":"784",
    	"CurrCodeSett":"784",
    	"ForwardInstID":"500000",
    	"MessageType":"0220",
    	"OrgTrxRefNo":"XXXXXXFFFFFFXXXX0531145139717580",
    	"POSEntryMode": "801",
    	"POSConditionCode": "00",
    	"POSPINCaptCode": "",
    	"RetRefNum": "919512004655",
    	"CardAccptID": "VTSENME12345678",
    "AccountID":"0150700004471404",
    	"VISATrxID": "309199322492678"
    } 	
}</con:request>
            <con:originalUri>http://10.4.128.8/api/Host/PurchaseRequestTrx</con:originalUri>
            <con:assertion type="JsonPath Match" id="e3494402-74d2-4bc7-9827-751ebfe62a1d" name="JSONPath Match">
              <con:configuration>
                <path>$['status']['statusMessage']</path>
                <content>"Success"</content>
                <allowWildcards>false</allowWildcards>
                <ignoreNamspaceDifferences>false</ignoreNamspaceDifferences>
                <ignoreComments>false</ignoreComments>
              </con:configuration>
            </con:assertion>
            <con:credentials>
              <con:username>vendor4-erc</con:username>
              <con:password>Cyber@qweasdzxc</con:password>
              <con:selectedAuthProfile>Basic</con:selectedAuthProfile>
              <con:preemptive>true</con:preemptive>
              <con:addedBasicAuthenticationTypes>Basic</con:addedBasicAuthenticationTypes>
              <con:authType>Preemptive</con:authType>
            </con:credentials>
            <con:jmsConfig JMSDeliveryMode="PERSISTENT"/>
            <con:parameters>
              <con:entry key="Content-Type" value="${DataSource#Content-Type}"/>
            </con:parameters>
            <con:parameterOrder>
              <con:entry>Content-Type</con:entry>
            </con:parameterOrder>
          </con:restRequest>
        </con:config>
      </con:testStep>
      <con:testStep type="restrequest" name="CreditTransaction" id="5b67ac5f-d13f-4045-8ba0-9cf1250d3ac3">
        <con:settings/>
        <con:config service="http://${#Project#url}" resourcePath="/api/Host/CreditTransaction" methodName="CreditTransaction" xsi:type="con:RestRequestStep" xmlns:xsi="http://www.w3.org/2001/XMLSchema-instance">
          <con:restRequest name="CreditTransaction" id="3908aaf8-d692-48b1-82e1-3d9c363fbf13" mediaType="application/json" postQueryString="false">
            <con:settings>
              <con:setting id="com.eviware.soapui.impl.wsdl.WsdlRequest@request-headers">&lt;xml-fragment/></con:setting>
            </con:settings>
            <con:endpoint>${#Project#pURL}</con:endpoint>
            <con:request>{
	"signOnRq": {
     		"LogId": "${=java.util.UUID.randomUUID()}",
     		"DateTime": "${TodayDate#result}",
     		"ChannelId": "4",
     		"OurBranchId": "02"
     	},
    "data":{
    	"OurBranchID":"01",
    	"CustomerBranchID":"01",
    	"WithdrawlBranchID":"83",
    	"ATMID":"10027763",
    	"AccountID2":"${#[Cards#CashWithdrawal#DataSource]#Account Number}",
    	"AccountID":"",
    	"Amount":"487.5",
    	"USDAmount":"0",
    	"OtherCurrencyAmount":"0",
    	"USDRate":"1",
    	"Supervision":"C",
    	"RefNo":"XXXXXXFFFFFFXXXX0531145139217580",
    	"PHXDate":"2019-05-31 14:51:39",
    	"MerchantType":"6011",
    	"AckInstIDCode":"00000014397",
    	"Currency":"784",
    	"NameLocation":"ASFAR HOTEL APARTMENTS DUBAI ARE",
    	"ProcCode":"01",
    	"SettlmntAmount":"487.5",
    	"ConvRate":"0",
    	"AcqCountryCode":"784",
    	"CurrCodeTran":"784",
    	"CurrCodeSett":"784",
    	"POSEntryMode": "801",
    	"POSConditionCode": "00",
    	"POSPINCaptCode": "",
    	"RetRefNum": "919512004655",
    	"CardAccptID": "VTSENME12345678",
    	"AccountID":"0150700004471404",
    	"AccountID2":"0150700004471404",
    	"ForwardInstId" : "012345",
    	"VISATrxID": "309199322492678"
    } 	
}</con:request>
            <con:originalUri>http://10.4.128.8/api/Host/CreditTransaction</con:originalUri>
            <con:assertion type="JsonPath Match" id="6d5e3071-29cf-4dcb-87f6-f6c9fb47010e" name="JSONPath Match">
              <con:configuration>
                <path>$['status']['statusMessage']</path>
                <content>"Success"</content>
                <allowWildcards>false</allowWildcards>
                <ignoreNamspaceDifferences>false</ignoreNamspaceDifferences>
                <ignoreComments>false</ignoreComments>
              </con:configuration>
            </con:assertion>
            <con:credentials>
              <con:username>vendor4-erc</con:username>
              <con:password>Cyber@qweasdzxc</con:password>
              <con:selectedAuthProfile>Basic</con:selectedAuthProfile>
              <con:preemptive>true</con:preemptive>
              <con:addedBasicAuthenticationTypes>Basic</con:addedBasicAuthenticationTypes>
              <con:authType>Preemptive</con:authType>
            </con:credentials>
            <con:jmsConfig JMSDeliveryMode="PERSISTENT"/>
            <con:parameters>
              <con:entry key="Content-Type" value="${DataSource#Content-Type}"/>
            </con:parameters>
            <con:parameterOrder>
              <con:entry>Content-Type</con:entry>
            </con:parameterOrder>
          </con:restRequest>
        </con:config>
      </con:testStep>
      <con:testStep type="restrequest" name="GetWorkingDate" id="017c67b0-880c-45b8-94fa-7d8807446ad9">
        <con:settings/>
        <con:config service="http://${#Project#url}" resourcePath="/api/Host/GetWorkingDate" methodName="GetWorkingDate" xsi:type="con:RestRequestStep" xmlns:xsi="http://www.w3.org/2001/XMLSchema-instance">
          <con:restRequest name="GetWorkingDate" id="709297d8-afa5-490e-b6bf-0fc0b2235e4f" mediaType="application/json" postQueryString="false">
            <con:settings>
              <con:setting id="com.eviware.soapui.impl.wsdl.WsdlRequest@request-headers">&lt;xml-fragment/></con:setting>
            </con:settings>
            <con:endpoint>${#Project#pURL}</con:endpoint>
            <con:request>{
	"signOnRq": {
    "LogId": "${=java.util.UUID.randomUUID()}",
    "DateTime": "${TodayDate#result}",
    "ChannelId": "4",
    "OurBranchId": "02"
}
}</con:request>
            <con:originalUri>http://10.4.128.8/api/Host/GetWorkingDate</con:originalUri>
            <con:assertion type="JsonPath Match" id="12e20ebe-b280-43bb-a556-dee33d4a8fc1" name="JSONPath Match">
              <con:configuration>
                <path>$['status']['statusMessage']</path>
                <content>"Success"</content>
                <allowWildcards>false</allowWildcards>
                <ignoreNamspaceDifferences>false</ignoreNamspaceDifferences>
                <ignoreComments>false</ignoreComments>
              </con:configuration>
            </con:assertion>
            <con:credentials>
              <con:username>vendor4-erc</con:username>
              <con:password>Cyber@qweasdzxc</con:password>
              <con:selectedAuthProfile>Basic</con:selectedAuthProfile>
              <con:preemptive>true</con:preemptive>
              <con:addedBasicAuthenticationTypes>Basic</con:addedBasicAuthenticationTypes>
              <con:authType>Preemptive</con:authType>
            </con:credentials>
            <con:jmsConfig JMSDeliveryMode="PERSISTENT"/>
            <con:parameters>
              <con:entry key="Content-Type" value="${DataSource#Content-Type}"/>
            </con:parameters>
            <con:parameterOrder>
              <con:entry>Content-Type</con:entry>
            </con:parameterOrder>
          </con:restRequest>
        </con:config>
      </con:testStep>
      <con:testStep type="restrequest" name="CheckBalanceUploaded" id="c95cfaf5-6acb-4a9d-b020-d56349db4377">
        <con:settings/>
        <con:config service="http://${#Project#url}" resourcePath="/api/Host/CheckBalanceUploaded" methodName="CheckBalanceUploaded" xsi:type="con:RestRequestStep" xmlns:xsi="http://www.w3.org/2001/XMLSchema-instance">
          <con:restRequest name="CheckBalanceUploaded" id="d4dd7750-3ec7-440b-9f8c-dcc77b1ac342" mediaType="application/json" postQueryString="false">
            <con:settings>
              <con:setting id="com.eviware.soapui.impl.wsdl.WsdlRequest@request-headers">&lt;xml-fragment/></con:setting>
            </con:settings>
            <con:endpoint>${#Project#pURL}</con:endpoint>
            <con:request>{
	"signOnRq": {
     		"LogId": "${=java.util.UUID.randomUUID()}",
     		"DateTime": "${TodayDate#result}",
     		"ChannelId": "4",
     		"OurBranchId": "02"
     	},
    "OurBranchID":"01"
}</con:request>
            <con:originalUri>http://10.4.128.8/api/Host/CheckBalanceUploaded</con:originalUri>
            <con:assertion type="JsonPath Match" id="669c492c-900e-4d09-90bf-b52b3f9227ad" name="JSONPath Match">
              <con:configuration>
                <path>$['status']['severity']</path>
                <content>"Success"</content>
                <allowWildcards>false</allowWildcards>
                <ignoreNamspaceDifferences>false</ignoreNamspaceDifferences>
                <ignoreComments>false</ignoreComments>
              </con:configuration>
            </con:assertion>
            <con:credentials>
              <con:username>vendor4-erc</con:username>
              <con:password>Cyber@qweasdzxc</con:password>
              <con:selectedAuthProfile>Basic</con:selectedAuthProfile>
              <con:preemptive>true</con:preemptive>
              <con:addedBasicAuthenticationTypes>Basic</con:addedBasicAuthenticationTypes>
              <con:authType>Preemptive</con:authType>
            </con:credentials>
            <con:jmsConfig JMSDeliveryMode="PERSISTENT"/>
            <con:parameters>
              <con:entry key="Content-Type" value="${DataSource#Content-Type}"/>
            </con:parameters>
            <con:parameterOrder>
              <con:entry>Content-Type</con:entry>
            </con:parameterOrder>
          </con:restRequest>
        </con:config>
      </con:testStep>
      <con:properties/>
      <con:reportParameters/>
      <con:breakPoints>
        <con:testStepId>e64805b1-a627-48b9-ad05-1dfca58c5e17</con:testStepId>
        <con:status>NONE</con:status>
        <con:properties/>
      </con:breakPoints>
      <con:breakPoints>
        <con:testStepId>3d4101ad-c8ee-47d8-9491-2a8efe29c6a6</con:testStepId>
        <con:status>NONE</con:status>
        <con:properties/>
      </con:breakPoints>
    </con:testCase>
    <con:properties/>
    <con:reportParameters/>
  </con:testSuite>
  <con:savedRecentRuns>1</con:savedRecentRuns>
  <con:requirements/>
  <con:properties>
    <con:property>
      <con:name>pURL</con:name>
      <con:value>https://waqfepayment.gslb.uat.eradahcapital.com</con:value>
    </con:property>
  </con:properties>
  <con:wssContainer/>
  <con:databaseConnectionContainer/>
  <con:jmsConnectionContainer/>
  <con:oAuth2ProfileContainer/>
  <con:oAuth1ProfileContainer/>
  <con:reporting>
    <con:reportTemplates/>
    <con:xmlTemplates/>
    <con:xmlTemplates/>
    <con:parameters/>
    <con:parameters/>
  </con:reporting>
  <con:reporting/>
  <con:eventHandlers type="RequestFilter.filterRequest" name="RequestFilter.filterRequest">
    <con:script>// Sample event script to add custom HTTP header to all outgoing REST, SOAP and HTTP(S) calls
// This code is often used for adding custom authentication to SoapUI Pro tests

// If hardcoding the token, uncomment and change line 5
// def token = '4567'

// If your token is parameterized in Project level custom property, uncomment line 8
// def token = request.parent.testCase.testSuite.project.getProperty('auth_token').getValue()

// To modify all outgoing calls, remove comments from lines 11 to 16
// def headers = request.requestHeaders
// if (headers.containsKey('auth_token2') == false) {
//   headers.put('auth_token2', token)
//   request.requestHeaders = headers
// }</con:script>
  </con:eventHandlers>
  <con:eventHandlers type="TestRunListener.afterStep" name="TestRunListener.afterStep">
    <con:script>// Save all test step results into files
// Change the directory path in line 5 to a location where you want to store details
// then uncomment lines 5 to 10

// filePath = 'C:\\tempOutputDirectory\\'
// fos = new FileOutputStream(filePath + testStepResult.testStep.label + '.txt', true)
// pw = new PrintWriter(fos)
// testStepResult.writeTo(pw)
// pw.close()
// fos.close()</con:script>
  </con:eventHandlers>
  <con:authRepository/>
  <con:tags/>
</con:soapui-project>
