<?xml version="1.0" encoding="UTF-8"?>
<con:testCase id="0afdfd85-3bff-47f5-9296-060ca0289d73" discardOkResults="false" failOnError="false" failTestCaseOnErrors="true" keepSession="false" name="TermLoan" searchProperties="true" timeout="0" wsrmEnabled="false" wsrmVersion="1.0" wsrmAckTo="" amfAuthorisation="false" amfEndpoint="" amfLogin="" amfPassword="" zephyrTestName="" zephyrTestId="" maxResults="0" xmlns:con="http://eviware.com/soapui/config">
  <con:settings>
    <con:setting id="0afdfd85-3bff-47f5-9296-060ca0289d73fileName">TermLoan</con:setting>
  </con:settings>
  <con:savedRecentRuns>1</con:savedRecentRuns>
  <con:testStep type="groovy" name="Groovy Script" id="5c11559d-0877-46f5-8f09-eca166341b20">
    <con:settings/>
    <con:config>
      <script>import groovy.time.TimeCategory
def today = new Date()+2;
tomorrow= today.format("YYYY-MM-dd")</script>
    </con:config>
  </con:testStep>
  <con:testStep type="transfer" name="Property Transfer" id="1fd76c9e-c5af-4011-ba67-e7a1191bd4ab">
    <con:settings/>
    <con:config xsi:type="con:PropertyTransfersStep" xmlns:xsi="http://www.w3.org/2001/XMLSchema-instance">
      <con:transfers setNullOnMissingSource="true" transferTextContent="true" failOnError="true" ignoreEmpty="false" transferToAll="false" entitize="false" transferChildNodes="false">
        <con:name>Date</con:name>
        <con:sourceType>result</con:sourceType>
        <con:sourceStep>Groovy Script</con:sourceStep>
        <con:sourcePath/>
        <con:targetType>Date</con:targetType>
        <con:targetStep>#TestCase#</con:targetStep>
        <con:targetPath/>
        <con:upgraded>true</con:upgraded>
      </con:transfers>
    </con:config>
  </con:testStep>
  <con:testStep type="restrequest" name="CreateCorporateCIF" id="47074fa4-5ad7-4696-aa59-58e523ca01fa">
    <con:settings/>
    <con:config service="http://waqfedev.northeurope.cloudapp.azure.com:2181" resourcePath="/api/BankSmart/CreateCorporateCIF" methodName="CreateCorporateCIF" xsi:type="con:RestRequestStep" xmlns:xsi="http://www.w3.org/2001/XMLSchema-instance">
      <con:restRequest name="CreateCorporateCIF" id="5d62baed-678d-4062-9083-7ab192d5d64e" mediaType="application/json" postQueryString="false">
        <con:settings>
          <con:setting id="com.eviware.soapui.impl.wsdl.WsdlRequest@request-headers">&lt;xml-fragment/></con:setting>
        </con:settings>
        <con:endpoint>https://waqfepayment.gslb.sit.eradahcapital.com</con:endpoint>
        <con:request>{
    "signOnRq": {
        "LogId": "${=java.util.UUID.randomUUID()}",
        "DateTime": "9/8/2019 7:18:34 PM",
        "ChannelId": "10",
        "OurBranchId": "03"
    },
    "Cust": {
        "Name": "CGCorpAPI${=org.apache.commons.lang.RandomStringUtils.randomAlphabetic(6)}",
        "CategoryId": "Corporate",
        "GroupCode": "LCORP",
        "RManager": "006",
        "RiskProfile": "Low",
        "EntityNameCorp": "Limited Liability Company",
        "EntityTypeCorp": "LLC",
        "YearofestablishmentCorp": "2020/01/08",
        "RegisteredAddressCorp": "Bruj Khalifa ${=org.apache.commons.lang.RandomStringUtils.randomNumeric(3)}",
        "ContactName1Corp": "Ahmad Ali Mohamad API${=org.apache.commons.lang.RandomStringUtils.randomNumeric(3)}",
        "ContactID1Corp": "${=org.apache.commons.lang.RandomStringUtils.randomAlphanumeric(10)}",
        "IDTypeCorp": "TLL",
        "Address1Corp": "Bruj Khalifa ${=org.apache.commons.lang.RandomStringUtils.randomNumeric(3)}",
        "PhoneNumberCorp": "${=org.apache.commons.lang.RandomStringUtils.randomNumeric(10)}",
        "AlternatePhonenumberCorp": "${=org.apache.commons.lang.RandomStringUtils.randomNumeric(10)}",
        "EmailIDCorp": "${=org.apache.commons.lang.RandomStringUtils.randomAlphanumeric(10)}@eradahcapital.com",
        "ContactName2Corp": "",
        "ContactID2Corp": "",
        "IDType2": "",
        "Address2Corp": "",
        "PhoneNumber2Corp": "",
        "AlternatePhonenumber2Corp": "",
        "EmailID2Corp": "",
        "BusinessActivity": "0111",
        "SICCodesCorp": "0112",
        "IndustryCorp": "MFT",
        "PresenceinCISCountryCorp": "Y",
        "DealingwithCISCountryCorp": "Y",
        "TradeLicenseNumberCorp": "${=org.apache.commons.lang.RandomStringUtils.randomAlphanumeric(10)}",
        "CountryofIncorporationCorp": "ARE",
        "TradeLicenseIssuedateCorp": "2020/03/12",
        "TradeLicenseExpirydateCorp": "2022/03/06",
        "TradeLicenseIssuanceAuthorityCorp": "Dubai",
        "TRNNoCorp": "0090909",
        "PEPCorp": "N",
        "BlackListCorp": "N",
        "KYCReviewDateCorp": "2022-12-31",
        "FATCARelevantCorp": "N",
        "CRSRelevantCorp": "N",
        "USAEntityCorp": "SUP",
        "FFICorp": "N",
        "FFICategoryCorp": "PFI",
        "GIINNoCorp": "${=org.apache.commons.lang.RandomStringUtils.randomNumeric(9)}",
        "GIINNACorp": "001",
        "SponsorNameCorp": "API${=org.apache.commons.lang.RandomStringUtils.randomAlphabetic(9)}",
        "SponsorGIIN": "${=org.apache.commons.lang.RandomStringUtils.randomAlphabetic(9)}",
        "NFFECorp": "005",
        "StockExchangeCorp": "${=org.apache.commons.lang.RandomStringUtils.randomAlphabetic(9)}",
        "TradingSymbolCorp": "${=org.apache.commons.lang.RandomStringUtils.randomAlphabetic(9)}",
        "USAORUAECorp": "N",
        "TINAvailableCorp": "Y",
        "TinNo1Corp": "1",
        "TaxCountry1Corp": "ARE",
        "TinNo2Corp": "1",
        "TaxCountry2Corp": "ARE",
        "TinNo3Corp": "1",
        "TaxCountry3Corp": "ARE",
        "TinNo4Corp": "1",
        "TaxCountry4Corp": "ARE",
        "TinNo5Corp": "1",
        "TaxCountry5Corp": "ARE",
        "FATCANoReasonCorp": "Reason A",
        "ReasonBCorp": "${=org.apache.commons.lang.RandomStringUtils.randomAlphabetic(9)}",
        "CompanyWebsite": "${=org.apache.commons.lang.RandomStringUtils.randomAlphanumeric(10)}@eradahcapital.com",
        "CompCashIntensive": "Y",
        "PubLimCompCorp": "Y",
        "RegAddCountryCorp": "ARE",
        "REGADDSTATECORP": "006",
        "RegAddCityCorp": "00014",
        "Add1CountryCorp": "ARE",
        "Add1StateCorp": "006",
        "Add1CityCorp": "00014",
        "Add2CountryCorp": "ARE",
        "Add2StateCorp": "006",
        "Add2CityCorp": "00014",
        "JurEmiratesID": "001",
        "JurTypeID": "001",
        "JurAuthorityID": "001",
        "POBox": "2344"
    },
    "ShareHolders": [
        {
            "ShareHolderName": "Saif Al GhurairAPI${=org.apache.commons.lang.RandomStringUtils.randomNumeric(3)}",
            "ShareHolderAddress": "Burj Khalifa${=org.apache.commons.lang.RandomStringUtils.randomNumeric(2)}",
            "ShareholderType": "IND",
            "ShareholdersIDtype": "EID",
            "ShareholdersIDNo": "7841968${=org.apache.commons.lang.RandomStringUtils.randomNumeric(7)}1",
            "ShareholdersIDExpirydate": "2022-12-31",
            "CountryofIncorporation": "ARE",
            "BoardMember": "Y",
            "AuthorisedSignatory": "Y",
            "BeneficialOwner": "Y",
            "ResidentNonResident": "N",
            "CountryofResidence": "ARE",
            "OwnershipPercentage": "100",
            "Blacklist": "N",
            "PEP": "N",
            "FATCARelevant": "N",
            "CRSRelevant": "N",
            "USCitizen": "N",
            "AreyouaUSTaxResident": "N",
            "WereyoubornintheUS": "N",
            "USAEntity": "SUP",
            "FFI": "Y",
            "FFICategory": "PFI",
            "GIINNo": "${=org.apache.commons.lang.RandomStringUtils.randomAlphabetic(3)}",
            "GIINNA": "001",
            "SponsorName": "${=org.apache.commons.lang.RandomStringUtils.randomAlphabetic(3)}",
            "SponsorGIIN": "${=org.apache.commons.lang.RandomStringUtils.randomAlphabetic(3)}",
            "NFFE": "005",
            "StockExchange": "${=org.apache.commons.lang.RandomStringUtils.randomAlphabetic(3)}",
            "TradingSymbol": "${=org.apache.commons.lang.RandomStringUtils.randomAlphabetic(3)}",
            "USAORUAE": "N",
            "TINAvailable": "Y",
            "TinNo1": "1",
            "TaxCountry1": "ARE",
            "TinNo2": "1",
            "TaxCountry2": "ARE",
            "TinNo3": "1",
            "TaxCountry3": "ARE",
            "TinNo4": "1",
            "TaxCountry4": "ARE",
            "TinNo5": "1",
            "TaxCountry5": "ARE",
            "FATCANoReason": "Reason A",
            "ReasonB": "${=org.apache.commons.lang.RandomStringUtils.randomAlphabetic(9)}",
            "SHCity": "00014",
            "SHState": "006",
            "SHCountry": "ARE",
            "SHIDIssuanceCountry": "ARE",
            "IDGender": "M",
            "DateOfBirth": "2001/09/08",
            "IDNationality": "ARE"
        }
    ],
    "Authignatories": [
        {
            "AuthorisedsignatoriesName": "Sunny VarkeyAPI${=org.apache.commons.lang.RandomStringUtils.randomNumeric(3)}",
            "PhoneNumber": "${=org.apache.commons.lang.RandomStringUtils.randomNumeric(10)}",
            "EmailID": "${=org.apache.commons.lang.RandomStringUtils.randomAlphanumeric(10)}@eradahcapital.com",
            "CorrespondenceAddress": "Burj khlifa ${=org.apache.commons.lang.RandomStringUtils.randomNumeric(3)}",
            "AuthorisedsignatoryIDtype1": "PAS",
            "AuthorisedsignatoryIDNumber1": "${=org.apache.commons.lang.RandomStringUtils.randomAlphanumeric(9)}",
            "AuthorisedsignatoryIDExpirydate1": "2022-12-31",
            "AuthorisedsignatoryIDIssueCountry1": "PAK",
            "AuthorisedsignatoryIDtype2": "EID",
            "AuthorisedsignatoryIDNumber2": "7841968${=org.apache.commons.lang.RandomStringUtils.randomNumeric(7)}1",
            "AuthorisedsignatoryIDExpirydate2": "2022-12-31",
            "AuthorisedsignatoryIDIssueCountry2": "ARE",
            "AuthorisedsignatoryVisaIssuedby": "UAE",
            "AuthorisedsignatoryVisaNumber": "${=org.apache.commons.lang.RandomStringUtils.randomNumeric(8)}",
            "AuthorisedsignatoryVisaExpiry": "2022-05-30 16:53",
            "Remarks": "API${=org.apache.commons.lang.RandomStringUtils.randomAlphabetic(9)}",
            "Blacklist": "N",
            "PEP": "N",
            "FATCARelevant": "N",
            "CRSRelevant": "N",
            "AreyouaUSCitizen": "N",
            "AreyouaUSTaxResident": "N",
            "WereyoubornintheUS": "N",
            "USAORUAE": "N",
            "TINAvailable": "Y",
            "TinNo1": "1",
            "TaxCountry1": "ARE",
            "TinNo2": "1",
            "TaxCountry2": "ARE",
            "TinNo3": "1",
            "TaxCountry3": "ARE",
            "TinNo4": "1",
            "TaxCountry4": "ARE",
            "TinNo5": "1",
            "TaxCountry5": "ARE",
            "FATCANoReason": "Reason A",
            "ReasonB": "${=org.apache.commons.lang.RandomStringUtils.randomAlphabetic(9)}",
            "ASCity": "00014",
            "ASState": "006",
            "ASCountry": "ARE",
            "IDGender": "M",
            "DateOfBirth": "2001/09/08",
            "IDNationality": "PAK",
            "GroupID": "OD312",
            "SignUpload": "${=org.apache.commons.lang.RandomStringUtils.randomAlphabetic(9)}"
        }
    ],
    "BoardDirectors": [
        {
            "BoardDirectorName": "Micky JagtianiAPI${=org.apache.commons.lang.RandomStringUtils.randomNumeric(3)}",
            "Designation": "Director",
            "BoardDirectorAddress": "Dubai${=org.apache.commons.lang.RandomStringUtils.randomNumeric(3)}",
            "BoardDirectorIDExpirydate": "2022/09/08",
            "ResidentNonResident": "N",
            "CountryofResidence": "ARE",
            "BoardDirectorIDtype": "PAS",
            "BoardDirectorIDNo": "${=org.apache.commons.lang.RandomStringUtils.randomAlphanumeric(9)}",
            "Blacklist": "N",
            "PEP": "N",
            "FATCARelevant": "N",
            "CRSRelevant": "N",
            "AreyouaUSCitizen": "N",
            "AreyouaUSTaxResident": "N",
            "WereyoubornintheUS": "N",
            "USAORUAE": "N",
            "TINAvailable": "Y",
            "TinNo1": "1",
            "TaxCountry1": "ARE",
            "TinNo2": "1",
            "TaxCountry2": "ARE",
            "TinNo3": "1",
            "TaxCountry3": "ARE",
            "TinNo4": "1",
            "TaxCountry4": "ARE",
            "TinNo5": "1",
            "TaxCountry5": "ARE",
            "FATCANoReason": "Reason A",
            "ReasonB": "${=org.apache.commons.lang.RandomStringUtils.randomAlphabetic(9)}",
            "BDCity": "00014",
            "BDState": "006",
            "BDCountry": "ARE",
            "IDGender": "M",
            "DateOfBirth": "2001/09/08",
            "IDNationality": "ARE"
        }
    ],
    "BeneficialOwners": [
        {
            "BeneficialName": "FaizaAPI${=org.apache.commons.lang.RandomStringUtils.randomNumeric(3)}",
            "BeneficialAddress": "Dubai Mall",
            "BeneficialIDNo": "7841968${=org.apache.commons.lang.RandomStringUtils.randomNumeric(7)}1",
            "BeneficialIDExpirydate": "2022-12-31",
            "ResidentNonResident": "N",
            "CountryOfResidence": "ARE",
            "BeneficialIDtype": "EID",
            "Blacklist": "N",
            "PEP": "N",
            "FATCARelevant": "N",
            "CRSRelevant": "N",
            "AreyouaUSCitizen": "N",
            "AreyouaUSTaxResident": "N",
            "WereyoubornintheUS": "N",
            "USAORUAE": "N",
            "TINAvailable": "Y",
            "TinNo1": "1",
            "TaxCountry1": "ARE",
            "TinNo2": "1",
            "TaxCountry2": "ARE",
            "TinNo3": "1",
            "TaxCountry3": "ARE",
            "TinNo4": "1",
            "TaxCountry4": "ARE",
            "TinNo5": "1",
            "TaxCountry5": "ARE",
            "FATCANoReason": "Reason A",
            "ReasonB": "${=org.apache.commons.lang.RandomStringUtils.randomAlphabetic(5)}",
            "BOCity": "00014",
            "BOState": "006",
            "BOCountry": "ARE",
            "IDGender": "M",
            "DateOfBirth": "2001/09/08",
            "IDNationality": "ARE"
        }        
    ]
    }</con:request>
        <con:originalUri>http://10.4.128.8/api/BankSmart/CreateCorporateCIF</con:originalUri>
        <con:assertion type="JsonPath Match" id="5f09210e-bfb9-436d-bb51-98cc4af4bc14" name="JSONPath Match">
          <con:configuration>
            <path>$['status']['statusMessage']</path>
            <content>"Success"</content>
            <allowWildcards>false</allowWildcards>
            <ignoreNamspaceDifferences>false</ignoreNamspaceDifferences>
            <ignoreComments>false</ignoreComments>
          </con:configuration>
        </con:assertion>
        <con:credentials>
          <con:username>vendor10-erc</con:username>
          <con:password>P@ssw0rd10</con:password>
          <con:selectedAuthProfile>Basic</con:selectedAuthProfile>
          <con:preemptive>true</con:preemptive>
          <con:addedBasicAuthenticationTypes>Basic</con:addedBasicAuthenticationTypes>
          <con:authType>Preemptive</con:authType>
        </con:credentials>
        <con:jmsConfig JMSDeliveryMode="PERSISTENT"/>
        <con:parameters>
          <con:entry key="Authorization" value="Basic dmVuZG9yNS1lcmM6UEBzc3cwcmQ1"/>
          <con:entry key="Content-Type" value="application/json"/>
        </con:parameters>
        <con:parameterOrder>
          <con:entry>Content-Type</con:entry>
          <con:entry>Authorization</con:entry>
        </con:parameterOrder>
      </con:restRequest>
    </con:config>
  </con:testStep>
  <con:testStep type="restrequest" name="CreateCorporateAccount" id="6c41768e-b4f0-4344-a93f-2e5fff71637c">
    <con:settings/>
    <con:config service="http://waqfedev.northeurope.cloudapp.azure.com:2181" resourcePath="/api/BankSmart/CreateCorporateAccount" methodName="CreateCorporateAccount" xsi:type="con:RestRequestStep" xmlns:xsi="http://www.w3.org/2001/XMLSchema-instance">
      <con:restRequest name="CreateCorporateAccount" id="b10fce92-1844-4f95-a0b5-faf1e9b9dc48" mediaType="application/json" postQueryString="false">
        <con:settings>
          <con:setting id="com.eviware.soapui.impl.wsdl.WsdlRequest@request-headers">&lt;xml-fragment/></con:setting>
        </con:settings>
        <con:endpoint>https://waqfepayment.gslb.sit.eradahcapital.com</con:endpoint>
        <con:request>{
    "SignOnRq": {
        "LogId": "${=java.util.UUID.randomUUID()}",
        "DateTime": "2019-03-06T00:00:00",
        "ChannelId": "10",
        "OurBranchId": "03"
    },
    "SignatureInstructions": "this is to allow all",
    "Acc": {
        "ClientID": "${CreateCorporateCIF#Response#$['content']['clientID']}",
        "ProductID": "CCAAED",
        "Name": "${CreateCorporateCIF#RawRequest#$['Cust']['Name']}",
        "Address": "${CreateCorporateCIF#RawRequest#$['Cust']['RegisteredAddressCorp']}",
        "CountryID": "ARE",
        "StateID": "006",
        "CityID": "00014",
        "StatementFrequency": "Y",
        "HoldMail": 1,
        "ZakatExemption": 1,
        "ContactPersonName": "${CreateCorporateCIF#RawRequest#$['Cust']['ContactName1Corp']}",
        "Designation": "",
        "Phone1": "${CreateCorporateCIF#RawRequest#$['Cust']['PhoneNumberCorp']}",
        "Phone2": "${CreateCorporateCIF#RawRequest#$['Cust']['AlternatePhonenumberCorp']}",
        "MobileNo": "${=org.apache.commons.lang.RandomStringUtils.randomNumeric(10)}",
        "Fax": "${=org.apache.commons.lang.RandomStringUtils.randomNumeric(10)}",
        "EmailID": "${CreateCorporateCIF#RawRequest#$['Cust']['EmailIDCorp']}",
        "IntroducerAccountNo": "${=org.apache.commons.lang.RandomStringUtils.randomNumeric(10)}",
        "IntroducedBy": "CGCorp${=org.apache.commons.lang.RandomStringUtils.randomNumeric(3)}",
        "IntroducerAddress": "Freser Suite${=org.apache.commons.lang.RandomStringUtils.randomNumeric(2)}",
        "IntroducerCityID": "00014",
        "IntroducerStateID": "006",
        "IntroducerCountryID": "ARE",
        "ModeOfOperation": "Company Mandate",
        "Reminder": "Reminder${=org.apache.commons.lang.RandomStringUtils.randomNumeric(3)}",
        "Notes": "Reminder Notes${=org.apache.commons.lang.RandomStringUtils.randomNumeric(3)}",
        "NatureID": "0101",
        "RelationshipCode": "CAD",
        "AllowCreditTransaction": 0,
        "AllowDebitTransaction": 0,
        "NotServiceCharges": 1,
        "NotStopPaymentCharges": 1,
        "NotChequeBookCharges": 1,
        "TurnOver": "Above 10M",
        "NoOfDrTrx": 1,
        "NoOfCrTrx": 1,
        "DrThresholdLimit": 1,
        "CrThresholdLimit": 1,
        "ProductCash": 1,
        "ProductClearing": 1,
        "ProductCollection": 1,
        "ProductRemittance": 1,
        "ProductCross": 1,
        "ProductOthers": 1,
        "ProductOthersDesc": "Remarks${=org.apache.commons.lang.RandomStringUtils.randomNumeric(3)}"
    }
}</con:request>
        <con:originalUri>http://10.4.128.8/api/BankSmart/CreateCorporateAccount</con:originalUri>
        <con:assertion type="JsonPath Match" id="35ba3203-16ff-4c09-a4a9-8bf72514f30c" name="JSONPath Match">
          <con:configuration>
            <path>$['status']['statusMessage']</path>
            <content>"Success"</content>
            <allowWildcards>false</allowWildcards>
            <ignoreNamspaceDifferences>false</ignoreNamspaceDifferences>
            <ignoreComments>false</ignoreComments>
          </con:configuration>
        </con:assertion>
        <con:credentials>
          <con:username>vendor10-erc</con:username>
          <con:password>P@ssw0rd10</con:password>
          <con:selectedAuthProfile>Basic</con:selectedAuthProfile>
          <con:preemptive>true</con:preemptive>
          <con:addedBasicAuthenticationTypes>Basic</con:addedBasicAuthenticationTypes>
          <con:authType>Preemptive</con:authType>
        </con:credentials>
        <con:jmsConfig JMSDeliveryMode="PERSISTENT"/>
        <con:parameters>
          <con:entry key="Authorization" value="Basic dmVuZG9yNS1lcmM6UEBzc3cwcmQ1"/>
          <con:entry key="Content-Type" value="application/json"/>
        </con:parameters>
        <con:parameterOrder>
          <con:entry>Content-Type</con:entry>
          <con:entry>Authorization</con:entry>
        </con:parameterOrder>
      </con:restRequest>
    </con:config>
  </con:testStep>
  <con:testStep type="restrequest" name="ScreeningLegalPersonModel" id="65c4086a-7410-4207-834c-54bcc226ab21">
    <con:settings/>
    <con:config service="http://waqfedev.northeurope.cloudapp.azure.com:2181" resourcePath="/api/IMTF/ScreeningLegalPersonModel" methodName="ScreeningLegalPersonModel" xsi:type="con:RestRequestStep" xmlns:xsi="http://www.w3.org/2001/XMLSchema-instance">
      <con:restRequest name="ScreeningLegalPersonModel" id="fb269761-0750-49ef-b1ce-71e6da1eb3a1" mediaType="application/json" postQueryString="false">
        <con:settings>
          <con:setting id="com.eviware.soapui.impl.wsdl.WsdlRequest@request-headers">&lt;xml-fragment/></con:setting>
        </con:settings>
        <con:endpoint>https://waqfepayment.gslb.sit.eradahcapital.com</con:endpoint>
        <con:request>{
    "SignOnRq": {
        "LogId": "${=java.util.UUID.randomUUID()}",
        "DateTime": "2019-03-06T00:00:00",
        "ChannelId": "10",
        "OurBranchId": "03"
    },
    "RootObject": {
        "RequestMetaData": {
            "type": "NBK_SCR_CRP",
            "sendTime": "22/01/2020 05:01:32.203714",
            "timeZone": "4",
            "userId": "SYSTEM",
            "requestUid": "${=java.util.UUID.randomUUID()}",
            "orgUnit": "ORG_GLOBAL/ORG_AE/AE_CORP",
            "branchCompanyId": "HAS",
            "branchLocationId": "784101",
            "systemId": "10",
            "serviceId": "NBK_SCR_CRP"
        },
        "RequestDataObject": {
            "DoiPerson": [
                {
                    "entityType": "3001",
                    "originId": "${CreateCorporateCIF#Response#$['content']['clientID']}",
                    "listId": "ORG_GLOBAL/ORG_AE/AE_CORP/CUS",
                    "legalStatus": "L",
                    "lastName": "${CreateCorporateAccount#Response#$['content']['name']}",
                    "activityCode": "${CreateCorporateCIF#RawRequest#$['Cust']['GroupCode']}",
				"businessCode": "${CreateCorporateCIF#RawRequest#$['Cust']['BusinessActivity']}",
                    "startDtg": "1/5/2006 00:00:00.000000",
                    "giin": "5645645",
                    "tin": "546546456",
                    "DoiPersonPhysChar": [
                        {
                            "originId": "${CreateCorporateCIF#Response#$['content']['clientID']}",
                            "listId": "ORG_GLOBAL/ORG_AE/AE_CORP/CUS",
                            "nationality": "ARE"
                        },
                        {
                            "originId": "${CreateCorporateCIF#Response#$['content']['clientID']}_SIC_4",
                            "listId": "ORG_GLOBAL/ORG_AE/AE_CORP/CUS",
                            "businessCode": "${CreateCorporateCIF#RawRequest#$['Cust']['BusinessActivity']}"
                        }
                    ],
                    "DoiIdentificationDocEntity": [
                        {
                            "entityType": "18",
                            "originId": "${CreateCorporateCIF#Response#$['content']['clientID']}_1",
                            "listId": "ORG_GLOBAL/ORG_AE/AE_CORP/CUS_ID",
                            "type": "TLL",
                            "issuingCountry": "ARE",
                            "number": "${CreateCorporateCIF#RawRequest#$['Cust']['TradeLicenseNumberCorp']}",
                            "startDtg": "1/5/2006 00:00:00.000000",
                            "endDtg": "30/4/2020 00:00:00.000000"
                        }
                    ],
                    "DoiLocation": [
                        {
                            "entityType": "21",
                            "originId": "${CreateCorporateCIF#Response#$['content']['clientID']}_2",
                            "listId": "ORG_GLOBAL/ORG_AE/AE_CORP/CUS_ADR",
                            "fullStreetAddress": "${CreateCorporateCIF#RawRequest#$['Cust']['RegisteredAddressCorp']}",
                            "country": "ARE",
                            "addressPurposeId": "001",
                            "city": "Dubai City"
                        }
                    ],
                    "DoiPhoneEntity": [
                        {
                            "entityType": "10",
                            "originId": "${CreateCorporateCIF#Response#$['content']['clientID']}_3",
                            "listId": "ORG_GLOBAL/ORG_AE/AE_CORP/CUS_4N",
                            "number": "${CreateCorporateCIF#RawRequest#$['Cust']['PhoneNumberCorp']}"
                        }
                    ],
                    "DoiEMailEntity": [
                        {
                            "entityType": "16",
                            "originId": "${CreateCorporateCIF#Response#$['content']['clientID']}_5",
                            "listId": "ORG_GLOBAL/ORG_AE/AE_CORP/CUS_EMAIL",
                            "email": "${CreateCorporateCIF#RawRequest#$['Cust']['EmailIDCorp']}"
                        }
                    ],
                    "DoiRelation": [
                        {
                            "entityType": "2000",
                            "originId": "${CreateCorporateCIF#Response#$['content']['clientID']}_REL1",
                            "listId": "ORG_GLOBAL/ORG_AE/AE_CORP/RELAT",
                            "originIdEnd2": "${CreateCorporateCIF#Response#$['content']['clientID']}_Contact",
                            "linkDirection": "0",
                            "description": "ContactName",
                            "originIdEnd1": "${CreateCorporateCIF#Response#$['content']['clientID']}"
                        },
                        {
                            "entityType": "2000",
                            "originId": "${CreateCorporateCIF#Response#$['content']['clientID']}_REL2",
                            "listId": "ORG_GLOBAL/ORG_AE/AE_CORP/RELAT",
                            "originIdEnd2": "${CreateCorporateCIF#Response#$['content']['clientID']}_Rep_SH_${CreateCorporateCIF#Response#$['content']['shareHolderID'][0]['id']}",
                            "linkDirection": "0",
                            "linkWeight": "100.00",
                            "description": "ShareHolder",
                            "originIdEnd1": "${CreateCorporateCIF#Response#$['content']['clientID']}"
                        },
                        {
                            "entityType": "2000",
                            "originId": "${CreateCorporateCIF#Response#$['content']['clientID']}_REL3",
                            "listId": "ORG_GLOBAL/ORG_AE/AE_CORP/RELAT",
                            "originIdEnd2": "${CreateCorporateCIF#Response#$['content']['clientID']}_Rep_SG_${CreateCorporateCIF#Response#$['content']['authorisedSignatorieID'][0]['id']}",
                            "linkDirection": "0",
                            "description": "Authorised Signatories",
                            "originIdEnd1": "${CreateCorporateCIF#Response#$['content']['clientID']}"
                        },
                        {
                            "entityType": "2000",
                            "originId": "${CreateCorporateCIF#Response#$['content']['clientID']}_REL4",
                            "listId": "ORG_GLOBAL/ORG_AE/AE_CORP/RELAT",
                            "originIdEnd2": "${CreateCorporateCIF#Response#$['content']['clientID']}_Rep_BD_${CreateCorporateCIF#Response#$['content']['boardDirectors'][0]['id']}",
                            "linkDirection": "0",
                            "description": "Board Director",
                            "originIdEnd1": "${CreateCorporateCIF#Response#$['content']['clientID']}"
                        },
                        {
                            "entityType": "2000",
                            "originId": "${CreateCorporateCIF#Response#$['content']['clientID']}_REL5",
                            "listId": "ORG_GLOBAL/ORG_AE/AE_CORP/RELAT",
                            "originIdEnd2": "${CreateCorporateCIF#Response#$['content']['clientID']}_Rep_BO_${CreateCorporateCIF#Response#$['content']['beneficialOwner'][0]['id']}",
                            "linkDirection": "0",
                            "description": "Beneficial Owners",
                            "originIdEnd1": "${CreateCorporateCIF#Response#$['content']['clientID']}"
                        }
                    ],
                    "DoiAccountEntity": [
                        {
                            "entityType": "4",
                            "originId": "${CreateCorporateAccount#Response#$['content']['accountID']}",
                            "listId": "ORG_GLOBAL/ORG_AE/AE_CORP/CUS_ACC",
                            "accountType": "${CreateCorporateAccount#RawRequest#$['Acc']['ProductID']}",
                            "accountNumber": "${CreateCorporateAccount#Response#$['content']['accountID']}",
                            "bankIban": "${CreateCorporateAccount#Response#$['content']['iban']}",
                            "branchCountry": "AE",
                            "status": "InActive",
                            "openingDate": "22/01/2020 05:01:32.644816",
                            "DoiAccountBalance": [
                                {
                                    "originId": "${CreateCorporateAccount#Response#$['content']['accountID']}",
                                    "listId": "ORG_GLOBAL/ORG_AE/AE_CORP/CUS_ACC",
                                    "baseAmountBalance": "0",
                                    "baseCurrency": "AED",
                                    "balanceDate": "22/01/2020 05:01:32.644816"
                                }
                            ]
                        }
                    ],
                    "fullName": "${CreateCorporateAccount#Response#$['content']['name']}",
                    "DoiRisk": [
                        {
                            "originId": "${CreateCorporateCIF#Response#$['content']['clientID']}_BLK",
                            "listId": "ORG_GLOBAL/ORG_AE/AE_CORP/CUS",
                            "riskCategory": "16) Blacklist Flag",
                            "riskSubCategory": "Confirmed Blacklist",
                            "riskScoring": 0
                        },
                        {
                            "originId": "${CreateCorporateCIF#Response#$['content']['clientID']}_PEP",
                            "listId": "ORG_GLOBAL/ORG_AE/AE_CORP/CUS",
                            "riskCategory": "15) PEP Flag",
                            "riskSubCategory": "Confirmed PEP",
                            "riskScoring": 0
                        }
                    ]
                },
                {
                    "entityType": "3001",
                    "originId": "${CreateCorporateCIF#Response#$['content']['clientID']}_Contact",
                    "listId": "ORG_GLOBAL/ORG_AE/AE_CORP/REP",
                    "legalStatus": "L",
                    "DoiRelation": [],
                    "fullName": "${CreateCorporateAccount#Response#$['content']['name']}"
                },
                {
                    "entityType": "3001",
                    "originId": "${CreateCorporateCIF#Response#$['content']['clientID']}_Rep_SH_${CreateCorporateCIF#Response#$['content']['shareHolderID'][0]['id']}",
                    "listId": "ORG_GLOBAL/ORG_AE/AE_CORP/REP",
                    "legalStatus": "N",
                    "tin": "",
                    "DoiIdentificationDocEntity": [
                        {
                            "entityType": "18",
                            "originId": "${CreateCorporateCIF#Response#$['content']['clientID']}_Rep_SH_${CreateCorporateCIF#Response#$['content']['shareHolderID'][0]['id']}",
                            "listId": "ORG_GLOBAL/ORG_AE/AE_CORP/REP_ID",
                            "type": "EID",
                            "issuingCountry": "ARE",
                            "number": "${CreateCorporateCIF#RawRequest#$['ShareHolders'][0]['ShareholdersIDNo']}",
                            "endDtg": "27/02/2022 00: 02:00.000000"
                        }
                    ],
                    "DoiRelation": [],
                    "fullName": "${CreateCorporateCIF#Response#$['content']['shareHolderID'][0]['name']}",
                    "dob": "08/09/1975 00:00:00.000000"
                },
                {
                    "entityType": "3001",
                    "originId": "${CreateCorporateCIF#Response#$['content']['clientID']}_Rep_SG_${CreateCorporateCIF#Response#$['content']['authorisedSignatorieID'][0]['id']}",
                    "listId": "ORG_GLOBAL/ORG_AE/AE_CORP/REP",
                    "legalStatus": "N",
                    "tin": "",
                    "DoiIdentificationDocEntity": [
                        {
                            "entityType": "18",
                            "originId": "${CreateCorporateCIF#Response#$['content']['clientID']}_Rep_SG_${CreateCorporateCIF#Response#$['content']['authorisedSignatorieID'][0]['id']}",
                            "listId": "ORG_GLOBAL/ORG_AE/AE_CORP/REP_ID",
                            "type": "PAS",
                            "issuingCountry": "ARE",
                            "number": "${CreateCorporateCIF#RawRequest#$['Authignatories'][0]['AuthorisedsignatoryIDNumber1']}",
                            "endDtg": "04/12/2022 00: 12:00.000000"
                        }
                    ],
                    "DoiPhoneEntity": [
                        {
                            "entityType": "10",
                            "originId": "${CreateCorporateCIF#Response#$['content']['clientID']}_Rep_SG_${CreateCorporateCIF#Response#$['content']['authorisedSignatorieID'][0]['id']}",
                            "listId": "ORG_GLOBAL/ORG_AE/AE_CORP/REP_4N",
                            "number": "${CreateCorporateCIF#RawRequest#$['Authignatories'][0]['PhoneNumber']}"
                        }
                    ],
                    "DoiEMailEntity": [
                        {
                            "entityType": "16",
                            "originId": "${CreateCorporateCIF#Response#$['content']['clientID']}_Rep_SG_${CreateCorporateCIF#Response#$['content']['authorisedSignatorieID'][0]['id']}",
                            "listId": "ORG_GLOBAL/ORG_AE/AE_CORP/REP_EMAIL",
                            "email": "${CreateCorporateCIF#RawRequest#$['Authignatories'][0]['EmailID']}"
                        }
                    ],
                    "DoiRelation": [],
                    "fullName": "${CreateCorporateCIF#Response#$['content']['authorisedSignatorieID'][0]['name']}",
                    "dob": "08/09/1975 00:00:00.000000"
                },
                {
                    "entityType": "3001",
                    "originId": "${CreateCorporateCIF#Response#$['content']['clientID']}_Rep_BD_${CreateCorporateCIF#Response#$['content']['boardDirectors'][0]['id']}",
                    "listId": "ORG_GLOBAL/ORG_AE/AE_CORP/REP",
                    "legalStatus": "N",
                    "tin": "",
                    "DoiIdentificationDocEntity": [
                        {
                            "entityType": "18",
                            "originId": "${CreateCorporateCIF#Response#$['content']['clientID']}_Rep_BD_${CreateCorporateCIF#Response#$['content']['boardDirectors'][0]['id']}",
                            "listId": "ORG_GLOBAL/ORG_AE/AE_CORP/REP_ID",
                            "type": "PAS",
                            "issuingCountry": "ARE",
                            "number": "${CreateCorporateCIF#RawRequest#$['BoardDirectors'][0]['BoardDirectorIDNo']}",
                            "endDtg": "27/02/2021 00:02:00.000000"
                        }
                    ],
                    "DoiLocation": [
                        {
                            "entityType": "21",
                            "originId": "${CreateCorporateCIF#Response#$['content']['clientID']}_Rep_BD_${CreateCorporateCIF#Response#$['content']['boardDirectors'][0]['id']}",
                            "listId": "ORG_GLOBAL/ORG_AE/AE_CORP/REP_ADR",
                            "country": "ARE"
                        }
                    ],
                    "DoiRelation": [],
                    "fullName": "${CreateCorporateCIF#Response#$['content']['boardDirectors'][0]['name']}",
                    "dob": "08/09/1975 00:02:00.000000"
                },
				{
                    "entityType": "3001",
                    "originId": "${CreateCorporateCIF#Response#$['content']['clientID']}_Rep_BO_${CreateCorporateCIF#Response#$['content']['boardDirectors'][0]['id']}",
                    "listId": "ORG_GLOBAL/ORG_AE/AE_CORP/REP",
                    "legalStatus": "N",
                    "tin": "",
                    "DoiIdentificationDocEntity": [
                        {
                            "entityType": "18",
                            "originId": "${CreateCorporateCIF#Response#$['content']['clientID']}_Rep_BO_${CreateCorporateCIF#Response#$['content']['beneficialOwner'][0]['id']}",
                            "listId": "ORG_GLOBAL/ORG_AE/AE_CORP/REP_ID",
                            "type": "EID",
                            "issuingCountry": "ARE",
                            "number": "${CreateCorporateCIF#RawRequest#$['BeneficialOwners'][0]['BeneficialIDNo']}",
                            "endDtg": "27/02/2022 00:02:00.000000"
                        }
                    ],
                    "DoiLocation": [
                        {
                            "entityType": "21",
                            "originId": "${CreateCorporateCIF#Response#$['content']['clientID']}_Rep_BO_${CreateCorporateCIF#Response#$['content']['beneficialOwner'][0]['id']}",
                            "listId": "ORG_GLOBAL/ORG_AE/AE_CORP/REP_ADR",
                            "country": "ARE"
                        }
                    ],
                    "DoiRelation": [],
                    "fullName": "${CreateCorporateCIF#RawRequest#$['BoardDirectors'][0]['BoardDirectorName']}",
                    "dob": "08/09/1975 00:02:00.000000"
                }
            ]
        }
    }
}</con:request>
        <con:originalUri>http://10.4.128.8/api/IMTF/ScreeningLegalPersonModel</con:originalUri>
        <con:assertion type="Valid HTTP Status Codes" id="955bb9ab-4478-430f-b478-d9455ef22803" name="Valid HTTP Status Codes">
          <con:settings/>
          <con:configuration>
            <codes>200</codes>
          </con:configuration>
        </con:assertion>
        <con:credentials>
          <con:username>vendor10-erc</con:username>
          <con:password>P@ssw0rd10</con:password>
          <con:selectedAuthProfile>Basic</con:selectedAuthProfile>
          <con:preemptive>true</con:preemptive>
          <con:addedBasicAuthenticationTypes>Basic</con:addedBasicAuthenticationTypes>
          <con:authType>Preemptive</con:authType>
        </con:credentials>
        <con:jmsConfig JMSDeliveryMode="PERSISTENT"/>
        <con:parameters>
          <con:entry key="Content-Type" value="application/json"/>
        </con:parameters>
        <con:parameterOrder>
          <con:entry>Content-Type</con:entry>
        </con:parameterOrder>
      </con:restRequest>
    </con:config>
  </con:testStep>
  <con:testStep type="restrequest" name="UpdateAccountStatus" id="72694031-526f-484d-89f5-e37bdedb660f">
    <con:settings/>
    <con:config service="http://waqfedev.northeurope.cloudapp.azure.com:2181" resourcePath="/api/BankSmart/UpdateAccountStatus" methodName="UpdateAccountStatus" xsi:type="con:RestRequestStep" xmlns:xsi="http://www.w3.org/2001/XMLSchema-instance">
      <con:restRequest name="UpdateAccountStatus" id="c9f0e968-f1a1-43af-b948-6c364c153869" mediaType="application/json" postQueryString="false">
        <con:settings>
          <con:setting id="com.eviware.soapui.impl.wsdl.WsdlRequest@request-headers">&lt;xml-fragment/></con:setting>
        </con:settings>
        <con:endpoint>https://waqfepayment.gslb.sit.eradahcapital.com</con:endpoint>
        <con:request>{
                 "signOnRq":{ 
                "LogId": "${=java.util.UUID.randomUUID()}",
                  "DateTime":"2019-09-03T00:00:00",
                  "ChannelId":"10",
                 "OurBranchId":"03"},
				"AccountID":"${CreateCorporateAccount#Response#$['content']['accountID']}",
				"Status":""
     }</con:request>
        <con:originalUri>http://10.4.128.8/api/BankSmart/UpdateAccountStatus</con:originalUri>
        <con:assertion type="JsonPath Match" id="6872b6af-c509-47e1-9729-c42061c1a61c" name="JSONPath Match">
          <con:configuration>
            <path>$['status']['statusMessage']</path>
            <content>"Success"</content>
            <allowWildcards>false</allowWildcards>
            <ignoreNamspaceDifferences>false</ignoreNamspaceDifferences>
            <ignoreComments>false</ignoreComments>
          </con:configuration>
        </con:assertion>
        <con:credentials>
          <con:username>vendor10-erc</con:username>
          <con:password>P@ssw0rd10</con:password>
          <con:selectedAuthProfile>Basic</con:selectedAuthProfile>
          <con:preemptive>true</con:preemptive>
          <con:addedBasicAuthenticationTypes>Basic</con:addedBasicAuthenticationTypes>
          <con:authType>Preemptive</con:authType>
        </con:credentials>
        <con:jmsConfig JMSDeliveryMode="PERSISTENT"/>
        <con:parameters>
          <con:entry key="Authorization" value="Basic dmVuZG9yNS1lcmM6UEBzc3cwcmQ1"/>
          <con:entry key="Content-Type" value="application/json"/>
        </con:parameters>
        <con:parameterOrder>
          <con:entry>Content-Type</con:entry>
          <con:entry>Authorization</con:entry>
        </con:parameterOrder>
      </con:restRequest>
    </con:config>
  </con:testStep>
  <con:testStep type="restrequest" name="FacilityCreate" id="42819628-9da9-4bfe-b2cf-5d47343572ad">
    <con:settings/>
    <con:config service="http://waqfedev.northeurope.cloudapp.azure.com:2181" resourcePath="/api/BankSmart/FacilityCreate" methodName="FacilityCreate" xsi:type="con:RestRequestStep" xmlns:xsi="http://www.w3.org/2001/XMLSchema-instance">
      <con:restRequest name="FacilityCreate" id="2a852ba6-ada1-45bb-b33e-408f221f2733" mediaType="application/json" postQueryString="false">
        <con:settings>
          <con:setting id="com.eviware.soapui.impl.wsdl.WsdlRequest@request-headers">&lt;xml-fragment/></con:setting>
        </con:settings>
        <con:endpoint>https://waqfepayment.gslb.sit.eradahcapital.com</con:endpoint>
        <con:request>{
    "SignOnRq": {
        "LogId": "${=java.util.UUID.randomUUID()}",
        "DateTime": "2018-06-25 18:16:23",
        "ChannelId": "2",
        "OurBranchId": "03"
    },
    "ClientID": "${CreateCorporateCIF#Response#$['content']['clientID']}",
    "ReviewDate": "2020-12-31",
    "ExpiryDate": "2022-12-31",
    "LimitSecuredType": "Secured",
    "LimitType": "Fixed",
    "Description": "OD Facility${=org.apache.commons.lang.RandomStringUtils.randomNumeric(3)}",
    "FacilityRefNo": "${=org.apache.commons.lang.RandomStringUtils.randomNumeric(6)}",
    "AskingLimit": 1000000,
    "Products": [
        {
            "ProductID": "PPFAED",
            "LimitType": "Fixed",
            "Limit": "1000000"
        }
    ],
        "Collaterals": [
//        {
//            "CollateralID": "DYs0U74s1UqJWgaPIBfWPHUx"
//        }
    ]
}</con:request>
        <con:originalUri>http://waqfedev.northeurope.cloudapp.azure.com/api/BankSmart/FacilityCreate</con:originalUri>
        <con:assertion type="Simple Contains" id="452772fc-2193-4d06-b4bd-c8dac3d96782" name="Contains">
          <con:configuration>
            <token>Success</token>
            <ignoreCase>false</ignoreCase>
            <useRegEx>false</useRegEx>
          </con:configuration>
        </con:assertion>
        <con:assertion type="JsonPath Match" id="5e21c81b-7b99-4db0-8f25-212365e50e8c" name="JSONPath Match">
          <con:configuration>
            <path>$['status']['code']</path>
            <content>MSG-000000</content>
            <allowWildcards>false</allowWildcards>
            <ignoreNamspaceDifferences>false</ignoreNamspaceDifferences>
            <ignoreComments>false</ignoreComments>
          </con:configuration>
        </con:assertion>
        <con:credentials>
          <con:username>vendor2-erc</con:username>
          <con:password>aA1!asdf</con:password>
          <con:selectedAuthProfile>Basic</con:selectedAuthProfile>
          <con:preemptive>true</con:preemptive>
          <con:addedBasicAuthenticationTypes>Basic</con:addedBasicAuthenticationTypes>
          <con:authType>Preemptive</con:authType>
        </con:credentials>
        <con:jmsConfig JMSDeliveryMode="PERSISTENT"/>
        <con:parameters>
          <con:entry key="Content-Type" value="application/json"/>
        </con:parameters>
        <con:parameterOrder>
          <con:entry>Content-Type</con:entry>
        </con:parameterOrder>
      </con:restRequest>
    </con:config>
  </con:testStep>
  <con:testStep type="restrequest" name="CollateralCreate" id="e600edff-2831-4a26-b5b8-c08cc02403c1">
    <con:settings/>
    <con:config service="http://waqfedev.northeurope.cloudapp.azure.com:2181" resourcePath="/api/BankSmart/CollateralCreate" methodName="CollateralCreate" xsi:type="con:RestRequestStep" xmlns:xsi="http://www.w3.org/2001/XMLSchema-instance">
      <con:restRequest name="CollateralCreate" id="d0e953ef-cc37-41bc-851f-e14ae7289e18" mediaType="application/json" postQueryString="false">
        <con:settings>
          <con:setting id="com.eviware.soapui.impl.wsdl.WsdlRequest@request-headers">&lt;xml-fragment/></con:setting>
        </con:settings>
        <con:endpoint>https://waqfepayment.gslb.sit.eradahcapital.com</con:endpoint>
        <con:request>{
    "SignOnRq": {
        "LogId": "${=java.util.UUID.randomUUID()}",
        "DateTime": "2018-06-25 18:16:23",
        "ChannelId": "2",
        "OurBranchId": "03"
    },
    "ClientID": "${CreateCorporateCIF#Response#$['content']['clientID']}",
    "CurrencyID": "AED",
    "Description": "Description of Collateral${=org.apache.commons.lang.RandomStringUtils.randomNumeric(3)}",
    "CollateralTypeID": "COLL_ASSIGN",
    "CollateralStatusID": "05",
    "CollateralValue": "1000000",
    "ExRate": "1.00",
    "LocalEq": "1000000",
    "Margin": "20",
    "ReviewDate": "2021-01-31",
    "ExpiryDate": "2022-12-09"
}</con:request>
        <con:originalUri>http://waqfedev.northeurope.cloudapp.azure.com/api/BankSmart/CollateralCreate</con:originalUri>
        <con:assertion type="Simple Contains" id="59447b5c-2867-4ab4-8d92-b61dae5afd00" name="Contains">
          <con:configuration>
            <token>Success</token>
            <ignoreCase>false</ignoreCase>
            <useRegEx>false</useRegEx>
          </con:configuration>
        </con:assertion>
        <con:credentials>
          <con:username>vendor2-erc</con:username>
          <con:password>aA1!asdf</con:password>
          <con:selectedAuthProfile>Basic</con:selectedAuthProfile>
          <con:preemptive>true</con:preemptive>
          <con:addedBasicAuthenticationTypes>Basic</con:addedBasicAuthenticationTypes>
          <con:authType>Preemptive</con:authType>
        </con:credentials>
        <con:jmsConfig JMSDeliveryMode="PERSISTENT"/>
        <con:parameters>
          <con:entry key="Content-Type" value="${DataSource#Content-Type}"/>
        </con:parameters>
        <con:parameterOrder>
          <con:entry>Content-Type</con:entry>
        </con:parameterOrder>
      </con:restRequest>
    </con:config>
  </con:testStep>
  <con:testStep type="restrequest" name="LoanCreateAccounts" id="54f6b2bc-792a-4470-8581-5380ff4e77bd">
    <con:settings/>
    <con:config service="http://waqfedev.northeurope.cloudapp.azure.com:2181" resourcePath="/api/BankSmart/LoanCreateAccounts" methodName="LoanCreateAccounts" xsi:type="con:RestRequestStep" xmlns:xsi="http://www.w3.org/2001/XMLSchema-instance">
      <con:restRequest name="LoanCreateAccounts" id="54dd8132-ea0f-4c5f-9ebb-34361e5f7285" mediaType="application/json" postQueryString="false">
        <con:settings>
          <con:setting id="com.eviware.soapui.impl.wsdl.WsdlRequest@request-headers">&lt;xml-fragment/></con:setting>
        </con:settings>
        <con:endpoint>https://waqfepayment.gslb.sit.eradahcapital.com</con:endpoint>
        <con:request>{
	"SignOnRq":{
		"LogId": "${=java.util.UUID.randomUUID()}",
		"DateTime": "2019-05-05",
		"ChannelId": "2",
		"OurBranchId": "03"
	},
	"ClientID": "${CreateCorporateCIF#Response#$['content']['clientID']}",
	"ProductID": "PPFAED",
//	"CreateNew":"1"
}</con:request>
        <con:originalUri>http://waqfedev.northeurope.cloudapp.azure.com/api/BankSmart/LoanCreateAccounts</con:originalUri>
        <con:assertion type="JsonPath Match" id="93792f8f-36ea-4378-abfb-0a8e5eeea901" name="JSONPath Match">
          <con:configuration>
            <path>$['status']['statusMessage']</path>
            <content>"Success"</content>
            <allowWildcards>false</allowWildcards>
            <ignoreNamspaceDifferences>false</ignoreNamspaceDifferences>
            <ignoreComments>false</ignoreComments>
          </con:configuration>
        </con:assertion>
        <con:credentials>
          <con:username>vendor2-erc</con:username>
          <con:password>aA1!asdf</con:password>
          <con:selectedAuthProfile>Basic</con:selectedAuthProfile>
          <con:preemptive>true</con:preemptive>
          <con:addedBasicAuthenticationTypes>Basic</con:addedBasicAuthenticationTypes>
          <con:authType>Preemptive</con:authType>
        </con:credentials>
        <con:jmsConfig JMSDeliveryMode="PERSISTENT"/>
        <con:parameters>
          <con:entry key="Content-Type" value="${DataSource#Content-Type}"/>
        </con:parameters>
        <con:parameterOrder>
          <con:entry>Content-Type</con:entry>
        </con:parameterOrder>
      </con:restRequest>
    </con:config>
  </con:testStep>
  <con:testStep type="restrequest" name="AccountLimitCreate" id="355414a3-eee9-4461-950b-e8b1de82a922">
    <con:settings/>
    <con:config service="http://waqfedev.northeurope.cloudapp.azure.com:2181" resourcePath="/api/BankSmart/AccountLimitCreate" methodName="AccountLimitCreate" xsi:type="con:RestRequestStep" xmlns:xsi="http://www.w3.org/2001/XMLSchema-instance">
      <con:restRequest name="AccountLimitCreate" id="33b0eb4a-aeaa-4987-9e4d-97ebbe31adc0" mediaType="application/json" postQueryString="false">
        <con:settings>
          <con:setting id="com.eviware.soapui.impl.wsdl.WsdlRequest@request-headers">&lt;xml-fragment/></con:setting>
        </con:settings>
        <con:endpoint>https://waqfepayment.gslb.sit.eradahcapital.com</con:endpoint>
        <con:request>{
 "SignOnRq":{
  "LogId": "${=java.util.UUID.randomUUID()}",
  "DateTime": "2020-05-27",
  "ChannelId": "2",
  "OurBranchId": "03"
 },
    "FacilityID": "${FacilityCreate#Response#$['content']['facilityID']}",
    "AccountID": "${LoanCreateAccounts#Response#$['content']['loanAccounts'][0]['accountID']}",
    "Limit": 200000,
    "EffectiveDate": "2020-05-27",
    "Limit1": 200000,
    "RateType1": "L",
    "RateID1": "001",
    "Margin1": "1",
    "MinRate1":null,
    "Rate1": 5.5,
    "Limit2": 150000,
    "RateType2": "L",
    "RateID2": "001",
    "MinRate2":null,
    "Margin2": "1.5",
    "Rate2": 5.7,
    "Limit3": 200000,
    "RateType3": "L",
    "RateID3": "001",
    "Margin3": "2",
    "MinRate3": null,
    "Rate3": 5.9,
    "ExcessRateType": "L",
    "ExcessRateID": "001",
    "ExcessMargin": "3",
    "ExcessMinRate":null,
    "ExcessRate": 6
}</con:request>
        <con:originalUri>http://waqfedev.northeurope.cloudapp.azure.com/api/BankSmart/AccountLimitCreate</con:originalUri>
        <con:assertion type="JsonPath Match" id="35e0fbd3-0874-40e9-ab32-aa1d9cb33ff0" name="JSONPath Match">
          <con:configuration>
            <path>$['status']['statusMessage']</path>
            <content>"Success"</content>
            <allowWildcards>false</allowWildcards>
            <ignoreNamspaceDifferences>false</ignoreNamspaceDifferences>
            <ignoreComments>false</ignoreComments>
          </con:configuration>
        </con:assertion>
        <con:credentials>
          <con:username>vendor2-erc</con:username>
          <con:password>aA1!asdf</con:password>
          <con:selectedAuthProfile>Basic</con:selectedAuthProfile>
          <con:preemptive>true</con:preemptive>
          <con:addedBasicAuthenticationTypes>Basic</con:addedBasicAuthenticationTypes>
          <con:authType>Preemptive</con:authType>
        </con:credentials>
        <con:jmsConfig JMSDeliveryMode="PERSISTENT"/>
        <con:parameters>
          <con:entry key="Content-Type" value="application/json"/>
        </con:parameters>
        <con:parameterOrder>
          <con:entry>Content-Type</con:entry>
        </con:parameterOrder>
      </con:restRequest>
    </con:config>
  </con:testStep>
  <con:testStep type="restrequest" name="Disbursementv2" id="d6e0887c-2244-435a-a98a-083debdca679">
    <con:settings/>
    <con:config service="http://waqfedev.northeurope.cloudapp.azure.com:2181" resourcePath="/api/BankSmart/DisbursementV2" methodName="LoanDisbursement" xsi:type="con:RestRequestStep" xmlns:xsi="http://www.w3.org/2001/XMLSchema-instance">
      <con:restRequest name="Disbursementv2" id="054c0aae-c8c9-4b42-9f99-7ecdae0fd552" mediaType="application/json" postQueryString="false">
        <con:settings>
          <con:setting id="com.eviware.soapui.impl.wsdl.WsdlRequest@request-headers">&lt;xml-fragment/></con:setting>
        </con:settings>
        <con:endpoint>https://waqfepayment.gslb.sit.eradahcapital.com</con:endpoint>
        <con:request>{
    "signOnRq": {
        "logId": "${=java.util.UUID.randomUUID()}",
        "dateTime": "2020-07-15T09:00:37.096Z",
        "channelId": "2",
        "ourBranchId": "03"
    },
    "accountID": "${LoanCreateAccounts#Response#$['content']['loanAccounts'][0]['accountID']}",
    "loanCategoryID": "001",
    "tenureType": "M",
    "tenure": 8,
    "method": "B",
    "rePaymentMode": "M",
    "gracePeriod": 0,
    "rateType": "F",
    "interestRate": 4,
    "margin": 0,
    "loanAmount": 1,
    "esFeeType": "Percentage",
    "minEsFee": 2000,
    "esFeePercentage": 1,
    "remarks": "asdfsa",
    "disbursementMode": "S",
    "disbAccountID": "${LoanCreateAccounts#Response#$['content']['loanAccounts'][2]['accountID']}",
    "feesAccountID": "${LoanCreateAccounts#Response#$['content']['loanAccounts'][2]['accountID']}",
    "trxAccountID": "${LoanCreateAccounts#Response#$['content']['loanAccounts'][2]['accountID']}",
    "recAccountID": "${LoanCreateAccounts#Response#$['content']['loanAccounts'][1]['accountID']}",
    "interestAccountID": "${LoanCreateAccounts#Response#$['content']['loanAccounts'][2]['accountID']}",
    "charges": [
//        {
//            "chargeID": "001",
//            "chargeType": "M",
//            "charges": 1
//        }
    ],
	"manualSchedule": [
//    {
//      "percentage": 0,
//      "dueDate": "2020-12-15T09:00:37.096Z"
//    }
  ],
  "penalRate": 0,
  "facilityID": "${FacilityCreate#Response#$['content']['facilityID']}"
}</con:request>
        <con:originalUri>http://waqfedev.northeurope.cloudapp.azure.com/api/BankSmart/LoanDisbursement</con:originalUri>
        <con:assertion type="Valid HTTP Status Codes" id="78239297-c4f1-4399-8d6b-c1ba0a027c44" name="Valid HTTP Status Codes">
          <con:settings/>
          <con:configuration>
            <codes>200</codes>
          </con:configuration>
        </con:assertion>
        <con:credentials>
          <con:username>vendor2-erc</con:username>
          <con:password>aA1!asdf</con:password>
          <con:selectedAuthProfile>Basic</con:selectedAuthProfile>
          <con:preemptive>true</con:preemptive>
          <con:addedBasicAuthenticationTypes>Basic</con:addedBasicAuthenticationTypes>
          <con:authType>Preemptive</con:authType>
        </con:credentials>
        <con:jmsConfig JMSDeliveryMode="PERSISTENT"/>
        <con:parameters>
          <con:entry key="Content-Type" value="application/json"/>
        </con:parameters>
        <con:parameterOrder>
          <con:entry>Content-Type</con:entry>
        </con:parameterOrder>
      </con:restRequest>
    </con:config>
  </con:testStep>
  <con:properties>
    <con:property>
      <con:name>Date</con:name>
      <con:value>2021-03-04</con:value>
    </con:property>
  </con:properties>
  <con:reportParameters/>
  <con:breakPoints>
    <con:testStepId>fdf90dda-a649-4c45-80b4-5581d42dda3b</con:testStepId>
    <con:status>NONE</con:status>
    <con:properties/>
  </con:breakPoints>
  <con:breakPoints>
    <con:testStepId>e16b13f5-fe9e-45f0-9016-6ddd43a53747</con:testStepId>
    <con:status>NONE</con:status>
    <con:properties/>
  </con:breakPoints>
</con:testCase>
