<?xml version="1.0" encoding="UTF-8"?>
<con:soapui-project id="7de80b17-67d9-4814-87d5-b2f32d4198a7" created="3.2.7" activeEnvironment="Default environment" name="Shipa_MLP-UAT" updated="3.20.1 2022-01-18T13:40:47Z" encryptionMode="Not encrypted" resourceRoot="" abortOnError="false" runType="SEQUENTIAL" soapui-version="5.6.0" xmlns:con="http://eviware.com/soapui/config">
  <con:settings>
    <con:setting id="IncludeOverview">true</con:setting>
    <con:setting id="IncludeResults">true</con:setting>
    <con:setting id="FlowLayout">true</con:setting>
    <con:setting id="ErrorDetails">true</con:setting>
    <con:setting id="IncludeCoverage">true</con:setting>
  </con:settings>
  <con:interface xsi:type="con:RestService" id="097468fa-655a-4a9c-9cca-6cf61607c774" wadlVersion="http://wadl.dev.java.net/2009/02" name="https://4344065-sb1.restlets.api.netsuite.com" type="rest" xmlns:xsi="http://www.w3.org/2001/XMLSchema-instance">
    <con:settings/>
    <con:definitionCache type="TEXT" rootPart=""/>
    <con:endpoints>
      <con:endpoint>https://4344065-sb1.restlets.api.netsuite.com</con:endpoint>
    </con:endpoints>
    <con:resource name="Restlet.nl" path="/app/site/hosting/restlet.nl" id="90e15d82-e958-4b19-a329-2f3a2b37853d">
      <con:settings/>
      <con:parameters/>
      <con:method name="Restlet.nl" id="05926dc8-ef61-43b1-a271-14e42958cee6" method="POST">
        <con:settings/>
        <con:parameters>
          <con:parameter required="true">
            <con:name>script</con:name>
            <con:value>127</con:value>
            <con:style>QUERY</con:style>
            <con:default>127</con:default>
            <con:path xsi:nil="true"/>
            <con:description xsi:nil="true"/>
          </con:parameter>
          <con:parameter required="true">
            <con:name>deploy</con:name>
            <con:value>1</con:value>
            <con:style>QUERY</con:style>
            <con:default>1</con:default>
            <con:path xsi:nil="true"/>
            <con:description xsi:nil="true"/>
          </con:parameter>
          <con:parameter>
            <con:name>Content-Type</con:name>
            <con:value>application/json</con:value>
            <con:style>HEADER</con:style>
            <con:default/>
            <con:path xsi:nil="true"/>
            <con:description xsi:nil="true"/>
          </con:parameter>
          <con:parameter>
            <con:name>Authorization</con:name>
            <con:value>OAuth realm="4344065_SB1",oauth_consumer_key="d9cd596004c477b4a405fc24a40988de61523c5ec0e2c8dcf836f476335a7544",oauth_token="dbb38ce95f75715ee2e11a701018c362f47555c0e958e10c93523b2c567410c4",oauth_signature_method="HMAC-SHA1",oauth_timestamp="1569761745",oauth_nonce="wSieQHUCURa",oauth_version="1.0",oauth_signature="R6J4299RdmlrJdi0sV%2FyBq7rmFM%3D"</con:value>
            <con:style>HEADER</con:style>
            <con:default/>
            <con:path xsi:nil="true"/>
            <con:description xsi:nil="true"/>
          </con:parameter>
        </con:parameters>
        <con:request name="live" id="d40cf0b4-2f21-452b-92a2-ceba25e84471" mediaType="application/json" postQueryString="false">
          <con:settings/>
          <con:endpoint>https://4344065-sb1.restlets.api.netsuite.com</con:endpoint>
          <con:request>{
	"userid": 998661,
	"action": "CreateOrder",
	"externalid": "Test_009g999",
	"data": {
		"is_carry_now": "false",
		"auto_confirm": "false",
		"receiver_location": "25.060197,55.2093505",
		"receiver_address": " Shipa Delivery, JLT MBA, BB1, office 706",
		"receiver_contact_name": "Qais Alfraihat ",
		"receiver_contact_number": "971564475216",
		"package_name": "Bag",
		"package_description": "Sport Bag",
		"pickup_time": "28/9/2016 4:00:00 pm",
		"dropoff_time": "28/9/2016 5:00:00 pm",
		"amount_to_collect": 0,
		"vehicle_type": 1,
		"weight ": "1.5 Kg",
		"quantity": 2,
		"handling_type": "[]"
	}
}</con:request>
          <con:credentials>
            <con:selectedAuthProfile>No Authorization</con:selectedAuthProfile>
            <con:authType>No Authorization</con:authType>
          </con:credentials>
          <con:jmsConfig JMSDeliveryMode="PERSISTENT"/>
          <con:parameters>
            <con:entry key="Authorization" value="OAuth realm=&quot;4344065_SB1&quot;,oauth_consumer_key=&quot;d9cd596004c477b4a405fc24a40988de61523c5ec0e2c8dcf836f476335a7544&quot;,oauth_token=&quot;dbb38ce95f75715ee2e11a701018c362f47555c0e958e10c93523b2c567410c4&quot;,oauth_signature_method=&quot;HMAC-SHA1&quot;,oauth_timestamp=&quot;1569761745&quot;,oauth_nonce=&quot;wSieQHUCURa&quot;,oauth_version=&quot;1.0&quot;,oauth_signature=&quot;R6J4299RdmlrJdi0sV%2FyBq7rmFM%3D&quot;"/>
            <con:entry key="script" value="127"/>
            <con:entry key="deploy" value="1"/>
            <con:entry key="Content-Type" value="application/json"/>
          </con:parameters>
          <con:parameterOrder>
            <con:entry>script</con:entry>
            <con:entry>deploy</con:entry>
            <con:entry>Content-Type</con:entry>
            <con:entry>Authorization</con:entry>
          </con:parameterOrder>
        </con:request>
      </con:method>
      <con:method name="Restlet.nl 2" id="8ac8fb5c-e6f2-4c1a-8a95-1d322b654633" method="POST">
        <con:settings/>
        <con:parameters>
          <con:parameter required="true">
            <con:name>script</con:name>
            <con:value>127</con:value>
            <con:style>QUERY</con:style>
            <con:default>127</con:default>
            <con:path xsi:nil="true"/>
            <con:description xsi:nil="true"/>
          </con:parameter>
          <con:parameter required="true">
            <con:name>deploy</con:name>
            <con:value>1</con:value>
            <con:style>QUERY</con:style>
            <con:default>1</con:default>
            <con:path xsi:nil="true"/>
            <con:description xsi:nil="true"/>
          </con:parameter>
          <con:parameter>
            <con:name>Content-Type</con:name>
            <con:value>application/json</con:value>
            <con:style>HEADER</con:style>
            <con:default/>
            <con:path xsi:nil="true"/>
            <con:description xsi:nil="true"/>
          </con:parameter>
        </con:parameters>
        <con:request name="GetWorkFlowForCorporate Live" id="6a6434d6-9271-4708-b3c6-be730b8a7411" mediaType="application/json">
          <con:settings/>
          <con:endpoint>https://4344065-sb1.restlets.api.netsuite.com</con:endpoint>
          <con:request>{
	"userid": 998661,
	"action": "CreateOrder",
	"externalid": "Test_009jg999",
	"data": {
		"is_carry_now": "false",
		"auto_confirm": "false",
		"receiver_location": "25.060197,55.2093505",
		"receiver_address": " Shipa Delivery, JLT MBA, BB1, office 706",
		"receiver_contact_name": "Qais Alfraihat ",
		"receiver_contact_number": "971564475216",
		"package_name": "Bag",
		"package_description": "Sport Bag",
		"pickup_time": "28/9/2016 4:00:00 pm",
		"dropoff_time": "28/9/2016 5:00:00 pm",
		"amount_to_collect": 0,
		"vehicle_type": 1,
		"weight ": "1.5 Kg",
		"quantity": 2,
		"handling_type": "[]"
	}
}</con:request>
          <con:credentials>
            <con:selectedAuthProfile>No Authorization</con:selectedAuthProfile>
            <con:authType>No Authorization</con:authType>
          </con:credentials>
          <con:parameters>
            <con:entry key="script" value="127"/>
            <con:entry key="deploy" value="1"/>
            <con:entry key="Content-Type" value="application/json"/>
          </con:parameters>
          <con:parameterOrder>
            <con:entry>script</con:entry>
            <con:entry>deploy</con:entry>
            <con:entry>Content-Type</con:entry>
          </con:parameterOrder>
        </con:request>
      </con:method>
    </con:resource>
  </con:interface>
  <con:interface xsi:type="con:RestService" id="83dc284a-3c79-42f4-b19a-3b863e5b2186" wadlVersion="http://wadl.dev.java.net/2009/02" name="http://${#Project#url}" type="rest" xmlns:xsi="http://www.w3.org/2001/XMLSchema-instance">
    <con:settings/>
    <con:definitionCache/>
    <con:endpoints>
      <con:endpoint>http://${#Project#url}</con:endpoint>
    </con:endpoints>
    <con:resource name="TrackOrder" path="/api/Shipa/TrackOrder" id="f0ba0f7d-f2ac-4efd-a5c4-9029e3bb2c26">
      <con:settings/>
      <con:parameters/>
      <con:method name="TrackOrder" id="c92571d9-6a2e-4c63-ae62-04ddb4856c1f" method="POST">
        <con:settings/>
        <con:parameters>
          <con:parameter>
            <con:name>Content-Type</con:name>
            <con:value>application/json</con:value>
            <con:style>HEADER</con:style>
            <con:default/>
            <con:path xsi:nil="true"/>
            <con:description xsi:nil="true"/>
          </con:parameter>
        </con:parameters>
        <con:representation type="REQUEST">
          <con:mediaType>application/json</con:mediaType>
          <con:params/>
        </con:representation>
        <con:representation type="RESPONSE">
          <con:mediaType>application/json; charset=utf-8</con:mediaType>
          <con:status>200</con:status>
          <con:params/>
          <con:element xmlns:trac="https://waqfevendor.gslb.uat.eradahcapital.com/api/Shipa/TrackOrder">trac:Response</con:element>
        </con:representation>
        <con:representation type="FAULT">
          <con:mediaType>application/json; charset=utf-8</con:mediaType>
          <con:status>400</con:status>
          <con:params/>
          <con:element xmlns:trac="https://waqfevendor.gslb.uat.eradahcapital.com/api/Shipa/TrackOrder">trac:Fault</con:element>
        </con:representation>
        <con:representation type="FAULT">
          <con:mediaType>application/json</con:mediaType>
          <con:status>400</con:status>
          <con:params/>
          <con:element xmlns:trac="https://waqfevendor.gslb.uat.eradahcapital.com/api/Shipa/TrackOrder">trac:Fault</con:element>
        </con:representation>
        <con:representation type="RESPONSE">
          <con:mediaType xsi:nil="true"/>
          <con:status>0</con:status>
          <con:params/>
          <con:element>data</con:element>
        </con:representation>
        <con:request name="TrackOrder" id="b7e97994-8749-4201-a8d1-d7bb3173ace6" mediaType="application/json" postQueryString="false">
          <con:settings/>
          <con:endpoint>http://${#Project#url}</con:endpoint>
          <con:request>{
    "SignOnRq": {
        "LogId": "e0ccbe1a-dfdd-4753-a4c7-acc6fb0665e3",
        "DateTime": "2019-03-06T00:00:00",
        "ChannelId": "5",
        "OurBranchId": "01"
    },
    "ROOTOBJECT": { 
    	"userid": 998661,
    	"action":"TrackOrder", 
    	"externalid":"SOR001500293" 
    	
    } 
}</con:request>
          <con:credentials>
            <con:selectedAuthProfile>No Authorization</con:selectedAuthProfile>
            <con:authType>No Authorization</con:authType>
          </con:credentials>
          <con:jmsConfig JMSDeliveryMode="PERSISTENT"/>
          <con:parameters>
            <con:entry key="Content-Type" value="application/json"/>
          </con:parameters>
          <con:parameterOrder>
            <con:entry>Content-Type</con:entry>
          </con:parameterOrder>
        </con:request>
      </con:method>
    </con:resource>
    <con:resource name="CancelOrder" path="/api/Shipa/CancelOrder" id="d5e81051-1cf6-4ad0-9fa5-71ed4e1f4bd5">
      <con:settings/>
      <con:parameters/>
      <con:method name="CancelOrder" id="8482f885-6ed1-46a6-b97c-5e435ed5af41" method="POST">
        <con:settings/>
        <con:parameters>
          <con:parameter>
            <con:name>Content-Type</con:name>
            <con:value>application/json</con:value>
            <con:style>HEADER</con:style>
            <con:default/>
            <con:path xsi:nil="true"/>
            <con:description xsi:nil="true"/>
          </con:parameter>
        </con:parameters>
        <con:representation type="REQUEST">
          <con:mediaType>application/json</con:mediaType>
          <con:params/>
        </con:representation>
        <con:representation type="FAULT">
          <con:mediaType>application/json</con:mediaType>
          <con:status>400</con:status>
          <con:params/>
          <con:element xmlns:can="https://waqfepayment.gslb.uat.eradahcapital.com/api/Shipa/CancelOrder">can:Fault</con:element>
        </con:representation>
        <con:representation type="RESPONSE">
          <con:mediaType xsi:nil="true"/>
          <con:status>0</con:status>
          <con:params/>
          <con:element>data</con:element>
        </con:representation>
        <con:representation type="FAULT">
          <con:mediaType>application/json; charset=utf-8</con:mediaType>
          <con:status>400</con:status>
          <con:params/>
          <con:element xmlns:can="https://waqfepayment.gslb.uat.eradahcapital.com/api/Shipa/CancelOrder">can:Fault</con:element>
        </con:representation>
        <con:request name="Cancel ORder" id="8575dab6-5aef-41fb-86ce-073c511678f0" mediaType="application/json" postQueryString="false">
          <con:settings/>
          <con:endpoint>http://${#Project#url}</con:endpoint>
          <con:request>{
    "SignOnRq": {
        "LogId": "e0ccbe1a-dfdd-4753-a4c7-acc6fb0665e3",
        "DateTime": "2019-03-06T00:00:00",
        "ChannelId": "5",
        "OurBranchId": "01"
    },
    "ROOTOBJECT":{ "userid": 998661, "action":"cancelOrder", "externalid":"Test_fffi2i3854u1u41", "data":{    "cancellation_reason":"14"} } 
}</con:request>
          <con:credentials>
            <con:selectedAuthProfile>No Authorization</con:selectedAuthProfile>
            <con:authType>No Authorization</con:authType>
          </con:credentials>
          <con:jmsConfig JMSDeliveryMode="PERSISTENT"/>
          <con:parameters>
            <con:entry key="Content-Type" value="application/json"/>
          </con:parameters>
          <con:parameterOrder>
            <con:entry>Content-Type</con:entry>
          </con:parameterOrder>
        </con:request>
      </con:method>
    </con:resource>
    <con:resource name="UpdateStatus" path="/api/Shipa/UpdateStatus" id="d4c4b822-90ad-404f-a51b-3a4aa1b85cdb">
      <con:settings/>
      <con:parameters/>
      <con:method name="UpdateStatus" id="8fa76b39-018c-41c1-a88c-bf20d0a09fc6" method="POST">
        <con:settings/>
        <con:parameters>
          <con:parameter>
            <con:name>Content-Type</con:name>
            <con:value>application/json</con:value>
            <con:style>HEADER</con:style>
            <con:default/>
            <con:path xsi:nil="true"/>
            <con:description xsi:nil="true"/>
          </con:parameter>
        </con:parameters>
        <con:representation type="REQUEST">
          <con:mediaType>application/json</con:mediaType>
          <con:params/>
        </con:representation>
        <con:representation type="FAULT">
          <con:mediaType>application/json</con:mediaType>
          <con:status>400 401</con:status>
          <con:params/>
          <con:element xmlns:upd="https://waqfevendor.gslb.uat.eradahcapital.com/api/Shipa/UpdateStatus">upd:Fault</con:element>
        </con:representation>
        <con:representation type="FAULT">
          <con:mediaType>text/html;charset=utf-8</con:mediaType>
          <con:status>403</con:status>
          <con:params/>
          <con:element>html</con:element>
        </con:representation>
        <con:request name="Shipa UpdateStatus" id="cd01a8d9-51a7-42e0-bbce-4300180632ff" mediaType="application/json" postQueryString="false">
          <con:settings>
            <con:setting id="com.eviware.soapui.impl.wsdl.WsdlRequest@request-headers">&lt;xml-fragment/></con:setting>
          </con:settings>
          <con:endpoint>http://${#Project#url}</con:endpoint>
          <con:request>{
	"SignOnRq":{
			"LogId": "e0ccbe1a-dfdd-4753-a4c7-acc6fb0665e3",
     		"DateTime": "03-06-2019",
     		"ChannelId": "5",
     		"OurBranchId": "01"
	},
	"Status":{
		"StatusCode":"001",
		"AWBNumber":"784684736800500"
	}
	
}</con:request>
          <con:originalUri>http://https/waqfepayment.gslb.sit.eradahcapital.com/api/Shipa/UpdateStatus</con:originalUri>
          <con:credentials>
            <con:selectedAuthProfile>No Authorization</con:selectedAuthProfile>
            <con:authType>No Authorization</con:authType>
          </con:credentials>
          <con:jmsConfig JMSDeliveryMode="PERSISTENT"/>
          <con:parameters>
            <con:entry key="Content-Type" value="application/json"/>
          </con:parameters>
          <con:parameterOrder>
            <con:entry>Content-Type</con:entry>
          </con:parameterOrder>
        </con:request>
      </con:method>
    </con:resource>
    <con:resource name="OrderManagement" path="/api/Shipa/OrderManagement" id="c979291d-397e-4f7e-a0dd-8e4730fab7d3">
      <con:settings/>
      <con:parameters/>
      <con:method name="OrderManagement" id="86cdb619-c211-4ba4-94b6-9bb037ce3cea" method="POST">
        <con:settings/>
        <con:parameters>
          <con:parameter>
            <con:name>Content-Type</con:name>
            <con:value>application/json</con:value>
            <con:style>HEADER</con:style>
            <con:default/>
            <con:path xsi:nil="true"/>
            <con:description xsi:nil="true"/>
          </con:parameter>
        </con:parameters>
        <con:representation type="FAULT">
          <con:mediaType>application/json; charset=utf-8</con:mediaType>
          <con:status>400</con:status>
          <con:params/>
          <con:element xmlns:ord="https://waqfevendor.gslb.uat.eradahcapital.com/api/Shipa/OrderManagement">ord:Fault</con:element>
        </con:representation>
        <con:representation type="REQUEST">
          <con:mediaType>application/json</con:mediaType>
          <con:params/>
        </con:representation>
        <con:representation type="RESPONSE">
          <con:mediaType>application/json; charset=utf-8</con:mediaType>
          <con:status>200</con:status>
          <con:params/>
          <con:element xmlns:ord="https://waqfevendor.gslb.uat.eradahcapital.com/api/Shipa/OrderManagement">ord:Response</con:element>
        </con:representation>
        <con:representation type="FAULT">
          <con:mediaType>text/html;charset=utf-8</con:mediaType>
          <con:status>403</con:status>
          <con:params/>
          <con:element>html</con:element>
        </con:representation>
        <con:request name="OrderManagement" id="44b6d2cd-669c-4d63-9dab-4a6450e2e1e5" mediaType="application/json" postQueryString="false">
          <con:settings>
            <con:setting id="com.eviware.soapui.impl.wsdl.WsdlRequest@request-headers">&lt;xml-fragment/></con:setting>
          </con:settings>
          <con:endpoint>http://${#Project#url}</con:endpoint>
          <con:request>{
    "SignOnRq": {
        "LogId": "e0ccbe1a-dfdd-4753-a4c7-acc6fb0665e3",
        "DateTime": "2019-03-06T00:00:00",
        "ChannelId": "5",
        "OurBranchId": "01"
    },
    "ROOTOBJECT": {
	"userid": 998661,
	"action": "CreateOrder",
	"externalid": "Test_fffi2i3u854u1u41",
	"data": {
		"is_carry_now": "false",
		"auto_confirm": "false",
		"receiver_location": "25.060197,55.2093505",
		"receiver_address": " Shipa Delivery, JLT MBA, BB1, office 706",
		"receiver_contact_name": "Qais Alfraihat ",
		"receiver_contact_number": "971564475216",
		"package_name": "Bag",
		"package_description": "Sport Bag",
		"pickup_time": "28/9/2016 4:00:00 pm",
		"dropoff_time": "28/9/2016 5:00:00 pm",
		"amount_to_collect": 0,
		"vehicle_type": 1,
		"weight ": "1.5 Kg",
		"quantity": 2,
		"handling_type": null
	}
}
}</con:request>
          <con:originalUri>http://https/waqfepayment.gslb.sit.eradahcapital.com/api/Shipa/OrderManagement</con:originalUri>
          <con:credentials>
            <con:selectedAuthProfile>No Authorization</con:selectedAuthProfile>
            <con:authType>No Authorization</con:authType>
          </con:credentials>
          <con:jmsConfig JMSDeliveryMode="PERSISTENT"/>
          <con:parameters>
            <con:entry key="Content-Type" value="application/json"/>
          </con:parameters>
          <con:parameterOrder>
            <con:entry>Content-Type</con:entry>
          </con:parameterOrder>
        </con:request>
      </con:method>
    </con:resource>
    <con:resource name="AWBValidation" path="/api/Shipa/AWBValidation" id="8fe16d32-79ac-4da8-8cf8-64b1dc4242a8">
      <con:settings/>
      <con:parameters/>
      <con:method name="AWBValidation" id="dd37517e-fc50-4047-acf4-fe9489bd6c31" method="POST">
        <con:settings/>
        <con:parameters>
          <con:parameter>
            <con:name>Content-Type</con:name>
            <con:value>application/json</con:value>
            <con:style>HEADER</con:style>
            <con:default/>
            <con:path xsi:nil="true"/>
            <con:description xsi:nil="true"/>
          </con:parameter>
        </con:parameters>
        <con:representation type="FAULT">
          <con:mediaType>text/html;charset=utf-8</con:mediaType>
          <con:status>403</con:status>
          <con:params/>
          <con:element>html</con:element>
        </con:representation>
        <con:representation type="REQUEST">
          <con:mediaType>application/json</con:mediaType>
          <con:params/>
        </con:representation>
        <con:representation type="FAULT">
          <con:mediaType>application/json; charset=utf-8</con:mediaType>
          <con:status>400</con:status>
          <con:params/>
          <con:element xmlns:awb="http://https/waqfepayment.gslb.uat.eradahcapital.com/api/Shipa/AWBValidation">awb:Fault</con:element>
        </con:representation>
        <con:representation type="FAULT">
          <con:mediaType>application/json</con:mediaType>
          <con:status>401</con:status>
          <con:params/>
          <con:element xmlns:awb="http://https/waqfepayment.gslb.uat.eradahcapital.com/api/Shipa/AWBValidation">awb:Fault</con:element>
        </con:representation>
        <con:request name="Shipa AWBValidation" id="ea90e4c4-5c71-4993-88fb-5fa5c2fa2124" mediaType="application/json">
          <con:settings/>
          <con:endpoint>http://${#Project#url}</con:endpoint>
          <con:request>{
	"SignOnRq":{
			"LogId": "e0ccbe1a-dfdd-4753-a4c7-acc6fb0665e3",
     		"DateTime": "03-06-2019",
     		"ChannelId": "5",
     		"OurBranchId": "01"
	},
	"EIDAndAWB":{
		"EID":"784684736800440",
		"AWB":"784684736800500"
	}
	
}</con:request>
          <con:credentials>
            <con:selectedAuthProfile>No Authorization</con:selectedAuthProfile>
            <con:authType>No Authorization</con:authType>
          </con:credentials>
          <con:parameters>
            <con:entry key="Content-Type" value="application/json"/>
          </con:parameters>
          <con:parameterOrder>
            <con:entry>Content-Type</con:entry>
          </con:parameterOrder>
        </con:request>
      </con:method>
    </con:resource>
  </con:interface>
  <con:testSuite id="c99d00d1-59e0-4dd0-88e7-7d27a802d8db" name="Cycle-19">
    <con:settings/>
    <con:savedRecentRuns>1</con:savedRecentRuns>
    <con:runType>SEQUENTIAL</con:runType>
    <con:testCase id="e4de6e15-ae42-4bb4-a2c7-1fa0a767f88e" discardOkResults="false" failOnError="true" failTestCaseOnErrors="true" keepSession="false" name="TrackOrder" searchProperties="true" timeout="0" maxResults="0">
      <con:settings/>
      <con:savedRecentRuns>1</con:savedRecentRuns>
      <con:testStep type="groovy" name="Groovy Script" id="dd9e839d-dc89-4c3a-8ab9-87ff46e510bb">
        <con:settings/>
        <con:config>
          <script>import groovy.time.TimeCategory
def tomorrow = new Date()
tomorrow= tomorrow.format("YYYY-MM-dd'T'HH:mm:ss")</script>
        </con:config>
      </con:testStep>
      <con:testStep type="restrequest" name="TrackOrder" id="baca5fc9-8057-43e0-9b7e-b3f065603f3e">
        <con:settings/>
        <con:config service="http://${#Project#url}" resourcePath="/api/Shipa/TrackOrder" methodName="TrackOrder" xsi:type="con:RestRequestStep" xmlns:xsi="http://www.w3.org/2001/XMLSchema-instance">
          <con:restRequest name="TrackOrder" id="b7e97994-8749-4201-a8d1-d7bb3173ace6" mediaType="application/json" postQueryString="false">
            <con:settings>
              <con:setting id="com.eviware.soapui.impl.wsdl.WsdlRequest@request-headers">&lt;xml-fragment/></con:setting>
            </con:settings>
            <con:endpoint>${#Project#url}</con:endpoint>
            <con:request>{
    "SignOnRq": {
       "LogId": "${=java.util.UUID.randomUUID()}",
    "DateTime": "${Groovy Script#result}",
       
        "ChannelId": "100", //16
        "OurBranchId": "01"
    },
    "ROOTOBJECT": { 
    "userid": 998661,
        "action":"TrackOrder",
        "externalid":"SOR005422701"
    	
    } 
}</con:request>
            <con:originalUri>https://waqfevendor.gslb.uat.eradahcapital.com/api/Shipa/TrackOrder</con:originalUri>
            <con:assertion type="Valid HTTP Status Codes" id="abf5663b-81b0-4322-a8f6-f5c9381da596" name="Valid HTTP Status Codes">
              <con:settings/>
              <con:configuration>
                <codes>200</codes>
              </con:configuration>
            </con:assertion>
            <con:credentials>
              <con:username>vendor100-erc</con:username>
              <con:password>P@ssw0rd100</con:password>
              <con:selectedAuthProfile>Basic</con:selectedAuthProfile>
              <con:preemptive>true</con:preemptive>
              <con:addedBasicAuthenticationTypes>Basic</con:addedBasicAuthenticationTypes>
              <con:authType>Preemptive</con:authType>
            </con:credentials>
            <con:jmsConfig JMSDeliveryMode="PERSISTENT"/>
            <con:parameters>
              <con:entry key="Content-Type" value="application/json"/>
            </con:parameters>
            <con:parameterOrder>
              <con:entry>Content-Type</con:entry>
            </con:parameterOrder>
          </con:restRequest>
        </con:config>
      </con:testStep>
      <con:testStep type="restrequest" name="AWBValidation" id="1957536a-c8fa-4d5f-a570-95d5decf49a2" disabled="true">
        <con:settings/>
        <con:config service="http://${#Project#url}" resourcePath="/api/Shipa/AWBValidation" methodName="AWBValidation" xsi:type="con:RestRequestStep" xmlns:xsi="http://www.w3.org/2001/XMLSchema-instance">
          <con:restRequest name="AWBValidation" id="ea90e4c4-5c71-4993-88fb-5fa5c2fa2124" mediaType="application/json" postQueryString="false">
            <con:settings>
              <con:setting id="com.eviware.soapui.impl.wsdl.WsdlRequest@request-headers">&lt;xml-fragment/></con:setting>
            </con:settings>
            <con:endpoint>${#Project#url}</con:endpoint>
            <con:request>{
	"SignOnRq":{
			"LogId": "${=java.util.UUID.randomUUID()}",
        "DateTime": "9/8/2019 7:18:34 PM",
     		"ChannelId": "5",
     		"OurBranchId": "01"
	},
	"EIDAndAWB":{
		"EID":"784684736800440",
		"AWB":"784684736800500"
	}
	
}</con:request>
            <con:originalUri>http://https/waqfepayment.gslb.uat.eradahcapital.com/api/Shipa/AWBValidation</con:originalUri>
            <con:assertion type="Valid HTTP Status Codes" id="c024aeb8-0f38-4904-9968-27d431f90213" name="Valid HTTP Status Codes">
              <con:settings/>
              <con:configuration>
                <codes>200</codes>
              </con:configuration>
            </con:assertion>
            <con:assertion type="Response SLA Assertion" id="e013a829-b035-49a8-88e8-c96de87a43e7" name="Response SLA">
              <con:configuration>
                <SLA>200</SLA>
              </con:configuration>
            </con:assertion>
            <con:credentials>
              <con:username>vendor5-erc</con:username>
              <con:password>P@ssw0rd5</con:password>
              <con:selectedAuthProfile>Basic</con:selectedAuthProfile>
              <con:preemptive>true</con:preemptive>
              <con:addedBasicAuthenticationTypes>Basic</con:addedBasicAuthenticationTypes>
              <con:authType>Preemptive</con:authType>
            </con:credentials>
            <con:jmsConfig JMSDeliveryMode="PERSISTENT"/>
            <con:parameters>
              <con:entry key="Content-Type" value="application/json"/>
            </con:parameters>
            <con:parameterOrder>
              <con:entry>Content-Type</con:entry>
            </con:parameterOrder>
          </con:restRequest>
        </con:config>
      </con:testStep>
      <con:properties/>
      <con:reportParameters/>
    </con:testCase>
    <con:properties/>
    <con:reportParameters/>
  </con:testSuite>
  <con:savedRecentRuns>1</con:savedRecentRuns>
  <con:requirements/>
  <con:properties>
    <con:property>
      <con:name>url</con:name>
      <con:value>https://waqfepayment.gslb.uat.eradahcapital.com</con:value>
    </con:property>
  </con:properties>
  <con:wssContainer/>
  <con:databaseConnectionContainer/>
  <con:jmsConnectionContainer/>
  <con:oAuth2ProfileContainer/>
  <con:oAuth1ProfileContainer/>
  <con:reporting>
    <con:xmlTemplates/>
    <con:parameters/>
  </con:reporting>
  <con:eventHandlers type="RequestFilter.filterRequest" name="RequestFilter.filterRequest">
    <con:script>// Sample event script to add custom HTTP header to all outgoing REST, SOAP and HTTP(S) calls
// This code is often used for adding custom authentication to SoapUI Pro tests

// If hardcoding the token, uncomment and change line 5
// token = '4567'

// If your token is parameterized in Project level custom property, uncomment line 8
// token = request.parent.testCase.testSuite.project.getProperty('auth_token').getValue()

// To modify all outgoing calls, remove comments from lines 11 to 16
// headers = request.requestHeaders
// if (headers.containsKey('auth_token2') == false) {
//   headers.put('auth_token2', token)
//   request.requestHeaders = headers
// }</con:script>
  </con:eventHandlers>
  <con:eventHandlers type="TestRunListener.afterStep" name="TestRunListener.afterStep">
    <con:script>// Save all test step results into files
// Change the directory path in line 5 to a location where you want to store details
// then uncomment lines 5 to 10

// filePath = 'C:\\tempOutputDirectory\\'
// fos = new java.io.FileOutputStream(filePath + testStepResult.testStep.label + '.txt', true)
// pw = new java.io.PrintWriter(fos)
// testStepResult.writeTo(pw)
// pw.close()
// fos.close()</con:script>
  </con:eventHandlers>
  <con:authRepository/>
  <con:tags/>
</con:soapui-project>
