<?xml version="1.0" encoding="UTF-8"?>
<con:soapui-project id="17e50cea-82d1-4fcc-b1ec-32043584fdcc" created="3.2.7" activeEnvironment="Default environment" name="mdmRetail" updated="3.20.1 2022-01-18T13:40:47Z" encryptionMode="Not encrypted" resourceRoot="" abortOnError="false" runType="SEQUENTIAL" soapui-version="5.6.0" xmlns:con="http://eviware.com/soapui/config">
  <con:settings>
    <con:setting id="IncludeOverview">true</con:setting>
    <con:setting id="IncludeResults">true</con:setting>
    <con:setting id="FlowLayout">true</con:setting>
    <con:setting id="ErrorDetails">false</con:setting>
    <con:setting id="IncludeCoverage">true</con:setting>
  </con:settings>
  <con:interface xsi:type="con:RestService" id="0532bae7-b95f-4437-89fc-7737f079ea4b" wadlVersion="http://wadl.dev.java.net/2009/02" name="https://mdm.gslb.shd.eradahcapital.com" type="rest" xmlns:xsi="http://www.w3.org/2001/XMLSchema-instance">
    <con:settings/>
    <con:definitionCache type="TEXT" rootPart=""/>
    <con:endpoints>
      <con:endpoint>https://mdm.gslb.shd.eradahcapital.com</con:endpoint>
    </con:endpoints>
    <con:resource name="Retail" path="/cmx/cs/shdsqlifmlstn01.eradahcapital.com-cmx_ors/Retail" id="2749be8e-ed2b-4bdc-b291-c16d28413875">
      <con:settings/>
      <con:parameters/>
      <con:method name="Retail" id="59c46e44-37cb-40bc-92fb-8e17c46c2026" method="POST">
        <con:settings/>
        <con:parameters>
          <con:parameter required="true">
            <con:name>systemName</con:name>
            <con:value>CoreBanking</con:value>
            <con:style>QUERY</con:style>
            <con:default>CoreBanking</con:default>
            <con:path xsi:nil="true"/>
            <con:description xsi:nil="true"/>
          </con:parameter>
          <con:parameter>
            <con:name>Content-Type</con:name>
            <con:value>application/json</con:value>
            <con:style>HEADER</con:style>
            <con:default/>
            <con:path xsi:nil="true"/>
            <con:description xsi:nil="true"/>
          </con:parameter>
          <con:parameter>
            <con:name>Accept</con:name>
            <con:value>application/json</con:value>
            <con:style>HEADER</con:style>
            <con:default/>
            <con:path xsi:nil="true"/>
            <con:description xsi:nil="true"/>
          </con:parameter>
        </con:parameters>
        <con:representation type="RESPONSE">
          <con:mediaType>application/json;charset=UTF-8</con:mediaType>
          <con:status>200</con:status>
          <con:params/>
          <con:element xmlns:ret="https://mdm.gslb.shd.eradahcapital.com/cmx/cs/shdsqlifmlstn01.eradahcapital.com-cmx_ors/Retail">ret:Response</con:element>
        </con:representation>
        <con:representation type="REQUEST">
          <con:mediaType>application/json</con:mediaType>
          <con:params/>
        </con:representation>
        <con:representation type="FAULT">
          <con:mediaType>application/json;charset=UTF-8</con:mediaType>
          <con:status>400 500</con:status>
          <con:params/>
          <con:element xmlns:ret="https://mdm.gslb.shd.eradahcapital.com/cmx/cs/shdsqlifmlstn01.eradahcapital.com-cmx_ors/Retail">ret:Fault</con:element>
        </con:representation>
        <con:request name="Retail MDM" id="4f5c95d3-a01c-49c1-a911-a5afbba3ba04" mediaType="application/json" postQueryString="false">
          <con:settings/>
          <con:endpoint>https://mdm.gslb.shd.eradahcapital.com</con:endpoint>
          <con:request>{\r
  "firstName": "Sage",\r
  "middleName": "Horne",\r
  "lastName": "Huffman",\r
  "birthdate": "1968-06-19",\r
  "blacklist": "N",\r
  "pep": "N",\r
  "kycReviewDate": "2022-03-03",\r
  "taxResOtherThanUsUae": "N",\r
  "tinInd": "Y",\r
  "hni": "N",\r
  "cifNumber": "000258951",\r
  "primaryId": "784196804835962",\r
  "relationshipManager": "001",\r
  "groupCode": {\r
    "groupCode": "INDIV"\r
  },\r
  "genderCd": {\r
    "genderCode": "M"\r
  },\r
  "primaryIdType": {\r
    "idTypeCd": "EID"\r
  },\r
  "riskProfile": {\r
    "riskProfileCode": "LOW"\r
  },\r
  "key": {\r
    "sourceKey": "PERSON|CIF|000258951"\r
  },\r
  "Identifier": {\r
    "item": [\r
      {\r
        "identificationType": {\r
          "idTypeCd": "EID"\r
        },\r
        "identificationValue": "784196804835962",\r
        "idExpiryDate": "2022-03-06",\r
        "idIssueCountry": {\r
          "countryCode": "AE"\r
        },\r
        "key": {\r
          "sourceKey": "PERSON|CIF|000258951"\r
        }\r
      },\r
      {\r
        "identificationType": {\r
          "idTypeCd": "PAS"\r
        },\r
        "identificationValue": "CG4388259",\r
        "idExpiryDate": "2022-03-06",\r
        "idIssueCountry": {\r
          "countryCode": "AE"\r
        },\r
        "key": {\r
          "sourceKey": "PERSON|CIF|000258951|PAS"\r
        }\r
      }\r
    ]\r
  },\r
  "TelephoneNumbers": {\r
    "item": [\r
      {\r
        "phoneTypeCd": {\r
          "phoneType": "MOB"\r
        },\r
        "phoneNum": "9595900828",\r
        "isPrimary": "Y",\r
        "key": {\r
          "sourceKey": "PERSON|CIF|000258951|MOB"\r
        }\r
      },\r
      {\r
        "phoneTypeCd": {\r
          "phoneType": "HOM"\r
        },\r
        "phoneNum": "9332635184",\r
        "isPrimary": "N",\r
        "key": {\r
          "sourceKey": "PERSON|CIF|000258951|HOM"\r
        }\r
      },\r
      {\r
        "phoneTypeCd": {\r
          "phoneType": "ALT"\r
        },\r
        "phoneNum": "9720082911",\r
        "isPrimary": "N",\r
        "key": {\r
          "sourceKey": "PERSON|CIF|000258951|ALT"\r
        }\r
      }\r
    ]\r
  },\r
  "Emails": {\r
    "item": [\r
      {\r
        "electAddrTypeCd": {\r
          "electronicType": "EMAIL"\r
        },\r
        "electronicAddress": "Sage75@hotmail.com",\r
        "isPrimary": "Y",\r
        "key": {\r
          "sourceKey": "PERSON|CIF|000258951|EMAIL"\r
        }\r
      }\r
    ]\r
  },\r
  "Address": {\r
    "item": [\r
      {\r
        "addressLine1": "046burj khalifa",\r
        "CityCd": {\r
          "cityId": "ARE00300007"\r
        },\r
        "stateCd": {\r
          "stateId": "ARE003"\r
        },\r
        "addressType": {\r
          "addressType": "RSID"\r
        },\r
        "countryCode": {\r
          "countryCode": "AE"\r
        },\r
        "key": {\r
          "sourceKey": "PERSON|CIF|000258951|RSID"\r
        }\r
      },\r
      {\r
        "addressLine1": "134 Guatemala Ct.",\r
        "CityCd": {\r
          "cityId": "ARE00100001"\r
        },\r
        "stateCd": {\r
          "stateId": "ARE001"\r
        },\r
        "addressType": {\r
          "addressType": "SHIP"\r
        },\r
        "countryCode": {\r
          "countryCode": "AE"\r
        },\r
        "key": {\r
          "sourceKey": "PERSON|CIF|000258951|SHIP"\r
        }\r
      },\r
      {\r
        "addressLine1": "810Fraser suites",\r
        "CityCd": {\r
          "cityId": "ARE00100001"\r
        },\r
        "stateCd": {\r
          "stateId": "ARE001"\r
        },\r
        "addressType": {\r
          "addressType": "BUS"\r
        },\r
        "countryCode": {\r
          "countryCode": "AE"\r
        },\r
        "key": {\r
          "sourceKey": "PERSON|CIF|000258951|BUS"\r
        }\r
      }\r
    ]\r
  },\r
  "PartyRole": {\r
    "item": [\r
      {\r
        "roleName": "Retail Customer",\r
        "sourceId": "000258951",\r
        "shareholderType": "NA",\r
        "key": {\r
          "sourceKey": "PERSON|CIF|000258951|000258951"\r
        }\r
      }\r
    ]\r
  },\r
  "RetailDetails": {\r
    "item": [\r
      {\r
        "profession": {\r
          "empCode": "P001"\r
        },\r
        "usCitizenInd": "N",\r
        "usTaxResidentInd": "N",\r
        "dualCitizenship": "N",\r
        "employerName": "",\r
        "bornInUsInd": "N",\r
        "income": {\r
          "incomeBracketCode": "IN1"\r
        },\r
        "isVipInd": "",\r
        "key": {\r
          "sourceKey": "PERSONCIF000258951"\r
        },\r
        "nationalityCd": {\r
          "countryCode": "AE"\r
        },\r
        "countryOfResidence": {\r
          "countryCode": "AE"\r
        },\r
        "onboardingCountry": {\r
          "countryCode": "AE"\r
        },\r
        "taxCountry1": {\r
          "countryCode": "AE"\r
        },\r
        "taxCountry2": {\r
          "countryCode": "AE"\r
        },\r
        "taxCountry3": {\r
          "countryCode": "AE"\r
        },\r
        "taxCountry4": {\r
          "countryCode": "AE"\r
        },\r
        "taxCountry5": {\r
          "countryCode": "AE"\r
        },\r
        "citizenCountry2": {\r
          "countryCode": "AE"\r
        },\r
        "residentialStatus": {\r
          "residentStatusCode": "RES"\r
        }\r
      }\r
    ]\r
  }\r
}</con:request>
          <con:credentials>
            <con:selectedAuthProfile>No Authorization</con:selectedAuthProfile>
            <con:authType>No Authorization</con:authType>
          </con:credentials>
          <con:jmsConfig JMSDeliveryMode="PERSISTENT"/>
          <con:parameters>
            <con:entry key="systemName" value="CoreBanking"/>
            <con:entry key="Accept" value="application/json"/>
            <con:entry key="Content-Type" value="application/json"/>
          </con:parameters>
          <con:parameterOrder>
            <con:entry>systemName</con:entry>
            <con:entry>Content-Type</con:entry>
            <con:entry>Accept</con:entry>
          </con:parameterOrder>
        </con:request>
      </con:method>
    </con:resource>
    <con:resource name="RetrieveRetail" path="" id="4e0768d9-75ae-4e90-b138-03435964c21c">
      <con:settings/>
      <con:parameters/>
      <con:resource name="Copy of 192784" path="/cmx/cs/shdsqlifmlstn01.eradahcapital.com-cmx_ors/Retail/{Rowid}" id="8c275dfe-3ce7-4c42-ad17-34cb79b3ac52">
        <con:settings/>
        <con:parameters>
          <con:parameter>
            <con:name>Rowid</con:name>
            <con:value>512</con:value>
            <con:style>TEMPLATE</con:style>
            <con:default>512</con:default>
          </con:parameter>
        </con:parameters>
        <con:method name="192784" id="9ff54a34-8c24-4340-a23a-01ae736ce61d" method="GET">
          <con:settings/>
          <con:parameters>
            <con:parameter required="true">
              <con:name>depth</con:name>
              <con:value>10</con:value>
              <con:style>QUERY</con:style>
              <con:default>10</con:default>
              <con:path xsi:nil="true"/>
              <con:description xsi:nil="true"/>
            </con:parameter>
            <con:parameter>
              <con:name>Accept</con:name>
              <con:value>application/xml</con:value>
              <con:style>HEADER</con:style>
              <con:default/>
              <con:path xsi:nil="true"/>
              <con:description xsi:nil="true"/>
            </con:parameter>
          </con:parameters>
          <con:representation type="FAULT">
            <con:mediaType>application/json;charset=UTF-8</con:mediaType>
            <con:status>401</con:status>
            <con:params/>
            <con:element xmlns:ns="https://mdm.gslb.shd.eradahcapital.com/cmx/cs/shdsqlifmlstn01.eradahcapital.com-cmx_ors/Retail/192784">ns:Fault</con:element>
          </con:representation>
          <con:representation type="RESPONSE">
            <con:mediaType>application/xml;charset=UTF-8</con:mediaType>
            <con:status>200</con:status>
            <con:params/>
            <con:element xmlns:urn="urn:co-ors.informatica.mdm">urn:Retail.Root</con:element>
          </con:representation>
          <con:representation type="FAULT">
            <con:mediaType>application/xml;charset=UTF-8</con:mediaType>
            <con:status>500</con:status>
            <con:params/>
            <con:element xmlns:urn="urn:cs-base.informatica.mdm">urn:CsFault</con:element>
          </con:representation>
          <con:request name="RetrieveRetail" id="989167e6-2804-41c0-937f-9c4715e1132b" mediaType="application/json">
            <con:settings>
              <con:setting id="com.eviware.soapui.impl.wsdl.WsdlRequest@request-headers">&lt;xml-fragment/></con:setting>
            </con:settings>
            <con:endpoint>https://mdm.gslb.shd.eradahcapital.com</con:endpoint>
            <con:request/>
            <con:originalUri>https://mdm.gslb.shd.eradahcapital.com/cmx/cs/shdsqlifmlstn01.eradahcapital.com-cmx_ors/Retail/512</con:originalUri>
            <con:credentials>
              <con:username>dsteward</con:username>
              <con:password>dsteward</con:password>
              <con:selectedAuthProfile>Basic</con:selectedAuthProfile>
              <con:preemptive>true</con:preemptive>
              <con:addedBasicAuthenticationTypes>Basic</con:addedBasicAuthenticationTypes>
              <con:authType>Preemptive</con:authType>
            </con:credentials>
            <con:jmsConfig JMSDeliveryMode="PERSISTENT"/>
            <con:parameters>
              <con:entry key="depth" value="10"/>
              <con:entry key="Accept" value="application/xml"/>
            </con:parameters>
            <con:parameterOrder>
              <con:entry>depth</con:entry>
              <con:entry>Accept</con:entry>
              <con:entry>Rowid</con:entry>
            </con:parameterOrder>
          </con:request>
        </con:method>
      </con:resource>
    </con:resource>
    <con:resource name="CreateCorporateCIF" path="" id="2f36da19-2799-45a4-a0af-8c82fb3460fd">
      <con:settings/>
      <con:parameters/>
      <con:resource name="Copy of CreateRetailCIF" path="/api/BankSmart/CreateRetailCIF" id="7571e8ed-0b19-4d8d-a61b-53c07fbc3de4">
        <con:settings/>
        <con:parameters/>
        <con:method name="CreateRetailCIF" id="bc3d0727-1ec0-44cd-a337-87296e59f273" method="POST">
          <con:settings/>
          <con:parameters>
            <con:parameter>
              <con:name>Content-Type</con:name>
              <con:value>application/json</con:value>
              <con:style>HEADER</con:style>
              <con:default/>
              <con:path xsi:nil="true"/>
              <con:description xsi:nil="true"/>
            </con:parameter>
            <con:parameter>
              <con:name>Authorization</con:name>
              <con:value>Basic dmVuZG9yNS1lcmM6UEBzc3cwcmQ1</con:value>
              <con:style>HEADER</con:style>
              <con:default/>
              <con:path xsi:nil="true"/>
              <con:description xsi:nil="true"/>
            </con:parameter>
          </con:parameters>
          <con:representation type="FAULT">
            <con:mediaType>application/json; charset=utf-8</con:mediaType>
            <con:status>400</con:status>
            <con:params/>
            <con:element xmlns:cre="http://waqfedev.northeurope.cloudapp.azure.com/api/BankSmart/CreateRetailCIF">cre:Fault</con:element>
          </con:representation>
          <con:representation type="REQUEST">
            <con:mediaType>application/json</con:mediaType>
            <con:params/>
          </con:representation>
          <con:representation type="RESPONSE">
            <con:mediaType>application/json; charset=utf-8</con:mediaType>
            <con:status>200</con:status>
            <con:params/>
            <con:element xmlns:cre="http://waqfedev.northeurope.cloudapp.azure.com/api/BankSmart/CreateRetailCIF">cre:Response</con:element>
          </con:representation>
          <con:representation type="FAULT">
            <con:mediaType>text/html</con:mediaType>
            <con:status>502</con:status>
            <con:params/>
            <con:element>html</con:element>
          </con:representation>
          <con:representation type="RESPONSE">
            <con:mediaType xsi:nil="true"/>
            <con:status>0</con:status>
            <con:params/>
            <con:element>data</con:element>
          </con:representation>
          <con:representation type="FAULT">
            <con:mediaType>application/json</con:mediaType>
            <con:status>400</con:status>
            <con:params/>
            <con:element xmlns:cre="http://waqfedev.northeurope.cloudapp.azure.com/api/BankSmart/CreateRetailCIF">cre:Fault</con:element>
          </con:representation>
          <con:representation type="FAULT">
            <con:mediaType>text/html;charset=utf-8</con:mediaType>
            <con:status>403</con:status>
            <con:params/>
            <con:element>html</con:element>
          </con:representation>
          <con:request name="Create Retail CIF" id="3b9f2a1e-73ec-4008-a472-71631cc87b00" mediaType="application/json" postQueryString="false">
            <con:settings>
              <con:setting id="com.eviware.soapui.impl.wsdl.WsdlRequest@request-headers">&lt;xml-fragment/></con:setting>
            </con:settings>
            <con:endpoint>http://${#Project#pURL}</con:endpoint>
            <con:request>{\r
	"SignOnRq": {\r
		"LogId": "e0ccbe1a-dfdd-4753-a4c7-acc6fb0665e3",\r
		"DateTime": "2019-03-06T00:00:00",\r
		"ChannelId": "5",\r
		"OurBranchId": "01"\r
	},\r
	"Cust": {\r
		"Name": "fahad ali",\r
		"CategoryId": "Individual",\r
		"Phone1": "5123123",\r
		"Phone2": "5123123",\r
		"MobileNo": "1231123123",\r
		"CUSTOMEREMAIL": "fahad@hotmail.com",\r
		"idno": "777244666161287",\r
		"DOB": "1988-03-06",\r
		"IDExpirydate": "2022-03-06",\r
		"Gender": "M",\r
		"Tinno1Ind": "",\r
		"TaxCountry1Ind": "",\r
		"TinNo2Ind": "",\r
		"TaxCountry2Ind": "",\r
		"TinNo3Ind": "",\r
		"TaxCountry3Ind": "",\r
		"TinNo4Ind": "",\r
		"TaxCountry4Ind": "",\r
		"TinNo5Ind": "",\r
		"TaxCountry5Ind": "",\r
		"FATCANoReason": "Y",\r
		"ReasonBind": "Y",\r
		"GroupCode": "MET",\r
		"MDMID": null,\r
		"RManager": "Fahad",\r
		"RiskProfile": "Medium",\r
		"FirstName": "Fahad",\r
		"MiddleName": "hhjjhjh",\r
		"LastName": "Ali",\r
		"Nationality": "UAE",\r
		"IDIssueCountry": "UAE",\r
		"PassportNumber": "",\r
		"PassportExpiry": null,\r
		"PassportIssueCountry": null,\r
		"PassportGender": "",\r
		"OnboardingCountry": "UAE",\r
		"Profession": "Software Engineer",\r
		"IncomeBracket": "IN1",\r
		"KYCReviewDate": "2016-03-03",\r
		"DualCitizenship": "N",\r
		"CitizenCountry2": "UAE",\r
		"PEP": "Y",\r
		"BlackList": "N",\r
		"HNI": "N",\r
		"AddressCors": "5c",\r
		"CityCors": "QUE",\r
		"CountryCors": "PAK",\r
		"StateCors": "BAL",\r
		"AddressCurr": "4c",\r
		"CityCurr": "QUE",\r
		"CountryCurr": "PAK",\r
		"StateCurr": "BAL",\r
		"AddressHomeCountry": "",\r
		"CountryHome": "",\r
		"StateHome": "",\r
		"CityHome": "",\r
		"ResidentNonResident": "N",\r
		"CountryofResidence": "PAK",\r
		"CRSRelevantInd": "Y",\r
		"AreYouAuSCitizenInd": "Y",\r
		"AreYouAUSTaxResidentInd": "Y",\r
		"WereYouBornInTheUSInd": "Y",\r
		"CountryUSOrUAEInd": "Y",\r
		"TinInd": "Y",\r
		"FATCARelevantInd": "Y",\r
		"RefererPromoCode": "salalin1234"\r
	}\r
}</con:request>
            <con:originalUri>http://waqfedev.northeurope.cloudapp.azure.com/api/BankSmart/CreateRetailCIF</con:originalUri>
            <con:credentials>
              <con:selectedAuthProfile>No Authorization</con:selectedAuthProfile>
              <con:authType>No Authorization</con:authType>
            </con:credentials>
            <con:jmsConfig JMSDeliveryMode="PERSISTENT"/>
            <con:parameters>
              <con:entry key="Authorization" value="Basic dmVuZG9yNS1lcmM6UEBzc3cwcmQ1"/>
              <con:entry key="Content-Type" value="application/json"/>
            </con:parameters>
            <con:parameterOrder>
              <con:entry>Content-Type</con:entry>
              <con:entry>Authorization</con:entry>
            </con:parameterOrder>
          </con:request>
        </con:method>
      </con:resource>
    </con:resource>
    <con:resource name="CreateRetailAccount" path="" id="12591881-082e-47fc-a63d-c796050b24e6">
      <con:settings/>
      <con:parameters/>
      <con:resource name="Copy of CreateAccount" path="/api/BankSmart/CreateAccount" id="b29e0ffb-d54b-4cc7-8d38-28195e9852a0">
        <con:settings/>
        <con:parameters/>
        <con:method name="CreateAccount" id="c8f29e89-ce5c-4af6-8d1d-f9bfda055a9f" method="POST">
          <con:settings/>
          <con:parameters>
            <con:parameter>
              <con:name>Content-Type</con:name>
              <con:value>application/json</con:value>
              <con:style>HEADER</con:style>
              <con:default/>
              <con:path xsi:nil="true"/>
              <con:description xsi:nil="true"/>
            </con:parameter>
            <con:parameter>
              <con:name>Authorization</con:name>
              <con:value>Basic dmVuZG9yNS1lcmM6UEBzc3cwcmQ1</con:value>
              <con:style>HEADER</con:style>
              <con:default/>
              <con:path xsi:nil="true"/>
              <con:description xsi:nil="true"/>
            </con:parameter>
          </con:parameters>
          <con:representation type="RESPONSE">
            <con:mediaType>application/json; charset=utf-8</con:mediaType>
            <con:status>200</con:status>
            <con:params/>
            <con:element xmlns:cre="http://waqfedev.northeurope.cloudapp.azure.com/api/BankSmart/CreateAccount">cre:Response</con:element>
          </con:representation>
          <con:representation type="REQUEST">
            <con:mediaType>application/json</con:mediaType>
            <con:params/>
          </con:representation>
          <con:representation type="FAULT">
            <con:mediaType>application/json; charset=utf-8</con:mediaType>
            <con:status>400</con:status>
            <con:params/>
            <con:element xmlns:cre="http://waqfedev.northeurope.cloudapp.azure.com/api/BankSmart/CreateAccount">cre:Fault</con:element>
          </con:representation>
          <con:representation type="FAULT">
            <con:mediaType>application/json</con:mediaType>
            <con:status>500</con:status>
            <con:params/>
            <con:element xmlns:cre="http://waqfedev.northeurope.cloudapp.azure.com/api/MoneyThor/CreateCustomer">cre:Fault</con:element>
          </con:representation>
          <con:representation type="RESPONSE">
            <con:mediaType xsi:nil="true"/>
            <con:status>0</con:status>
            <con:params/>
            <con:element>data</con:element>
          </con:representation>
          <con:request name="Create Retail Account" id="4495aca5-a127-47c0-84ce-cd2683a0fbb3" mediaType="application/json" postQueryString="false">
            <con:settings>
              <con:setting id="com.eviware.soapui.impl.wsdl.WsdlRequest@request-headers">&lt;xml-fragment/></con:setting>
            </con:settings>
            <con:endpoint>http://${#Project#pURL}</con:endpoint>
            <con:request>{
    "SignOnRq": {
        "LogId": "e0ccbe1a-dfdd-4753-a4c7-acc6fb0665e3",
        "DateTime": "2019-03-06",
        "ChannelId": "5",
        "OurBranchId": "01"
    },
    "SignatureInstructions": "this is to allow all",
    "CLIENTIDS": [
        "000000250"
    ],
    "Acc": {
        "ClientID": "000000250",
        "ProductID": "CAPKR",
        "Name": "Saad Salahuddin",
        "Address": "Villa F23, Al Salam A, Mudon",
        "CityID": "005",
        "StateID": "001",
        "CountryID": "ARE",
        "StatementFrequency": "Q",
        "HoldMail": 0,
        "ZakatExemption": 0,
        "IntroducerAccountNo": "0100100000004501",
        "IntroducedBy": "Raheel Iqbal",
        "IntroducerAddress": "21 Burj Khalifa, Dubai",
        "IntroducerCityID": "005",
        "IntroducerStateID": "001",
        "IntroducerCountryID": "ARE",
        "ModeOfOperation": "Singly",
        "Reminder": "",
        "Notes": "",
        "NameKin": "Majid Chishti",
        "FNameKin": "Sameer Chishti",
        "IDTYPE": "DLL",
        "IDNOKIN": "123123",
        "AddressKin": "Al Salam Suites",
        "AddressKinCityID": "005",
        "AddressKinStateID": "001",
        "AddressKinCountryID": "ARE",
        "PhNoResKin": "17445588",
        "PhNoOffKin": "17998855",
        "MobNoKin": "0515757087",
        "FaxKin": "17879654",
        "EmailKin": "majid@yahoo.com",
        "RelationshipKin": "Brother",
        "NatureID": "0101",
        "RelationshipCode": "CAD",
        "AllowCreditTransaction": 1,
        "AllowDebitTransaction": 1,
        "NotServiceCharges": 1,
        "NotStopPaymentCharges": 1,
        "NotChequeBookCharges": 1,
        "TurnOver": "Below 1M",
        "NoOfDrTrx": null,
        "NoOfCrTrx": null,
        "DrThresholdLimit": null,
        "CrThresholdLimit": null,
        "ProductCash": 1,
        "ProductClearing": 0,
        "ProductCollection": 0,
        "ProductRemittance": 1,
        "ProductCross": 1,
        "ProductOthers": 0,
        "ProductOthersDesc": ""
    }
}</con:request>
            <con:originalUri>http://waqfedev.northeurope.cloudapp.azure.com/api/BankSmart/CreateAccount</con:originalUri>
            <con:credentials>
              <con:selectedAuthProfile>No Authorization</con:selectedAuthProfile>
              <con:authType>No Authorization</con:authType>
            </con:credentials>
            <con:jmsConfig JMSDeliveryMode="PERSISTENT"/>
            <con:parameters>
              <con:entry key="Authorization" value="Basic dmVuZG9yNS1lcmM6UEBzc3cwcmQ1"/>
              <con:entry key="Content-Type" value="application/json"/>
            </con:parameters>
            <con:parameterOrder>
              <con:entry>Content-Type</con:entry>
              <con:entry>Authorization</con:entry>
            </con:parameterOrder>
          </con:request>
        </con:method>
      </con:resource>
    </con:resource>
    <con:resource name="ScreeningNaturalPersonModel" path="" id="32479ca8-7b69-474c-9a79-23ef07f53f46">
      <con:settings/>
      <con:parameters/>
      <con:resource name="Copy of ScreeningNaturalPersonModel" path="" id="d1bebc0d-d2dd-4ddd-81d4-fd264c4ced88">
        <con:settings/>
        <con:parameters/>
        <con:resource name="Copy of ScreeningNaturalPersonModel" path="/api/IMTF/ScreeningNaturalPersonModel" id="aef52d96-fe2a-4d45-996d-1737ac339c64">
          <con:settings/>
          <con:parameters/>
          <con:method name="ScreeningNaturalPersonModel" id="981a12d2-110f-4336-8b7e-a395ced79ec1" method="POST">
            <con:settings/>
            <con:parameters>
              <con:parameter>
                <con:name>Content-Type</con:name>
                <con:value>application/json</con:value>
                <con:style>HEADER</con:style>
                <con:default/>
                <con:path xsi:nil="true"/>
                <con:description xsi:nil="true"/>
              </con:parameter>
            </con:parameters>
            <con:representation type="REQUEST">
              <con:mediaType>application/json</con:mediaType>
              <con:params/>
            </con:representation>
            <con:representation type="FAULT">
              <con:mediaType>application/json; charset=utf-8</con:mediaType>
              <con:status>400</con:status>
              <con:params/>
              <con:element xmlns:scr="http://waqfedev.northeurope.cloudapp.azure.com/api/IMTF/ScreeningNaturalPersonModel">scr:Fault</con:element>
            </con:representation>
            <con:representation type="RESPONSE">
              <con:mediaType>application/json; charset=utf-8</con:mediaType>
              <con:status>200</con:status>
              <con:params/>
              <con:element xmlns:scr="http://waqfedev.northeurope.cloudapp.azure.com/api/IMTF/ScreeningNaturalPersonModel">scr:Response</con:element>
            </con:representation>
            <con:representation type="RESPONSE">
              <con:mediaType xsi:nil="true"/>
              <con:status>0</con:status>
              <con:params/>
              <con:element>data</con:element>
            </con:representation>
            <con:representation type="FAULT">
              <con:mediaType>application/json</con:mediaType>
              <con:status>500 400 401</con:status>
              <con:params/>
              <con:element xmlns:scr="http://waqfedev.northeurope.cloudapp.azure.com/api/IMTF/ScreeningNaturalPersonModel">scr:Fault</con:element>
            </con:representation>
            <con:request name="ScreeningNaturalPersonModel" id="e958d6f4-a2cd-413f-9481-de2c8031437e" mediaType="application/json" postQueryString="false">
              <con:settings>
                <con:setting id="com.eviware.soapui.impl.wsdl.WsdlRequest@request-headers">&lt;xml-fragment/></con:setting>
              </con:settings>
              <con:endpoint>http://${#Project#pURL}</con:endpoint>
              <con:request>{

	"SignOnRq": {
		"LogId": "e0ccbe1a-dfdd-4753-a4c7-acc6fb0665e3",
		"DateTime": "2019-03-06T00:00:00",
		"ChannelId": "5",
		"OurBranchId": "01"
	},

	"RootObject": {
		"RequestMetaData": {
			"type": "NBK_SCR_RET",
			"sendTime": "23/03/2019 09:16:25.305277",
			"timeZone": "4",
			"userId": "SYSTEM",
			"requestUid": "use_case_natural_entity",
			"orgUnit": "ORG_GLOBAL/ORG_AE/AE_RETAIL",
			"branchCompanyId": "784100",
			"branchLocationId": "784101",
			"systemId": "CIF",
			"serviceId": ""
		},
		"RootObject": {
			"RequestDataObject": {
				"DoiPerson": [{
					"entityType": "3001",
					"originId": "CUS24042019A",
					"listId": "ORG_GLOBAL/ORG_AE/AE_RETAIL/CUS",
					"legalStatus": "N",
					"fullName": "",
					"lastName": "ULRICH",
					"firstName": "Ernst",
					"sex": "M",
					"function": "",
					"profOccupation": "",
					"activityCode": "",
					"businessCode": "",
					"dob": "15/05/1971 00:00:00.000000",
					"startDtg": "",
					"placeOfBirth": "",
					"cityOfBirth": "",
					"countryOfBirth": "LU",
					"legalForm": "",
					"customerStatus": "",
					"vatNumber": "",
					"giin": "",
					"tin": "",
					"DoiNickname": [{
						"originId": "CUS24042019A_1",
						"listId": "ORG_GLOBAL/ORG_AE/AE_RETAIL/CUS",
						"nickName": ""
					}],
					"DoiPersonPhysChar": [{
						"originId": "CUS24042019A_1",
						"listId": "ORG_GLOBAL/ORG_AE/AE_RETAIL/CUS",
						"nationality": "DE"
					}],
					"DoiIdentificationDocEntity": [{
						"entityType": "18",
						"originId": "CUS24042019A_1",
						"listId": "ORG_GLOBAL/ORG_AE/AE_RETAIL/CUS_ID",
						"type": "",
						"issuingCountry": "",
						"number": "",
						"collectDate": "",
						"startDtg": "",
						"endDtg": ""
					}],
					"DoiFile": [{
						"entityType": "12",
						"originId": "CUS24042019A_1",
						"listId": "ORG_GLOBAL/ORG_AE/AE_RETAIL/CUS_DOC",
						"collectDate": "",
						"startDtg": "",
						"endDtg": "",
						"DoiFileCategory": [{
							"originId": "CUS24042019A_1",
							"listId": "ORG_GLOBAL/ORG_AE/AE_RETAIL/CUS_DOC",
							"category": ""
						}]
					}],
					"DoiRisk": [{
						"originId": "CUS24042019A_1",
						"listId": "ORG_GLOBAL/ORG_AE/AE_RETAIL/CUS",
						"riskCategory": "",
						"riskSubCategory": "",
						"riskScoring": "",
						"riskStartDate": "",
						"riskEndDate": ""
					}],
					"DoiLocation": [{
						"entityType": "21",
						"originId": "CUS24042019A_1",
						"listId": "ORG_GLOBAL/ORG_AE/AE_RETAIL/CUS_ADR",
						"streetAddressNumber": "",
						"streetAddress": "",
						"fullStreetAddress": "",
						"poBox": "",
						"zipCode": "",
						"state": "",
						"city": "",
						"fullAddressText": "",
						"country": "",
						"addressPurposeId": ""
					}],
					"DoiPhoneEntity": [{
						"entityType": "10",
						"originId": "CUS24042019A_1",
						"listId": "ORG_GLOBAL/ORG_AE/AE_RETAIL/CUS_4N",
						"phoneIdentifierFull": "",
						"number": "",
						"countryPrefix": "",
						"country": "",
						"type": ""
					}],
					"DoiEMailEntity": [{
						"entityType": "16",
						"originId": "CUS24042019A_1",
						"listId": "ORG_GLOBAL/ORG_AE/AE_RETAIL/CUS_EMAIL",
						"email": "",
						"emailType": ""
					}],
					"DoiAdditionalInfo": [{
						"originId": "CUS24042019A_1",
						"listId": "ORG_GLOBAL/ORG_AE/AE_RETAIL/CUS",
						"additionalInfoCat": "",
						"number": ""
					}],
					"DoiAccountEntity": [{
						"entityType": "4",
						"originId": "987654321",
						"listId": "ORG_GLOBAL/ORG_AE/AE_RETAIL/CUS_ACC",
						"accountType": "",
						"accountNumber": "",
						"bic": "",
						"bankIban": "",
						"bankName": "",
						"branchName": "",
						"branchCity": "",
						"branchCountry": "",
						"status": "",
						"openingDate": "",
						"closingDate": "",
						"DoiAccountBalance": [{
							"originId": "987654321",
							"listId": "ORG_GLOBAL/ORG_AE/AE_RETAIL/CUS_ACC",
							"baseAmountBalance": "",
							"baseCurrency": "",
							"balanceDate": ""
						}],
						"DoiRisk": [{
							"originId": "987654321",
							"listId": "ORG_GLOBAL/ORG_AE/AE_RETAIL/CUS_ACC",
							"riskCategory": "",
							"riskSubCategory": "",
							"riskScoring": "",
							"riskStartDate": "",
							"riskEndDate": ""
						}]
					}]
				}]
			}
		}
	}
}</con:request>
              <con:originalUri>http://waqfedev.northeurope.cloudapp.azure.com/api/IMTF/ScreeningNaturalPersonModel</con:originalUri>
              <con:credentials>
                <con:username>vendor5-erc</con:username>
                <con:password>P@ssw0rd5</con:password>
                <con:selectedAuthProfile>Basic</con:selectedAuthProfile>
                <con:addedBasicAuthenticationTypes>Basic</con:addedBasicAuthenticationTypes>
                <con:authType>Global HTTP Settings</con:authType>
              </con:credentials>
              <con:jmsConfig JMSDeliveryMode="PERSISTENT"/>
              <con:parameters>
                <con:entry key="Content-Type" value="application/json"/>
              </con:parameters>
              <con:parameterOrder>
                <con:entry>Content-Type</con:entry>
              </con:parameterOrder>
            </con:request>
          </con:method>
        </con:resource>
      </con:resource>
    </con:resource>
    <con:resource name="UpdateAccountStatus" path="" id="16ece15e-20aa-4522-99ce-dde3fb16a732">
      <con:settings/>
      <con:parameters/>
      <con:resource name="Copy of UpdateAccountStatus" path="/api/BankSmart/UpdateAccountStatus" id="90e4f595-53cf-4e4e-95fe-2b2080b9e7e0">
        <con:settings/>
        <con:parameters/>
        <con:method name="UpdateAccountStatus" id="1bb7449d-1320-46ac-8d37-973f29613a86" method="POST">
          <con:settings/>
          <con:parameters>
            <con:parameter>
              <con:name>Content-Type</con:name>
              <con:value>application/json</con:value>
              <con:style>HEADER</con:style>
              <con:default/>
              <con:path xsi:nil="true"/>
              <con:description xsi:nil="true"/>
            </con:parameter>
            <con:parameter>
              <con:name>Authorization</con:name>
              <con:value>Basic dmVuZG9yNS1lcmM6UEBzc3cwcmQ1</con:value>
              <con:style>HEADER</con:style>
              <con:default/>
              <con:path xsi:nil="true"/>
              <con:description xsi:nil="true"/>
            </con:parameter>
          </con:parameters>
          <con:representation type="REQUEST">
            <con:mediaType>application/json</con:mediaType>
            <con:params/>
          </con:representation>
          <con:representation type="FAULT">
            <con:mediaType>application/json; charset=utf-8</con:mediaType>
            <con:status>400</con:status>
            <con:params/>
            <con:element xmlns:upd="http://waqfedev.northeurope.cloudapp.azure.com/api/BankSmart/UpdateAccountStatus">upd:Fault</con:element>
          </con:representation>
          <con:representation type="RESPONSE">
            <con:mediaType>application/json; charset=utf-8</con:mediaType>
            <con:status>200</con:status>
            <con:params/>
            <con:element xmlns:upd="http://waqfedev.northeurope.cloudapp.azure.com/api/BankSmart/UpdateAccountStatus">upd:Response</con:element>
          </con:representation>
          <con:representation type="FAULT">
            <con:mediaType>text/html</con:mediaType>
            <con:status>407</con:status>
            <con:params/>
            <con:element>html</con:element>
          </con:representation>
          <con:request name="Activate Account" id="67e2b795-bd61-41f2-bffc-89cafa73e490" mediaType="application/json" postQueryString="false">
            <con:settings>
              <con:setting id="com.eviware.soapui.impl.wsdl.WsdlRequest@request-headers">&lt;xml-fragment/></con:setting>
            </con:settings>
            <con:endpoint>http://${#Project#pURL}</con:endpoint>
            <con:request>{\r
                 "signOnRq":{ \r
                "LogId": "e0ccbe1a-dfdd-4753-a4c7-acc6fb0665e3",\r
                  "DateTime":"2019-03-06T00:00:00",\r
                  "ChannelId":"5",\r
                 "OurBranchId":"01"},\r
				"AccountID":"0100200000025002",\r
				"Status":""\r
     }\r
     \r</con:request>
            <con:originalUri>http://waqfedev.northeurope.cloudapp.azure.com/api/BankSmart/UpdateAccountStatus</con:originalUri>
            <con:credentials>
              <con:selectedAuthProfile>No Authorization</con:selectedAuthProfile>
              <con:authType>No Authorization</con:authType>
            </con:credentials>
            <con:jmsConfig JMSDeliveryMode="PERSISTENT"/>
            <con:parameters>
              <con:entry key="Authorization" value="Basic dmVuZG9yNS1lcmM6UEBzc3cwcmQ1"/>
              <con:entry key="Content-Type" value="application/json"/>
            </con:parameters>
            <con:parameterOrder>
              <con:entry>Content-Type</con:entry>
              <con:entry>Authorization</con:entry>
            </con:parameterOrder>
          </con:request>
        </con:method>
      </con:resource>
    </con:resource>
    <con:resource name="UpdateCifStatus" path="/api/BankSmart/UpdateCifStatus" id="afb2cda1-9f75-49dc-bcbe-6be64ec079b7">
      <con:settings/>
      <con:parameters/>
      <con:method name="Method 1" id="c87e9213-206f-4569-bf53-4f96f0d7f16a" method="POST">
        <con:settings/>
        <con:parameters>
          <con:parameter required="true">
            <con:name>Authorization</con:name>
            <con:value/>
            <con:style>HEADER</con:style>
            <con:default/>
          </con:parameter>
          <con:parameter required="true">
            <con:name>Content-Type</con:name>
            <con:value/>
            <con:style>HEADER</con:style>
            <con:default/>
          </con:parameter>
        </con:parameters>
        <con:representation type="REQUEST">
          <con:mediaType>application/json</con:mediaType>
          <con:params/>
        </con:representation>
        <con:representation type="RESPONSE">
          <con:mediaType>application/json; charset=utf-8</con:mediaType>
          <con:status>200</con:status>
          <con:params/>
          <con:element xmlns:upd="https://waqfevendor.gslb.sit.eradahcapital.com/api/BankSmart/UpdateCifStatus">upd:Response</con:element>
        </con:representation>
        <con:request name="Request 1" id="d50622f1-023a-4777-999f-efed9e5e21aa" mediaType="application/json" postQueryString="false">
          <con:settings>
            <con:setting id="com.eviware.soapui.impl.wsdl.WsdlRequest@request-headers">&lt;xml-fragment/></con:setting>
          </con:settings>
          <con:endpoint>https://mdm.gslb.shd.eradahcapital.com</con:endpoint>
          <con:request>{
  "signOnRq": {
    "logId": "${=java.util.UUID.randomUUID()}",
    "dateTime": "2021-11-30T11:00:13.125Z",
    "channelId": "13",
    "ourBranchId": "03"
  },
  "clientId": "${CreateRetailCIF#Response#$['content']['clientID']}",
  "status": "D"
}</con:request>
          <con:credentials>
            <con:selectedAuthProfile>No Authorization</con:selectedAuthProfile>
            <con:authType>No Authorization</con:authType>
          </con:credentials>
          <con:jmsConfig JMSDeliveryMode="PERSISTENT"/>
          <con:parameters>
            <con:entry key="Authorization" value="Basic dmVuZG9yNS1lcmM6UEBzc3cwcmQ1"/>
            <con:entry key="Content-Type" value="application/json"/>
          </con:parameters>
          <con:parameterOrder>
            <con:entry>Authorization</con:entry>
            <con:entry>Content-Type</con:entry>
          </con:parameterOrder>
        </con:request>
      </con:method>
    </con:resource>
    <con:resource name="CloseAccount" path="/api/BankSmart/CloseAccount" id="fe970cd1-8ca9-4eed-910a-ba031d8229fc">
      <con:settings/>
      <con:parameters/>
      <con:method name="Method 1" id="2f1c1a2c-023b-49a2-a333-cefb797452e8" method="POST">
        <con:settings/>
        <con:parameters>
          <con:parameter required="true">
            <con:name>Authorization</con:name>
            <con:value/>
            <con:style>HEADER</con:style>
            <con:default/>
          </con:parameter>
          <con:parameter required="true">
            <con:name>Content-Type</con:name>
            <con:value/>
            <con:style>HEADER</con:style>
            <con:default/>
          </con:parameter>
        </con:parameters>
        <con:representation type="RESPONSE">
          <con:mediaType>application/json; charset=utf-8</con:mediaType>
          <con:status>200</con:status>
          <con:params/>
          <con:element xmlns:clos="https://waqfevendor.gslb.sit.eradahcapital.com/api/BankSmart/CloseAccount">clos:Response</con:element>
        </con:representation>
        <con:representation type="REQUEST">
          <con:mediaType>application/json</con:mediaType>
          <con:params/>
        </con:representation>
        <con:request name="Request 1" id="743a1614-84b4-45bd-956e-aa52349e6f02" mediaType="application/json" postQueryString="false">
          <con:settings>
            <con:setting id="com.eviware.soapui.impl.wsdl.WsdlRequest@request-headers">&lt;xml-fragment/></con:setting>
          </con:settings>
          <con:endpoint>https://mdm.gslb.shd.eradahcapital.com</con:endpoint>
          <con:request>{
  "signOnRq": {
    "logId": "${=java.util.UUID.randomUUID()}",
    "dateTime": "2021-11-22T11:48:55.804Z",
    "channelId": "10",
    "ourBranchId": "03"
  },
  "accountId": "${CreateRetailAccount#Response#$['content']['accountID']}",
  "clientId": "${CreateRetailCIF#Response#$['content']['clientID']}"
}</con:request>
          <con:credentials>
            <con:username>vendor10-erc</con:username>
            <con:password>P@ssw0rd10</con:password>
            <con:selectedAuthProfile>Basic</con:selectedAuthProfile>
            <con:preemptive>true</con:preemptive>
            <con:addedBasicAuthenticationTypes>Basic</con:addedBasicAuthenticationTypes>
            <con:authType>Preemptive</con:authType>
          </con:credentials>
          <con:jmsConfig JMSDeliveryMode="PERSISTENT"/>
          <con:parameters>
            <con:entry key="Authorization" value="Basic dmVuZG9yNS1lcmM6UEBzc3cwcmQ1"/>
            <con:entry key="Content-Type" value="application/json"/>
          </con:parameters>
          <con:parameterOrder>
            <con:entry>Authorization</con:entry>
            <con:entry>Content-Type</con:entry>
          </con:parameterOrder>
        </con:request>
      </con:method>
    </con:resource>
  </con:interface>
  <con:testSuite id="66c3827c-ac97-445f-bded-0b58ed380bbc" name="Retail_MDM">
    <con:settings/>
    <con:savedRecentRuns>1</con:savedRecentRuns>
    <con:runType>SEQUENTIAL</con:runType>
    <con:testCase id="cadfe5ed-f252-4915-8e58-cc980a9e0c30" discardOkResults="false" failOnError="false" failTestCaseOnErrors="true" keepSession="false" name="Retail_MDM" searchProperties="true" timeout="0" wsrmEnabled="false" wsrmVersion="1.0" wsrmAckTo="" amfAuthorisation="false" amfEndpoint="" amfLogin="" amfPassword="" zephyrTestName="" zephyrTestId="" maxResults="0">
      <con:settings/>
      <con:savedRecentRuns>1</con:savedRecentRuns>
      <con:testStep type="groovy" name="TodayDate" id="50196466-41b4-4827-89c4-a54acaed12b8">
        <con:settings/>
        <con:config>
          <script>import groovy.time.TimeCategory
def today = new Date();
today= today.format("YYYY-MM-dd'T'HH:mm:ss")</script>
        </con:config>
      </con:testStep>
      <con:testStep type="datasource" name="DataSource" id="2c269ffc-a9d4-41dc-8e53-bc2089255115">
        <con:settings/>
        <con:config xsi:type="con:DataSourceStep" xmlns:xsi="http://www.w3.org/2001/XMLSchema-instance">
          <con:dataSource type="Data Generator">
            <con:configuration>
              <generatedDataCount>10</generatedDataCount>
              <generatorsTotalNumber>4</generatorsTotalNumber>
              <lastSelectedProperty>0</lastSelectedProperty>
              <GeneratorType0>NAME</GeneratorType0>
              <PropertyName0>lastName</PropertyName0>
              <repetitionCountlastName>0</repetitionCountlastName>
              <repeatValueslastName>false</repeatValueslastName>
              <NameTypeName0>LastName</NameTypeName0>
              <NameGenderName0>Any</NameGenderName0>
              <GeneratorType1>NAME</GeneratorType1>
              <PropertyName1>firstName</PropertyName1>
              <repetitionCountfirstName>0</repetitionCountfirstName>
              <repeatValuesfirstName>false</repeatValuesfirstName>
              <NameTypeName1>Full</NameTypeName1>
              <NameGenderName1>Any</NameGenderName1>
              <GeneratorType2>ADDRESS</GeneratorType2>
              <PropertyName2>Address</PropertyName2>
              <repetitionCountAddress>0</repetitionCountAddress>
              <repeatValuesAddress>false</repeatValuesAddress>
              <AddressDataGeneratorRestrictLength>true</AddressDataGeneratorRestrictLength>
              <AddressDataGeneratorMaxLength>20</AddressDataGeneratorMaxLength>
              <GeneratorType3>NAME</GeneratorType3>
              <PropertyName3>middleName</PropertyName3>
              <repetitionCountmiddleName>0</repetitionCountmiddleName>
              <repeatValuesmiddleName>false</repeatValuesmiddleName>
              <NameTypeName3>LastName</NameTypeName3>
              <NameGenderName3>Any</NameGenderName3>
              <escapeSpaceSequence/>
            </con:configuration>
          </con:dataSource>
          <con:shared>true</con:shared>
          <con:restartShared>true</con:restartShared>
          <con:property>firstName</con:property>
          <con:property>middleName</con:property>
          <con:property>lastName</con:property>
          <con:property>Address</con:property>
          <con:completeLastOperation>true</con:completeLastOperation>
          <con:restartOnRun>true</con:restartOnRun>
        </con:config>
      </con:testStep>
      <con:testStep type="groovy" name="CustomerName" id="8a25a05c-9f15-4518-9022-393bcdd86bf8" disabled="true">
        <con:settings/>
        <con:config>
          <script>def APIname = testRunner.testCase.getPropertyValue("apiname")
def firstname = context.expand('${DataSource#firstName}')
def middlename = context.expand( '${DataSource#middleName}' )
def lastname = context.expand( '${DataSource#lastName}' )
String name= APIname+" "+firstname+" "+middlename+" "+lastname
return name
if(name.length()> 100){
return name.substring(0,10)
}
else{
	return name
}</script>
        </con:config>
      </con:testStep>
      <con:testStep type="restrequest" name="CreateRetailCIF" id="0ed5f8f7-1887-4612-934f-648fc251724a">
        <con:settings/>
        <con:config service="https://mdm.gslb.shd.eradahcapital.com" resourcePath="/api/BankSmart/CreateRetailCIF" methodName="CreateRetailCIF" xsi:type="con:RestRequestStep" xmlns:xsi="http://www.w3.org/2001/XMLSchema-instance">
          <con:restRequest name="CreateRetailCIF" id="3b9f2a1e-73ec-4008-a472-71631cc87b00" mediaType="application/json" postQueryString="false">
            <con:settings>
              <con:setting id="com.eviware.soapui.impl.wsdl.WsdlRequest@request-headers">&lt;xml-fragment/></con:setting>
            </con:settings>
            <con:endpoint>${#Project#pURL}</con:endpoint>
            <con:request>{\r
   "SignOnRq" : {\r
      "LogId" : "${=java.util.UUID.randomUUID()}",\r
      "DateTime" : "${TodayDate#result}",\r
      "ChannelId" : "${#TestCase#channel}",\r
      "OurBranchId" : "02"\r
   },\r
   "Cust" : {\r
      "Name" : "${DataSource#firstName} ${DataSource#middleName} ${DataSource#lastName}",\r
      "CategoryId" : "Individual",\r
      "Phone1" : "9${=org.apache.commons.lang.RandomStringUtils.randomNumeric(9)}",\r
      "Phone2" : "9${=org.apache.commons.lang.RandomStringUtils.randomNumeric(9)}",\r
      "MobileNo" : "9${=org.apache.commons.lang.RandomStringUtils.randomNumeric(9)}",\r
      "CUSTOMEREMAIL" : "${=org.apache.commons.lang.RandomStringUtils.randomAlphanumeric(10)}@eradahcapital.com",\r
      "idno" : "7841968${=org.apache.commons.lang.RandomStringUtils.randomNumeric(7)}1",\r
      "DOB" : "1968-06-19",\r
      "IDExpirydate" : "2022-03-06",\r
      "Gender" : "M",\r
      "Tinno1Ind" : "1",\r
      "TaxCountry1Ind" : "ARE",\r
      "TinNo2Ind" : "1",\r
      "TaxCountry2Ind" : "ARE",\r
      "TinNo3Ind" : "1",\r
      "TaxCountry3Ind" : "ARE",\r
      "TinNo4Ind" : "1",\r
      "TaxCountry4Ind" : "ARE",\r
      "TinNo5Ind" : "1",\r
      "TaxCountry5Ind" : "ARE",\r
      "FATCANoReason" : "Reason A",\r
      "ReasonBind" : "Y",\r
      "GroupCode" : "INDIV",\r
      "MDMID" : "${=org.apache.commons.lang.RandomStringUtils.randomAlphabetic(10)}",\r
      "RManager" : "001",\r
      "RiskProfile" : "Low",\r
      "FirstName" : "CGRetailAPI${DataSource#firstName}",\r
      "MiddleName" : "${DataSource#middleName}",\r
      "LastName" : "${DataSource#lastName}",\r
      "Nationality" : "ARE",\r
      "IDIssueCountry" : "ARE",\r
      "PassportNumber" : "CG${=org.apache.commons.lang.RandomStringUtils.randomNumeric(7)}",\r
      "PassportExpiry" : "2022-03-06",\r
      "PassportIssueCountry" : "ARE",\r
      "PassportGender" : "M",\r
      "OnboardingCountry" : "ARE",\r
      "Profession" : "P001",\r
      "IncomeBracket" : "IN1",\r
      "KYCReviewDate" : "2022-03-03",\r
      "DualCitizenship" : "N",\r
      "CitizenCountry2" : "ARE",\r
      "PEP" : "N",\r
      "BlackList" : "N",\r
      "HNI" : "N",\r
      "AddressCors" : "${=org.apache.commons.lang.RandomStringUtils.randomNumeric(3)}Fraser suites",\r
      "CityCors" : "00001",\r
      "CountryCors" : "ARE",\r
      "StateCors" : "001",\r
      "AddressCurr" : "${DataSource#Address}",\r
      "CityCurr" : "00001",\r
      "CountryCurr" : "ARE",\r
      "StateCurr" : "001",\r
      "AddressHomeCountry" : "${=org.apache.commons.lang.RandomStringUtils.randomNumeric(3)}burj khalifa",\r
      "CountryHome" : "ARE",\r
      "StateHome" : "003",\r
      "CityHome" : "00007",\r
      "ResidentNonResident" : "Y",\r
      "CountryofResidence" : "ARE",\r
      "CRSRelevantInd" : "N",\r
      "AreYouAuSCitizenInd" : "N",\r
      "AreYouAUSTaxResidentInd" : "N",\r
      "WereYouBornInTheUSInd" : "N",\r
      "CountryUSOrUAEInd" : "N",\r
      "TinInd" : "Y",\r
      "FATCARelevantInd" : "N",\r
      "RefererPromoCode" : "salalin1234"\r
   }\r
}</con:request>
            <con:originalUri>http://waqfedev.northeurope.cloudapp.azure.com/api/BankSmart/CreateRetailCIF</con:originalUri>
            <con:assertion type="Valid HTTP Status Codes" id="1ae8d534-9eb9-4aad-aa99-eedf5eeac84d" name="Valid HTTP Status Codes">
              <con:settings/>
              <con:configuration>
                <codes>200</codes>
              </con:configuration>
            </con:assertion>
            <con:credentials>
              <con:username>vendor100-erc</con:username>
              <con:password>P@ssw0rd100</con:password>
              <con:selectedAuthProfile>Basic</con:selectedAuthProfile>
              <con:preemptive>true</con:preemptive>
              <con:addedBasicAuthenticationTypes>Basic</con:addedBasicAuthenticationTypes>
              <con:authType>Preemptive</con:authType>
            </con:credentials>
            <con:jmsConfig JMSDeliveryMode="PERSISTENT"/>
            <con:parameters>
              <con:entry key="Authorization" value="Basic dmVuZG9yNS1lcmM6UEBzc3cwcmQ1"/>
              <con:entry key="Content-Type" value="application/json"/>
            </con:parameters>
            <con:parameterOrder>
              <con:entry>Content-Type</con:entry>
              <con:entry>Authorization</con:entry>
            </con:parameterOrder>
          </con:restRequest>
        </con:config>
      </con:testStep>
      <con:testStep type="restrequest" name="CreateRetailAccount" id="0c27e53d-96e1-4d33-acd8-a59c498fe643">
        <con:settings/>
        <con:config service="https://mdm.gslb.shd.eradahcapital.com" resourcePath="/api/BankSmart/CreateAccount" methodName="CreateAccount" xsi:type="con:RestRequestStep" xmlns:xsi="http://www.w3.org/2001/XMLSchema-instance">
          <con:restRequest name="CreateRetailAccount" id="4495aca5-a127-47c0-84ce-cd2683a0fbb3" mediaType="application/json" postQueryString="false">
            <con:settings>
              <con:setting id="com.eviware.soapui.impl.wsdl.WsdlRequest@request-headers">&lt;xml-fragment/></con:setting>
            </con:settings>
            <con:endpoint>${#Project#pURL}</con:endpoint>
            <con:request>{\r
   "SignOnRq" : {\r
      "LogId" : "${=java.util.UUID.randomUUID()}",\r
      "DateTime" : "${TodayDate#result}",\r
      "ChannelId" : "${#TestCase#channel}",\r
      "OurBranchId" : "02"\r
   },\r
   "SignatureInstructions" : "this is to allow all",\r
   "CLIENTIDS" : [\r
      "${CreateRetailCIF#Response#$['content']['clientID']}"\r
   ],\r
   "Acc" : {\r
      "ClientID" : "${CreateRetailCIF#Response#$['content']['clientID']}",\r
      "ProductID" : "ZACCIN",\r
      "Name" : "${CreateRetailCIF#Response#$['content']['customerName']}",\r
      "Address" : "${CreateRetailCIF#RawRequest#$['Cust']['AddressCurr']}",\r
      "CityID" : "00001",\r
      "StateID" : "001",\r
      "CountryID" : "ARE",\r
      "StatementFrequency" : "M",\r
      "HoldMail" : 0,\r
      "ZakatExemption" : 0,\r
      "IntroducerAccountNo" : "${=org.apache.commons.lang.RandomStringUtils.randomNumeric(10)}",\r
      "IntroducedBy" : "CGRetailAPI${=org.apache.commons.lang.RandomStringUtils.randomNumeric(4)}",\r
      "IntroducerAddress" : "Freser Suite${=org.apache.commons.lang.RandomStringUtils.randomNumeric(2)}",\r
      "IntroducerCityID" : "00014",\r
      "IntroducerStateID" : "006",\r
      "IntroducerCountryID" : "ARE",\r
      "ModeOfOperation" : "Singly",\r
      "Reminder" : "Reminder260",\r
      "Notes" : "Reminder Notes085",\r
      "NameKin" : "${=org.apache.commons.lang.RandomStringUtils.randomAlphabetic(10)}",\r
      "FNameKin" : "${=org.apache.commons.lang.RandomStringUtils.randomAlphabetic(10)}",\r
      "IDTYPE" : "${=org.apache.commons.lang.RandomStringUtils.randomAlphabetic(8)}",\r
      "IDNOKIN" : "${=org.apache.commons.lang.RandomStringUtils.randomAlphabetic(8)}",\r
      "AddressKin" : "Fraser suites ${=org.apache.commons.lang.RandomStringUtils.randomNumeric(3)}",\r
      "AddressKinCityID" : "00001",\r
      "AddressKinStateID" : "001",\r
      "AddressKinCountryID" : "ARE",\r
      "PhNoResKin" : "${=org.apache.commons.lang.RandomStringUtils.randomNumeric(10)}",\r
      "PhNoOffKin" : "${=org.apache.commons.lang.RandomStringUtils.randomNumeric(10)}",\r
      "MobNoKin" : "${=org.apache.commons.lang.RandomStringUtils.randomNumeric(10)}",\r
      "FaxKin" : "${=org.apache.commons.lang.RandomStringUtils.randomNumeric(10)}",\r
      "EmailKin" : "${=org.apache.commons.lang.RandomStringUtils.randomAlphanumeric(10)}@eradahcapital.com",\r
      "RelationshipKin" : "${=org.apache.commons.lang.RandomStringUtils.randomAlphanumeric(6)}",\r
      "NatureID" : "0302",\r
      "RelationshipCode" : "RET",\r
      "AllowCreditTransaction" : 0,\r
      "AllowDebitTransaction" : 0,\r
      "NotServiceCharges" : 0,\r
      "NotStopPaymentCharges" : 0,\r
      "NotChequeBookCharges" : 0,\r
      "TurnOver" : "Below 1M",\r
      "NoOfDrTrx" : "1",\r
      "NoOfCrTrx" : "1",\r
      "DrThresholdLimit" : "1.00",\r
      "CrThresholdLimit" : "1.00",\r
      "ProductCash" : 1,\r
      "ProductClearing" : 0,\r
      "ProductCollection" : 0,\r
      "ProductRemittance" : 1,\r
      "ProductCross" : 1,\r
      "ProductOthers" : 0,\r
      "ProductOthersDesc" : "Remarks858API",\r
      "SOCID" : "BASIC"\r
   }\r
}</con:request>
            <con:originalUri>http://waqfedev.northeurope.cloudapp.azure.com/api/BankSmart/CreateAccount</con:originalUri>
            <con:assertion type="Valid HTTP Status Codes" id="cb646e05-7bb5-4b9c-9a38-d1000f829cd6" name="Valid HTTP Status Codes">
              <con:settings/>
              <con:configuration>
                <codes>200</codes>
              </con:configuration>
            </con:assertion>
            <con:credentials>
              <con:username>vendor100-erc</con:username>
              <con:password>P@ssw0rd100</con:password>
              <con:selectedAuthProfile>Basic</con:selectedAuthProfile>
              <con:preemptive>true</con:preemptive>
              <con:addedBasicAuthenticationTypes>Basic</con:addedBasicAuthenticationTypes>
              <con:authType>Preemptive</con:authType>
            </con:credentials>
            <con:jmsConfig JMSDeliveryMode="PERSISTENT"/>
            <con:parameters>
              <con:entry key="Authorization" value="Basic dmVuZG9yNS1lcmM6UEBzc3cwcmQ1"/>
              <con:entry key="Content-Type" value="application/json"/>
            </con:parameters>
            <con:parameterOrder>
              <con:entry>Content-Type</con:entry>
              <con:entry>Authorization</con:entry>
            </con:parameterOrder>
          </con:restRequest>
        </con:config>
      </con:testStep>
      <con:testStep type="restrequest" name="ScreeningNaturalPersonModel" id="acfc4efe-a342-4606-9937-46994f88751b">
        <con:settings/>
        <con:config service="https://mdm.gslb.shd.eradahcapital.com" resourcePath="/api/IMTF/ScreeningNaturalPersonModel" methodName="ScreeningNaturalPersonModel" xsi:type="con:RestRequestStep" xmlns:xsi="http://www.w3.org/2001/XMLSchema-instance">
          <con:restRequest name="ScreeningNaturalPersonModel" id="e958d6f4-a2cd-413f-9481-de2c8031437e" mediaType="application/json" postQueryString="false">
            <con:settings>
              <con:setting id="com.eviware.soapui.impl.wsdl.WsdlRequest@request-headers">&lt;xml-fragment/></con:setting>
            </con:settings>
            <con:endpoint>${#Project#pURL}</con:endpoint>
            <con:request>{
    "SignOnRq": {
        "LogId": "${=java.util.UUID.randomUUID()}",
      "DateTime": "${TodayDate#result}",
        "ChannelId": "${#TestCase#channel}",
        "OurBranchId": "02"
    },
    "RootObject": {
        "RequestMetaData": {
            "type": "NBK_SCR_RET",
            "sendTime": "12/01/2020 10:01:40.561920",
            "timeZone": "4",
            "userId": "SYSTEM",
            "requestUid": "${=java.util.UUID.randomUUID()}",
            "orgUnit": "ORG_GLOBAL/ORG_AE/AE_RETAIL",
            "branchCompanyId": "",
            "branchLocationId": "",
            "systemId": "CIF",
            "serviceId": "NBK_SCR_RET"
        },
        "RequestDataObject": {
            "DoiPerson": [
                {
                    "entityType": "3001",
                    "originId": "${CreateRetailCIF#Response#$['content']['clientID']}",
                    "listId": "ORG_GLOBAL/ORG_AE/AE_RETAIL/CUS",
                    "legalStatus": "N",
                    "fullName": "${CreateRetailCIF#Response#$['content']['customerName']}",
                    "lastName": "${DataSource#lastName}",
                    "firstName": "${DataSource#firstName}",
                    "sex": "M",
                    "function": null,
                    "profOccupation": "P001",
                    "activityCode": "",
                    "businessCode": "",
                    "dob": "13/06/1968 00:03:00.000000",
                    "startDtg": "",
                    "placeOfBirth": null,
                    "cityOfBirth": "",
                    "countryOfBirth": "",
                    "legalForm": "",
                    "customerStatus": "",
                    "vatNumber": "",
                    "giin": "",
                    "tin": "",
                    "newOriginalId": null,
                    "DoiNickname": [
                        {
                            "originId": "${CreateRetailCIF#Response#$['content']['clientID']}",
                            "listId": "ORG_GLOBAL/ORG_AE/AE_RETAIL/CUS",
                            "nickName": ""
                        }
                    ],
                    "DoiPersonPhysChar": [
                        {
                            "originId": "${CreateRetailCIF#Response#$['content']['clientID']}",
                            "listId": "ORG_GLOBAL/ORG_AE/AE_RETAIL/CUS",
                            "nationality": "ARE"
                        }
                    ],
                    "DoiIdentificationDocEntity": [
                        {
                            "entityType": "18",
                            "originId": "${CreateRetailCIF#Response#$['content']['clientID']}",
                            "listId": "ORG_GLOBAL/ORG_AE/AE_RETAIL/CUS_ID",
                            "type": "PAS",
                            "issuingCountry": "ARE",
                            "number": "${CreateRetailCIF#RawRequest#$['Cust']['PassportNumber']}",
                            "collectDate": "",
                            "startDtg": "",
                            "endDtg": ""
                        }
                    ],
                    "DoiLocation": [
                        {
                            "entityType": "21",
                            "originId": "${CreateRetailCIF#Response#$['content']['clientID']}",
                            "listId": "ORG_GLOBAL/ORG_AE/AE_RETAIL/CUS_ADR",
                            "streetAddressNumber": "",
                            "streetAddress": "",
                            "fullStreetAddress": "${CreateRetailCIF#RawRequest#$['Cust']['AddressCurr']}",
                            "poBox": "",
                            "zipCode": "4002",
                            "state": "001",
                            "city": "Umm Al Quwain City",
                            "fullAddressText": "",
                            "country": "ARE",
                            "addressPurposeId": ""
                        }
                    ],
                    "DoiPhoneEntity": [
                        {
                            "entityType": "10",
                            "originId": "${CreateRetailCIF#Response#$['content']['clientID']}",
                            "listId": "ORG_GLOBAL/ORG_AE/AE_RETAIL/CUS_4N",
                            "phoneIdentifierFull": "",
                            "number": "${CreateRetailCIF#Response#$['content']['phoneNum1']}",
                            "countryPrefix": "971",
                            "country": "ARE",
                            "type": ""
                        }
                    ],
                    "DoiEMailEntity": [
                        {
                            "entityType": "16",
                            "originId": "${CreateRetailCIF#Response#$['content']['clientID']}",
                            "listId": "ORG_GLOBAL/ORG_AE/AE_RETAIL/CUS_EMAIL",
                            "email": "${CreateRetailCIF#Response#$['content']['customerEmail']}",
                            "emailType": ""
                        }
                    ],
                    "DoiAdditionalInfo": [
                        {
                            "originId": "${CreateRetailCIF#Response#$['content']['clientID']}",
                            "listId": "ORG_GLOBAL/ORG_AE/AE_RETAIL/CUS",
                            "additionalInfoCat": "IN1",
                            "information": "Less than AED 5,000"
                        }
                    ],
                    "DoiRisk": [
                        {
                            "originId": "${CreateRetailCIF#Response#$['content']['clientID']}_BLK",
                            "listId": "ORG_GLOBAL/ORG_AE/AE_RETAIL/CUS",
                            "riskCategory": "16) Blacklist Flag",
                            "riskSubCategory": "Confirmed Blacklist",
                            "riskScoring": 0
                        },
                        {
                            "originId": "${CreateRetailCIF#Response#$['content']['clientID']}_PEP",
                            "listId": "ORG_GLOBAL/ORG_AE/AE_RETAIL/CUS",
                            "riskCategory": "15) PEP Flag",
                            "riskSubCategory": "Confirmed PEP",
                            "riskScoring": 0
                        }
                    ],
                    "DoiAccountEntity": [
                        {
                            "entityType": "4",
                            "originId": "${CreateRetailAccount#Response#$['content']['accountID']}",
                            "listId": "ORG_GLOBAL/ORG_AE/AE_RETAIL/CUS_ACC",
                            "accountType": "ZACCIN",
                            "accountNumber": "${CreateRetailAccount#Response#$['content']['accountID']}",
                            "bic": "ZANDABNK",
                            "bankIban": "${CreateRetailAccount#Response#$['content']['iban']}",
                            "bankName": "Zand Bank",
                            "branchName": "",
                            "branchCity": "",
                            "branchCountry": "AE",
                            "status": "",
                            "openingDate": "12/06/2020 10:46:35.619657",
                            "closingDate": "",
                            "DoiAccountBalance": [
                                {
                                    "originId": "${CreateRetailAccount#Response#$['content']['accountID']}",
                                    "listId": "ORG_GLOBAL/ORG_AE/AE_RETAIL/CUS_ACC",
                                    "baseAmountBalance": "",
                                    "baseCurrency": "",
                                    "balanceDate": ""
                                }
                            ]
                        }
                    ]
                }
            ]
        }
    }
}</con:request>
            <con:originalUri>http://waqfedev.northeurope.cloudapp.azure.com/api/IMTF/ScreeningNaturalPersonModel</con:originalUri>
            <con:assertion type="Valid HTTP Status Codes" id="e8489945-fbec-4549-ad24-2c6b68d08904" name="Valid HTTP Status Codes">
              <con:settings/>
              <con:configuration>
                <codes>200</codes>
              </con:configuration>
            </con:assertion>
            <con:credentials>
              <con:username>vendor100-erc</con:username>
              <con:password>P@ssw0rd100</con:password>
              <con:selectedAuthProfile>Basic</con:selectedAuthProfile>
              <con:preemptive>true</con:preemptive>
              <con:addedBasicAuthenticationTypes>Basic</con:addedBasicAuthenticationTypes>
              <con:authType>Preemptive</con:authType>
            </con:credentials>
            <con:jmsConfig JMSDeliveryMode="PERSISTENT"/>
            <con:parameters>
              <con:entry key="Content-Type" value="application/json"/>
            </con:parameters>
            <con:parameterOrder>
              <con:entry>Content-Type</con:entry>
            </con:parameterOrder>
          </con:restRequest>
        </con:config>
      </con:testStep>
      <con:testStep type="restrequest" name="UpdateAccountStatus" id="c804bc2d-097f-4cc0-89cb-78c8b5a6ec44">
        <con:settings/>
        <con:config service="https://mdm.gslb.shd.eradahcapital.com" resourcePath="/api/BankSmart/UpdateAccountStatus" methodName="UpdateAccountStatus" xsi:type="con:RestRequestStep" xmlns:xsi="http://www.w3.org/2001/XMLSchema-instance">
          <con:restRequest name="UpdateAccountStatus" id="67e2b795-bd61-41f2-bffc-89cafa73e490" mediaType="application/json" postQueryString="false">
            <con:settings>
              <con:setting id="com.eviware.soapui.impl.wsdl.WsdlRequest@request-headers">&lt;xml-fragment/></con:setting>
            </con:settings>
            <con:endpoint>${#Project#pURL}</con:endpoint>
            <con:request>{
    "signOnRq": {
        "LogId": "${=java.util.UUID.randomUUID()}",
        "DateTime": "${TodayDate#result}",
        "ChannelId": "${#TestCase#channel}",
        "OurBranchId": "02"
    },
    "AccountID": "${CreateRetailAccount#Response#$['content']['accountID']}",
    "status": ""
}</con:request>
            <con:originalUri>http://waqfedev.northeurope.cloudapp.azure.com/api/BankSmart/UpdateAccountStatus</con:originalUri>
            <con:assertion type="Valid HTTP Status Codes" id="181fba76-5017-4b70-a86a-f32d48ef7a36" name="Valid HTTP Status Codes">
              <con:settings/>
              <con:configuration>
                <codes>200</codes>
              </con:configuration>
            </con:assertion>
            <con:credentials>
              <con:username>vendor100-erc</con:username>
              <con:password>P@ssw0rd100</con:password>
              <con:selectedAuthProfile>Basic</con:selectedAuthProfile>
              <con:preemptive>true</con:preemptive>
              <con:addedBasicAuthenticationTypes>Basic</con:addedBasicAuthenticationTypes>
              <con:authType>Preemptive</con:authType>
            </con:credentials>
            <con:jmsConfig JMSDeliveryMode="PERSISTENT"/>
            <con:parameters>
              <con:entry key="Authorization" value="Basic dmVuZG9yNS1lcmM6UEBzc3cwcmQ1"/>
              <con:entry key="Content-Type" value="application/json"/>
            </con:parameters>
            <con:parameterOrder>
              <con:entry>Content-Type</con:entry>
              <con:entry>Authorization</con:entry>
            </con:parameterOrder>
          </con:restRequest>
        </con:config>
      </con:testStep>
      <con:testStep type="restrequest" name="Retail MDM" id="f48fc757-b2e0-4e85-9eff-5f89d3f5103a">
        <con:settings/>
        <con:config service="https://mdm.gslb.shd.eradahcapital.com" resourcePath="/cmx/cs/shdsqlifmlstn01.eradahcapital.com-cmx_ors/Retail" methodName="Retail" xsi:type="con:RestRequestStep" xmlns:xsi="http://www.w3.org/2001/XMLSchema-instance">
          <con:restRequest name="Retail MDM" id="4f5c95d3-a01c-49c1-a911-a5afbba3ba04" mediaType="application/json" postQueryString="false">
            <con:settings>
              <con:setting id="com.eviware.soapui.impl.wsdl.WsdlRequest@request-headers">&lt;xml-fragment/></con:setting>
            </con:settings>
            <con:endpoint>https://mdm.gslb.shd.eradahcapital.com</con:endpoint>
            <con:request>{
  "firstName": "${CreateRetailCIF#RawRequest#$['Cust']['FirstName']}",
  "middleName": "${CreateRetailCIF#RawRequest#$['Cust']['MiddleName']}",
  "lastName": "${CreateRetailCIF#RawRequest#$['Cust']['LastName']}",
  "birthdate": "${CreateRetailCIF#RawRequest#$['Cust']['DOB']}",
  "blacklist": "N",
  "pep": "N",
  "kycReviewDate": "${CreateRetailCIF#RawRequest#$['Cust']['KYCReviewDate']}",
  "taxResOtherThanUsUae": "N",
  "tinInd": "Y",
  "hni": "N",
  "cifNumber": "${CreateRetailCIF#Response#$['content']['clientID']}",
  "primaryId": "${=org.apache.commons.lang.RandomStringUtils.randomNumeric(15)}",
  "relationshipManager": "001",
  "groupCode": {
    "groupCode": "INDIV"
  },
  "genderCd": {
    "genderCode": "M"
  },
  "primaryIdType": {
    "idTypeCd": "EID"
  },
  "riskProfile": {
    "riskProfileCode": "LOW"
  },
  "key": {
    "sourceKey": "PERSON|CIF|${CreateRetailCIF#Response#$['content']['clientID']}"
  },
  "Identifier": {
    "item": [
      {
        "identificationType": {
          "idTypeCd": "EID"
        },
        "identificationValue": "${CreateRetailCIF#RawRequest#$['Cust']['idno']}",
        "idExpiryDate": "2022-03-06",
        "idIssueCountry": {
          "countryCode": "AE"
        },
        "key": {
          "sourceKey": "PERSON|CIF|${CreateRetailCIF#Response#$['content']['clientID']}"
        }
      },
      {
        "identificationType": {
          "idTypeCd": "PAS"
        },
        "identificationValue": "${CreateRetailCIF#RawRequest#$['Cust']['PassportNumber']}",
        "idExpiryDate": "2022-03-06",
        "idIssueCountry": {
          "countryCode": "AE"
        },
        "key": {
          "sourceKey": "PERSON|CIF|${CreateRetailCIF#Response#$['content']['clientID']}|PAS"
        }
      }
    ]
  },
  "TelephoneNumbers": {
    "item": [
      {
        "phoneTypeCd": {
          "phoneType": "MOB"
        },
        "phoneNum": "${CreateRetailCIF#RawRequest#$['Cust']['Phone1']}",
        "isPrimary": "Y",
        "key": {
          "sourceKey": "PERSON|CIF|${CreateRetailCIF#Response#$['content']['clientID']}|MOB"
        }
      },
      {
        "phoneTypeCd": {
          "phoneType": "HOM"
        },
        "phoneNum": "${CreateRetailCIF#RawRequest#$['Cust']['Phone2']}",
        "isPrimary": "N",
        "key": {
          "sourceKey": "PERSON|CIF|${CreateRetailCIF#Response#$['content']['clientID']}|HOM"
        }
      },
      {
        "phoneTypeCd": {
          "phoneType": "ALT"
        },
        "phoneNum": "${CreateRetailCIF#RawRequest#$['Cust']['MobileNo']}",
        "isPrimary": "N",
        "key": {
          "sourceKey": "PERSON|CIF|${CreateRetailCIF#Response#$['content']['clientID']}|ALT"
        }
      }
    ]
  },
  "Emails": {
    "item": [
      {
        "electAddrTypeCd": {
          "electronicType": "EMAIL"
        },
        "electronicAddress": "${CreateRetailCIF#RawRequest#$['Cust']['CUSTOMEREMAIL']}",
        "isPrimary": "Y",
        "key": {
          "sourceKey": "PERSON|CIF|${CreateRetailCIF#Response#$['content']['clientID']}|EMAIL"
        }
      }
    ]
  },
  "Address": {
    "item": [
      {
        "addressLine1": "046burj khalifa",
        "CityCd": {
          "cityId": "ARE00300007"
        },
        "stateCd": {
          "stateId": "ARE003"
        },
        "addressType": {
          "addressType": "RSID"
        },
        "countryCode": {
          "countryCode": "AE"
        },
        "key": {
          "sourceKey": "PERSON|CIF|${CreateRetailCIF#Response#$['content']['clientID']}|RSID"
        }
      },
      {
        "addressLine1": "134 Guatemala Ct.",
        "CityCd": {
          "cityId": "ARE00100001"
        },
        "stateCd": {
          "stateId": "ARE001"
        },
        "addressType": {
          "addressType": "SHIP"
        },
        "countryCode": {
          "countryCode": "AE"
        },
        "key": {
          "sourceKey": "PERSON|CIF|${CreateRetailCIF#Response#$['content']['clientID']}|SHIP"
        }
      },
      {
        "addressLine1": "810Fraser suites",
        "CityCd": {
          "cityId": "ARE00100001"
        },
        "stateCd": {
          "stateId": "ARE001"
        },
        "addressType": {
          "addressType": "BUS"
        },
        "countryCode": {
          "countryCode": "AE"
        },
        "key": {
          "sourceKey": "PERSON|CIF|${CreateRetailCIF#Response#$['content']['clientID']}|BUS"
        }
      }
    ]
  },
  "PartyRole": {
    "item": [
      {
        "roleName": "Retail Customer",
        "sourceId": "${CreateRetailCIF#Response#$['content']['clientID']}",
        "shareholderType": "NA",
        "key": {
          "sourceKey": "PERSON|CIF|${CreateRetailCIF#Response#$['content']['clientID']}|${CreateRetailCIF#Response#$['content']['clientID']}"
        }
      }
    ]
  },
  "RetailDetails": {
    "item": [
      {
        "profession": {
          "empCode": "P001"
        },
        "usCitizenInd": "N",
        "usTaxResidentInd": "N",
        "dualCitizenship": "N",
        "employerName": "",
        "bornInUsInd": "N",
        "income": {
          "incomeBracketCode": "IN1"
        },
        "isVipInd": "",
        "key": {
          "sourceKey": "PERSONCIF${CreateRetailCIF#Response#$['content']['clientID']}"
        },
        "nationalityCd": {
          "countryCode": "AE"
        },
        "countryOfResidence": {
          "countryCode": "AE"
        },
        "onboardingCountry": {
          "countryCode": "AE"
        },
        "taxCountry1": {
          "countryCode": "AE"
        },
        "taxCountry2": {
          "countryCode": "AE"
        },
        "taxCountry3": {
          "countryCode": "AE"
        },
        "taxCountry4": {
          "countryCode": "AE"
        },
        "taxCountry5": {
          "countryCode": "AE"
        },
        "citizenCountry2": {
          "countryCode": "AE"
        },
        "residentialStatus": {
          "residentStatusCode": "RES"
        }
      }
    ]
  }
}</con:request>
            <con:originalUri>https://mdm.gslb.shd.eradahcapital.com/cmx/cs/shdsqlifmlstn01.eradahcapital.com-cmx_ors/Retail</con:originalUri>
            <con:assertion type="Valid HTTP Status Codes" id="efcf2aa6-5435-44ae-a503-338a08728b77" name="Valid HTTP Status Codes">
              <con:settings/>
              <con:configuration>
                <codes>200</codes>
              </con:configuration>
            </con:assertion>
            <con:credentials>
              <con:username>dsteward</con:username>
              <con:password>dsteward</con:password>
              <con:selectedAuthProfile>Basic</con:selectedAuthProfile>
              <con:preemptive>true</con:preemptive>
              <con:addedBasicAuthenticationTypes>Basic</con:addedBasicAuthenticationTypes>
              <con:authType>Preemptive</con:authType>
            </con:credentials>
            <con:jmsConfig JMSDeliveryMode="PERSISTENT"/>
            <con:parameters>
              <con:entry key="Accept" value="application/json"/>
              <con:entry key="Content-Type" value="application/json"/>
            </con:parameters>
            <con:parameterOrder>
              <con:entry>systemName</con:entry>
              <con:entry>Content-Type</con:entry>
              <con:entry>Accept</con:entry>
            </con:parameterOrder>
          </con:restRequest>
        </con:config>
      </con:testStep>
      <con:testStep type="restrequest" name="RetrieveRetail" id="d86513bc-0b5f-48f3-9dc8-a965777b57e0">
        <con:settings/>
        <con:config service="https://mdm.gslb.shd.eradahcapital.com" resourcePath="/cmx/cs/shdsqlifmlstn01.eradahcapital.com-cmx_ors/Retail/{Rowid}" methodName="192784" xsi:type="con:RestRequestStep" xmlns:xsi="http://www.w3.org/2001/XMLSchema-instance">
          <con:restRequest name="RetrieveRetail" id="989167e6-2804-41c0-937f-9c4715e1132b" mediaType="application/json">
            <con:settings>
              <con:setting id="com.eviware.soapui.impl.wsdl.WsdlRequest@request-headers">&lt;xml-fragment/></con:setting>
            </con:settings>
            <con:endpoint>https://mdm.gslb.shd.eradahcapital.com</con:endpoint>
            <con:request/>
            <con:originalUri>https://mdm.gslb.shd.eradahcapital.com/cmx/cs/shdsqlifmlstn01.eradahcapital.com-cmx_ors/Retail/192784</con:originalUri>
            <con:assertion type="XPath Match" id="cd0f5200-a221-483f-9cde-189dc31bda8c" name="XPath Match">
              <con:configuration>
                <path>declare namespace ns3='urn:co-ors.informatica.mdm';
declare namespace ns2='urn:co-base.informatica.mdm';
//ns3:Retail.Root[1]/ns2:rowidObject[1]</path>
                <content>${Retail MDM#Response#$['Retail']['key']['rowid']}</content>
                <allowWildcards>false</allowWildcards>
                <ignoreNamspaceDifferences>false</ignoreNamspaceDifferences>
                <ignoreComments>false</ignoreComments>
              </con:configuration>
            </con:assertion>
            <con:credentials>
              <con:username>dsteward</con:username>
              <con:password>dsteward</con:password>
              <con:selectedAuthProfile>Basic</con:selectedAuthProfile>
              <con:preemptive>true</con:preemptive>
              <con:addedBasicAuthenticationTypes>Basic</con:addedBasicAuthenticationTypes>
              <con:authType>Preemptive</con:authType>
            </con:credentials>
            <con:jmsConfig JMSDeliveryMode="PERSISTENT"/>
            <con:parameters>
              <con:entry key="Rowid" value="${Retail MDM#Response#$['Retail']['key']['rowid']}"/>
              <con:entry key="depth" value="10"/>
              <con:entry key="Accept" value="application/xml"/>
            </con:parameters>
            <con:parameterOrder>
              <con:entry>depth</con:entry>
              <con:entry>Accept</con:entry>
              <con:entry>Rowid</con:entry>
            </con:parameterOrder>
          </con:restRequest>
        </con:config>
      </con:testStep>
      <con:testStep type="restrequest" name="CloseAccount" id="40043cf6-8129-4a32-a85a-4a56e8c776c8">
        <con:settings/>
        <con:config service="https://mdm.gslb.shd.eradahcapital.com" resourcePath="/api/BankSmart/CloseAccount" methodName="Method 1" xsi:type="con:RestRequestStep" xmlns:xsi="http://www.w3.org/2001/XMLSchema-instance">
          <con:restRequest name="CloseAccount" id="743a1614-84b4-45bd-956e-aa52349e6f02" mediaType="application/json" postQueryString="false">
            <con:settings>
              <con:setting id="com.eviware.soapui.impl.wsdl.WsdlRequest@request-headers">&lt;xml-fragment/></con:setting>
            </con:settings>
            <con:endpoint>${#Project#pURL}</con:endpoint>
            <con:request>{
  "signOnRq": {
    "logId": "${=java.util.UUID.randomUUID()}",
    "DateTime": "${TodayDate#result}",
        "ChannelId": "${#TestCase#channel}",
    "ourBranchId": "02"
  },
  "accountId": "${CreateRetailAccount#Response#$['content']['accountID']}",
  "clientId": "${CreateRetailCIF#Response#$['content']['clientID']}"
}</con:request>
            <con:originalUri>https://waqfevendor.gslb.sit.eradahcapital.com/api/BankSmart/CloseAccount</con:originalUri>
            <con:assertion type="Valid HTTP Status Codes" id="d37713df-7231-4979-bac2-6ccb516ce432" name="Valid HTTP Status Codes">
              <con:settings/>
              <con:configuration>
                <codes>200</codes>
              </con:configuration>
            </con:assertion>
            <con:credentials>
              <con:username>vendor100-erc</con:username>
              <con:password>P@ssw0rd100</con:password>
              <con:selectedAuthProfile>Basic</con:selectedAuthProfile>
              <con:preemptive>true</con:preemptive>
              <con:addedBasicAuthenticationTypes>Basic</con:addedBasicAuthenticationTypes>
              <con:authType>Preemptive</con:authType>
            </con:credentials>
            <con:jmsConfig JMSDeliveryMode="PERSISTENT"/>
            <con:parameters>
              <con:entry key="Authorization" value="Basic dmVuZG9yNS1lcmM6UEBzc3cwcmQ1"/>
              <con:entry key="Content-Type" value="application/json"/>
            </con:parameters>
            <con:parameterOrder>
              <con:entry>Authorization</con:entry>
              <con:entry>Content-Type</con:entry>
            </con:parameterOrder>
          </con:restRequest>
        </con:config>
      </con:testStep>
      <con:testStep type="restrequest" name="DeactivateCIF" id="7a9ac5af-e19d-47c7-8e99-1121a8649486">
        <con:settings/>
        <con:config service="https://mdm.gslb.shd.eradahcapital.com" resourcePath="/api/BankSmart/UpdateCifStatus" methodName="Method 1" xsi:type="con:RestRequestStep" xmlns:xsi="http://www.w3.org/2001/XMLSchema-instance">
          <con:restRequest name="DeactivateCIF" id="d50622f1-023a-4777-999f-efed9e5e21aa" mediaType="application/json" postQueryString="false">
            <con:settings>
              <con:setting id="com.eviware.soapui.impl.wsdl.WsdlRequest@request-headers">&lt;xml-fragment/></con:setting>
            </con:settings>
            <con:endpoint>${#Project#pURL}</con:endpoint>
            <con:request>{
  "signOnRq": {
    "logId": "${=java.util.UUID.randomUUID()}",
   "DateTime": "${TodayDate#result}",
        "ChannelId": "${#TestCase#channel}",
    "ourBranchId": "02"
  },
  "clientId": "${CreateRetailCIF#Response#$['content']['clientID']}",
  "status": "D"
}</con:request>
            <con:originalUri>https://waqfevendor.gslb.sit.eradahcapital.com/api/BankSmart/UpdateCifStatus</con:originalUri>
            <con:assertion type="Simple Contains" id="93a301f8-b0a8-4fbd-853d-a09f8fa8ecb3" name="Contains">
              <con:configuration>
                <token>Success</token>
                <ignoreCase>false</ignoreCase>
                <useRegEx>false</useRegEx>
              </con:configuration>
            </con:assertion>
            <con:credentials>
              <con:username>vendor100-erc</con:username>
              <con:password>P@ssw0rd100</con:password>
              <con:selectedAuthProfile>Basic</con:selectedAuthProfile>
              <con:preemptive>true</con:preemptive>
              <con:addedBasicAuthenticationTypes>Basic</con:addedBasicAuthenticationTypes>
              <con:authType>Preemptive</con:authType>
            </con:credentials>
            <con:jmsConfig JMSDeliveryMode="PERSISTENT"/>
            <con:parameters>
              <con:entry key="Authorization" value="Basic dmVuZG9yNS1lcmM6UEBzc3cwcmQ1"/>
              <con:entry key="Content-Type" value="application/json"/>
            </con:parameters>
            <con:parameterOrder>
              <con:entry>Authorization</con:entry>
              <con:entry>Content-Type</con:entry>
            </con:parameterOrder>
          </con:restRequest>
        </con:config>
      </con:testStep>
      <con:properties>
        <con:property>
          <con:name>channel</con:name>
          <con:value>100</con:value>
        </con:property>
        <con:property>
          <con:name>apiname</con:name>
          <con:value>APIHC</con:value>
        </con:property>
      </con:properties>
      <con:reportParameters/>
      <con:breakPoints>
        <con:testStepId>f48fc757-b2e0-4e85-9eff-5f89d3f5103a</con:testStepId>
        <con:status>NONE</con:status>
        <con:properties/>
      </con:breakPoints>
      <con:breakPoints>
        <con:testStepId>d86513bc-0b5f-48f3-9dc8-a965777b57e0</con:testStepId>
        <con:status>NONE</con:status>
        <con:properties/>
      </con:breakPoints>
      <con:breakPoints>
        <con:testStepId>40043cf6-8129-4a32-a85a-4a56e8c776c8</con:testStepId>
        <con:status>NONE</con:status>
        <con:properties/>
      </con:breakPoints>
      <con:breakPoints>
        <con:testStepId>acfc4efe-a342-4606-9937-46994f88751b</con:testStepId>
        <con:status>NONE</con:status>
        <con:properties/>
      </con:breakPoints>
      <con:breakPoints>
        <con:testStepId>c804bc2d-097f-4cc0-89cb-78c8b5a6ec44</con:testStepId>
        <con:status>NONE</con:status>
        <con:properties/>
      </con:breakPoints>
      <con:breakPoints>
        <con:testStepId>8a25a05c-9f15-4518-9022-393bcdd86bf8</con:testStepId>
        <con:status>NONE</con:status>
        <con:properties/>
      </con:breakPoints>
    </con:testCase>
    <con:properties/>
    <con:reportParameters/>
  </con:testSuite>
  <con:savedRecentRuns>1</con:savedRecentRuns>
  <con:requirements/>
  <con:properties>
    <con:property>
      <con:name>pURL</con:name>
      <con:value>https://waqfevendor.gslb.sit.eradahcapital.com</con:value>
    </con:property>
  </con:properties>
  <con:wssContainer/>
  <con:databaseConnectionContainer/>
  <con:jmsConnectionContainer/>
  <con:oAuth2ProfileContainer/>
  <con:oAuth1ProfileContainer/>
  <con:reporting>
    <con:xmlTemplates/>
    <con:parameters/>
  </con:reporting>
  <con:eventHandlers type="RequestFilter.filterRequest" name="RequestFilter.filterRequest">
    <con:script>// Sample event script to add custom HTTP header to all outgoing REST, SOAP and HTTP(S) calls
// This code is often used for adding custom authentication to SoapUI Pro tests

// If hardcoding the token, uncomment and change line 5
// token = '4567'

// If your token is parameterized in Project level custom property, uncomment line 8
// token = request.parent.testCase.testSuite.project.getProperty('auth_token').getValue()

// To modify all outgoing calls, remove comments from lines 11 to 16
// headers = request.requestHeaders
// if (headers.containsKey('auth_token2') == false) {
//   headers.put('auth_token2', token)
//   request.requestHeaders = headers
// }</con:script>
  </con:eventHandlers>
  <con:eventHandlers type="TestRunListener.afterStep" name="TestRunListener.afterStep">
    <con:script>// Save all test step results into files
// Change the directory path in line 5 to a location where you want to store details
// then uncomment lines 5 to 10

// filePath = 'C:\\tempOutputDirectory\\'
// fos = new java.io.FileOutputStream(filePath + testStepResult.testStep.label + '.txt', true)
// pw = new java.io.PrintWriter(fos)
// testStepResult.writeTo(pw)
// pw.close()
// fos.close()</con:script>
  </con:eventHandlers>
  <con:authRepository/>
  <con:tags/>
</con:soapui-project>
