<?xml version="1.0" encoding="UTF-8"?>
<con:soapui-project id="ad993529-b1c0-4aaf-ab22-e759d06abada" created="2.8.0" activeEnvironment="Default environment" name="JCREDIT_MLP-UAT" resourceRoot="" updated="3.20.1 2022-01-18T13:40:47Z" encryptionMode="Not encrypted" abortOnError="false" runType="SEQUENTIAL" soapui-version="5.6.0" xmlns:con="http://eviware.com/soapui/config">
  <con:settings>
    <con:setting id="IncludeOverview">true</con:setting>
    <con:setting id="IncludeResults">true</con:setting>
    <con:setting id="FlowLayout">true</con:setting>
    <con:setting id="ErrorDetails">true</con:setting>
    <con:setting id="IncludeCoverage">true</con:setting>
  </con:settings>
  <con:interface xsi:type="con:RestService" id="4abd6cc4-0407-428e-b2e0-3ebb4e22adaa" wadlVersion="http://wadl.dev.java.net/2009/02" name="http://${#Project#url}" type="rest" xmlns:xsi="http://www.w3.org/2001/XMLSchema-instance">
    <con:settings/>
    <con:definitionCache type="TEXT" rootPart=""/>
    <con:endpoints>
      <con:endpoint>http://${#Project#url}</con:endpoint>
    </con:endpoints>
    <con:resource name="InquireFacilites" path="/api/JCREDIT/inquireFacilites" id="2b2e29c3-bc73-4c92-b41f-70aa3ca6a818">
      <con:settings/>
      <con:parameters/>
      <con:method name="InquireFacilites" id="3a47666a-5ea3-47a7-9800-a40d5d20ad5b" method="POST">
        <con:settings/>
        <con:parameters>
          <con:parameter>
            <con:name>Content-Type</con:name>
            <con:value>application/json</con:value>
            <con:style>HEADER</con:style>
            <con:default/>
            <con:path xsi:nil="true"/>
            <con:description xsi:nil="true"/>
          </con:parameter>
        </con:parameters>
        <con:representation type="FAULT">
          <con:mediaType>application/json; charset=utf-8</con:mediaType>
          <con:status>400</con:status>
          <con:params/>
          <con:element xmlns:inq="https://waqfepayment.gslb.uat.eradahcapital.com/api/JCREDIT/inquireFacilites">inq:Fault</con:element>
        </con:representation>
        <con:representation type="REQUEST">
          <con:mediaType>application/json</con:mediaType>
          <con:params/>
        </con:representation>
        <con:representation type="RESPONSE">
          <con:mediaType>application/json; charset=utf-8</con:mediaType>
          <con:status>200</con:status>
          <con:params/>
          <con:element xmlns:inq="https://waqfepayment.gslb.uat.eradahcapital.com/api/JCREDIT/inquireFacilites">inq:Response</con:element>
        </con:representation>
        <con:representation type="RESPONSE">
          <con:mediaType xsi:nil="true"/>
          <con:status>0</con:status>
          <con:params/>
          <con:element>data</con:element>
        </con:representation>
        <con:request name="inquire Facilites" id="9c5b1174-577d-471f-b631-b8bdd7c3e734" mediaType="application/json" postQueryString="false">
          <con:settings/>
          <con:endpoint>http://${#Project#url}</con:endpoint>
          <con:request>{
    "SignOnRq": {
        "LogId": "e0ccbe1a-dfdd-4753-a4c7-acc6fb0665e3",
        "DateTime": "2019-03-06T00:00:00",
        "ChannelId": "5",
        "OurBranchId": "01"
    },
    "RootObject": {
        "clientID": "000000417"
    }
}</con:request>
          <con:credentials>
            <con:selectedAuthProfile>No Authorization</con:selectedAuthProfile>
            <con:authType>No Authorization</con:authType>
          </con:credentials>
          <con:jmsConfig JMSDeliveryMode="PERSISTENT"/>
          <con:parameters>
            <con:entry key="Content-Type" value="application/json"/>
          </con:parameters>
          <con:parameterOrder>
            <con:entry>Content-Type</con:entry>
          </con:parameterOrder>
        </con:request>
      </con:method>
    </con:resource>
    <con:resource name="CalculatePenaltyAmount" path="/api/BankSmart/CalculatePenaltyAmount" id="bd91e63d-75f4-4bae-8d43-140f9d8068a2">
      <con:settings/>
      <con:parameters/>
      <con:method name="CalculatePenaltyAmount" id="9e3df945-7142-42ad-9422-0ef961e2c375" method="POST">
        <con:settings/>
        <con:parameters>
          <con:parameter>
            <con:name>Content-Type</con:name>
            <con:value>application/json</con:value>
            <con:style>HEADER</con:style>
            <con:default/>
            <con:path xsi:nil="true"/>
            <con:description xsi:nil="true"/>
          </con:parameter>
          <con:parameter>
            <con:name>Authorization</con:name>
            <con:value>Basic dmVuZG9yOS1lcmM6UEBzc3cwcmQ5</con:value>
            <con:style>HEADER</con:style>
            <con:default/>
            <con:path xsi:nil="true"/>
            <con:description xsi:nil="true"/>
          </con:parameter>
        </con:parameters>
        <con:representation type="REQUEST">
          <con:mediaType>application/json</con:mediaType>
          <con:params/>
        </con:representation>
        <con:representation type="FAULT">
          <con:mediaType>application/json; charset=utf-8</con:mediaType>
          <con:status>400</con:status>
          <con:params/>
          <con:element xmlns:cal="https://waqfepayment.gslb.sit.eradahcapital.com/api/BankSmart/CalculatePenaltyAmount">cal:Fault</con:element>
        </con:representation>
        <con:representation type="RESPONSE">
          <con:mediaType>application/json; charset=utf-8</con:mediaType>
          <con:status>200</con:status>
          <con:params/>
          <con:element xmlns:cal="https://waqfepayment.gslb.sit.eradahcapital.com/api/BankSmart/CalculatePenaltyAmount">cal:Response</con:element>
        </con:representation>
        <con:request name="Calculate Penalty Amount" id="d126f352-6f07-4ec8-8d74-56fcf15804e1" mediaType="application/json" postQueryString="false">
          <con:settings/>
          <con:endpoint>http://${#Project#url}</con:endpoint>
          <con:request>{\r
    "SignOnRq": {\r
        "LogId": "2352eda5-2bff-4cd9-a429-344cf5c3f97a",\r
        "DateTime": "2019-03-06T00:00:00",\r
        "ChannelId": "10",\r
        "OurBranchId": "01"\r
    },\r
    "ReceiptID": "160",\r
    "PreMatureRate": "2"\r
}</con:request>
          <con:credentials>
            <con:selectedAuthProfile>No Authorization</con:selectedAuthProfile>
            <con:authType>No Authorization</con:authType>
          </con:credentials>
          <con:jmsConfig JMSDeliveryMode="PERSISTENT"/>
          <con:parameters>
            <con:entry key="Authorization" value="Basic dmVuZG9yOS1lcmM6UEBzc3cwcmQ5"/>
            <con:entry key="Content-Type" value="application/json"/>
          </con:parameters>
          <con:parameterOrder>
            <con:entry>Content-Type</con:entry>
            <con:entry>Authorization</con:entry>
          </con:parameterOrder>
        </con:request>
      </con:method>
    </con:resource>
    <con:resource name="DispSCFInfo" path="/api/JCREDIT/dispSCFInfo" id="683cdb68-a6c2-4af4-b195-46afcbba3093">
      <con:settings/>
      <con:parameters/>
      <con:method name="DispSCFInfo" id="3b4aab67-5c32-4aca-9f20-6bbf16e582df" method="POST">
        <con:settings/>
        <con:parameters>
          <con:parameter>
            <con:name>Content-Type</con:name>
            <con:value>application/json</con:value>
            <con:style>HEADER</con:style>
            <con:default/>
            <con:path xsi:nil="true"/>
            <con:description xsi:nil="true"/>
          </con:parameter>
        </con:parameters>
        <con:representation type="FAULT">
          <con:mediaType>application/json; charset=utf-8</con:mediaType>
          <con:status>400</con:status>
          <con:params/>
          <con:element xmlns:dis="https://waqfepayment.gslb.uat.eradahcapital.com/api/JCREDIT/dispSCFInfo">dis:Fault</con:element>
        </con:representation>
        <con:representation type="REQUEST">
          <con:mediaType>application/json</con:mediaType>
          <con:params/>
        </con:representation>
        <con:representation type="RESPONSE">
          <con:mediaType>application/json; charset=utf-8</con:mediaType>
          <con:status>200</con:status>
          <con:params/>
          <con:element xmlns:dis="https://waqfepayment.gslb.uat.eradahcapital.com/api/JCREDIT/dispSCFInfo">dis:Response</con:element>
        </con:representation>
        <con:representation type="FAULT">
          <con:mediaType>application/json</con:mediaType>
          <con:status>400</con:status>
          <con:params/>
        </con:representation>
        <con:request name="dispSCFInfo" id="ced59baa-a8e2-4e2b-b072-0656292ed018" mediaType="application/json" postQueryString="false">
          <con:settings/>
          <con:endpoint>http://${#Project#url}</con:endpoint>
          <con:request>{
    "SignOnRq": {
        "LogId": "e0ccbe1a-dfdd-4753-a4c7-acc6fb0665e3",
        "DateTime": "2019-03-06T00:00:00",
        "ChannelId": "5",
        "OurBranchId": "01"
    },
    "RootObject": {
        "clientID": "000000956"
    }
}</con:request>
          <con:credentials>
            <con:selectedAuthProfile>No Authorization</con:selectedAuthProfile>
            <con:authType>No Authorization</con:authType>
          </con:credentials>
          <con:jmsConfig JMSDeliveryMode="PERSISTENT"/>
          <con:parameters>
            <con:entry key="Content-Type" value="application/json"/>
          </con:parameters>
          <con:parameterOrder>
            <con:entry>Content-Type</con:entry>
          </con:parameterOrder>
        </con:request>
      </con:method>
    </con:resource>
    <con:resource name="CreateDrawdownSCF" path="/api/JCREDIT/createDrawdownSCF" id="ada17697-b94b-4aee-914a-e5fc4615097c">
      <con:settings/>
      <con:parameters/>
      <con:method name="CreateDrawdownSCF" id="d8c11e29-bf9a-4f20-9a97-d5e9cf612bec" method="POST">
        <con:settings/>
        <con:parameters>
          <con:parameter>
            <con:name>Content-Type</con:name>
            <con:value>application/json</con:value>
            <con:style>HEADER</con:style>
            <con:default/>
            <con:path xsi:nil="true"/>
            <con:description xsi:nil="true"/>
          </con:parameter>
        </con:parameters>
        <con:representation type="RESPONSE">
          <con:mediaType>application/json; charset=utf-8</con:mediaType>
          <con:status>200</con:status>
          <con:params/>
          <con:element xmlns:cre="https://waqfepayment.gslb.uat.eradahcapital.com/api/JCREDIT/createDrawdownSCF">cre:Response</con:element>
        </con:representation>
        <con:representation type="REQUEST">
          <con:mediaType>application/json</con:mediaType>
          <con:params/>
        </con:representation>
        <con:representation type="FAULT">
          <con:mediaType>application/json; charset=utf-8</con:mediaType>
          <con:status>400</con:status>
          <con:params/>
          <con:element xmlns:cre="https://waqfepayment.gslb.uat.eradahcapital.com/api/JCREDIT/createDrawdownSCF">cre:Fault</con:element>
        </con:representation>
        <con:representation type="FAULT">
          <con:mediaType>application/json</con:mediaType>
          <con:status>400 401</con:status>
          <con:params/>
          <con:element xmlns:cre="https://waqfepayment.gslb.uat.eradahcapital.com/api/JCREDIT/createDrawdownSCF">cre:Fault</con:element>
        </con:representation>
        <con:request name="createDrawdownSCF" id="032b216f-38df-4d7f-b2d5-6dc1a604e9d5" mediaType="application/json" postQueryString="false">
          <con:settings>
            <con:setting id="com.eviware.soapui.impl.wsdl.WsdlRequest@request-headers">&lt;xml-fragment/></con:setting>
          </con:settings>
          <con:endpoint>${#Project#pURL}</con:endpoint>
          <con:request>{
    "SignOnRq": {
        "LogId": "e0ccbe1a-dfdd-4753-a4c7-acc6fb0665e3",
        "DateTime": "2019-03-06T00:00:00",
        "ChannelId": "5",
        "OurBranchId": "01"
    },
    "RootObject": {
        "facID": "stgf9kiqodiBBZmA5Tw6J5lSd",
        "prodID": "CCAAED",
        "amount": "1200",
        "accountNo": "U3948877589494",
        "supplierCIFNo": "00000263821",
        "buyerCIFNo": "00000263822",
        "cppID": "bsvayuhiuv26319ujn",
        "invoiceNo": "XVYB12379",
        "invoiceAmount": "1200",
        "invoiceTenor": "6",
        "invoiceDate": "2019-12-31",
        "invoiceDueDate": "2020-1-31",
        "margin": "0"
    }
}</con:request>
          <con:credentials>
            <con:selectedAuthProfile>No Authorization</con:selectedAuthProfile>
            <con:authType>No Authorization</con:authType>
          </con:credentials>
          <con:jmsConfig JMSDeliveryMode="PERSISTENT"/>
          <con:parameters>
            <con:entry key="Content-Type" value="application/json"/>
          </con:parameters>
          <con:parameterOrder>
            <con:entry>Content-Type</con:entry>
          </con:parameterOrder>
        </con:request>
      </con:method>
    </con:resource>
    <con:resource name="drawdowncreate" path="" id="1c956f6d-6a3b-4e59-b485-e3827468fe4b">
      <con:settings/>
      <con:parameters/>
      <con:resource name="Copy of Drawdowncreate" path="/api/JCREDIT/drawdowncreate" id="8ea17a5e-e696-48b4-93e7-9b93a1417e2d">
        <con:settings/>
        <con:parameters/>
        <con:method name="Drawdowncreate" id="15115631-5aa5-4f63-a682-6aee14a9e809" method="POST">
          <con:settings/>
          <con:parameters>
            <con:parameter>
              <con:name>Content-Type</con:name>
              <con:value>application/json</con:value>
              <con:style>HEADER</con:style>
              <con:default/>
              <con:path xsi:nil="true"/>
              <con:description xsi:nil="true"/>
            </con:parameter>
          </con:parameters>
          <con:representation type="REQUEST">
            <con:mediaType>application/json</con:mediaType>
            <con:params/>
          </con:representation>
          <con:representation type="RESPONSE">
            <con:mediaType xsi:nil="true"/>
            <con:status>0</con:status>
            <con:params/>
            <con:element>data</con:element>
          </con:representation>
          <con:representation type="FAULT">
            <con:mediaType>application/json</con:mediaType>
            <con:status>400</con:status>
            <con:params/>
            <con:element xmlns:draw="http://null/api/JCREDIT/drawdowncreate">draw:Fault</con:element>
          </con:representation>
          <con:representation type="FAULT">
            <con:mediaType>application/json; charset=utf-8</con:mediaType>
            <con:status>400</con:status>
            <con:params/>
            <con:element xmlns:draw="http://null/api/JCREDIT/drawdowncreate">draw:Fault</con:element>
          </con:representation>
          <con:representation type="FAULT">
            <con:mediaType>text/html;charset=utf-8</con:mediaType>
            <con:status>403</con:status>
            <con:params/>
            <con:element>html</con:element>
          </con:representation>
          <con:representation type="RESPONSE">
            <con:mediaType>application/json; charset=utf-8</con:mediaType>
            <con:status>200</con:status>
            <con:params/>
            <con:element xmlns:draw="http://https/waqfepayment.gslb.uat.eradahcapital.com/api/JCREDIT/drawdowncreate">draw:Response</con:element>
          </con:representation>
          <con:request name="draw down create" id="6268bea2-860b-4054-a0c3-0a0edd8be7c2" mediaType="application/json" postQueryString="false">
            <con:settings>
              <con:setting id="com.eviware.soapui.impl.wsdl.WsdlRequest@request-headers">&lt;xml-fragment/></con:setting>
            </con:settings>
            <con:endpoint>http://${#Project#url}</con:endpoint>
            <con:request>{
     "SignOnRq":{ 
               "LogId": "e0ccbe1a-dfdd-4753-a4c7-acc6fb0665e3",
                  "DateTime":"2019-03-06T00:00:00",
                 "ChannelId":"5",
               "OurBranchId":"01"},
               "token":"f6fb824684d968d2058284db8753aaaed9c4eb43",
               "RootObject":{
"facID": "MpNZHtXbrtqNn6a44CJ7f1cbd",
"prodID": "TL001",
"amount": 60,
"accountNo": "112232512151",
"feesRecoveryAcct": "1234513151321",
"principleRepayAcct": "451231561321",
"interestRepayAcct": "121512131531",
"PPCNo": "12345",
"PPCDate": "2019-11-18",
"purpose": "Drawdown for Customer A",
"dayOfPayment": "20"

}
}</con:request>
            <con:originalUri>http://https/waqfepayment.gslb.uat.eradahcapital.com/api/JCREDIT/drawdowncreate</con:originalUri>
            <con:credentials>
              <con:selectedAuthProfile>No Authorization</con:selectedAuthProfile>
              <con:authType>No Authorization</con:authType>
            </con:credentials>
            <con:jmsConfig JMSDeliveryMode="PERSISTENT"/>
            <con:parameters>
              <con:entry key="Content-Type" value="application/json"/>
            </con:parameters>
            <con:parameterOrder>
              <con:entry>Content-Type</con:entry>
            </con:parameterOrder>
          </con:request>
        </con:method>
      </con:resource>
    </con:resource>
  </con:interface>
  <con:testSuite id="37267608-dc27-47fb-8ed0-612fbf4eb21a" name="JCREDIT">
    <con:settings>
      <con:setting id="FlowLayout">true</con:setting>
    </con:settings>
    <con:savedRecentRuns>1</con:savedRecentRuns>
    <con:runType>SEQUENTIAL</con:runType>
    <con:testCase id="7c9aaa74-9d80-4bd6-a989-19992b271e07" discardOkResults="false" failOnError="true" failTestCaseOnErrors="true" keepSession="false" name="JCREDIT" searchProperties="true" timeout="0" maxResults="0">
      <con:settings/>
      <con:savedRecentRuns>1</con:savedRecentRuns>
      <con:testStep type="groovy" name="TodayDate" id="0f342644-f0b6-4c53-9faa-397e74ee9202">
        <con:settings/>
        <con:config>
          <script>import groovy.time.TimeCategory
def tomorrow = new Date()
tomorrow= tomorrow.format("YYYY-MM-dd'T'HH:mm:ss")</script>
        </con:config>
      </con:testStep>
      <con:testStep type="restrequest" name="inquireFacilites" id="5f1005d6-d057-471a-8686-9ab059159f8f">
        <con:settings/>
        <con:config service="http://${#Project#url}" resourcePath="/api/JCREDIT/inquireFacilites" methodName="InquireFacilites" xsi:type="con:RestRequestStep" xmlns:xsi="http://www.w3.org/2001/XMLSchema-instance">
          <con:restRequest name="inquireFacilites" id="9c5b1174-577d-471f-b631-b8bdd7c3e734" mediaType="application/json" postQueryString="false">
            <con:settings>
              <con:setting id="com.eviware.soapui.impl.wsdl.WsdlRequest@request-headers">&lt;xml-fragment/></con:setting>
            </con:settings>
            <con:endpoint>${#Project#url}</con:endpoint>
            <con:request>{
    "SignOnRq": {
        "LogId": "${=java.util.UUID.randomUUID()}",
        "DateTime": "${TodayDate#result}",
        "ChannelId": "${#TestCase#channel}",
        "OurBranchId": "03"
    },
    "RootObject": {
        "clientID": "000316013"
    }
}</con:request>
            <con:originalUri>https://waqfepayment.gslb.uat.eradahcapital.com/api/JCREDIT/inquireFacilites</con:originalUri>
            <con:assertion type="Valid HTTP Status Codes" id="2fdcf3f8-cdf7-4ce2-a9cc-2b1f4e8e4761" name="Valid HTTP Status Codes">
              <con:settings/>
              <con:configuration>
                <codes>200</codes>
              </con:configuration>
            </con:assertion>
            <con:credentials>
              <con:username>vendor100-erc</con:username>
              <con:password>P@ssw0rd100</con:password>
              <con:selectedAuthProfile>Basic</con:selectedAuthProfile>
              <con:preemptive>true</con:preemptive>
              <con:addedBasicAuthenticationTypes>Basic</con:addedBasicAuthenticationTypes>
              <con:authType>Preemptive</con:authType>
            </con:credentials>
            <con:jmsConfig JMSDeliveryMode="PERSISTENT"/>
            <con:parameters>
              <con:entry key="Content-Type" value="application/json"/>
            </con:parameters>
            <con:parameterOrder>
              <con:entry>Content-Type</con:entry>
            </con:parameterOrder>
          </con:restRequest>
        </con:config>
      </con:testStep>
      <con:testStep type="restrequest" name="CalculatePenaltyAmount" id="2c61afa5-52c4-4feb-bb10-d59d10bd2658" disabled="true">
        <con:settings/>
        <con:config service="http://${#Project#url}" resourcePath="/api/BankSmart/CalculatePenaltyAmount" methodName="CalculatePenaltyAmount" xsi:type="con:RestRequestStep" xmlns:xsi="http://www.w3.org/2001/XMLSchema-instance">
          <con:restRequest name="CalculatePenaltyAmount" id="d126f352-6f07-4ec8-8d74-56fcf15804e1" mediaType="application/json" postQueryString="false">
            <con:settings>
              <con:setting id="com.eviware.soapui.impl.wsdl.WsdlRequest@request-headers">&lt;xml-fragment/></con:setting>
            </con:settings>
            <con:endpoint>${#Project#url}</con:endpoint>
            <con:request>{
    "SignOnRq": {
        "LogId": "${=java.util.UUID.randomUUID()}",
    "DateTime": "${TodayDate#result}",
        "ChannelId": "${#TestCase#channel}",
        "OurBranchId": "03"
    },
    "ReceiptID": "",
    "PreMatureRate": 3.5,
    "ClientId":""
}</con:request>
            <con:originalUri>https://waqfepayment.gslb.sit.eradahcapital.com/api/BankSmart/CalculatePenaltyAmount</con:originalUri>
            <con:assertion type="Valid HTTP Status Codes" id="ddb12aec-3919-48de-975a-ac5dbed2e9c5" name="Valid HTTP Status Codes">
              <con:settings/>
              <con:configuration>
                <codes>200</codes>
              </con:configuration>
            </con:assertion>
            <con:credentials>
              <con:username>vendor100-erc</con:username>
              <con:password>P@ssw0rd100</con:password>
              <con:selectedAuthProfile>Basic</con:selectedAuthProfile>
              <con:preemptive>true</con:preemptive>
              <con:addedBasicAuthenticationTypes>Basic</con:addedBasicAuthenticationTypes>
              <con:authType>Preemptive</con:authType>
            </con:credentials>
            <con:jmsConfig JMSDeliveryMode="PERSISTENT"/>
            <con:parameters>
              <con:entry key="Authorization" value="Basic dmVuZG9yOS1lcmM6UEBzc3cwcmQ5"/>
              <con:entry key="Content-Type" value="application/json"/>
            </con:parameters>
            <con:parameterOrder>
              <con:entry>Content-Type</con:entry>
              <con:entry>Authorization</con:entry>
            </con:parameterOrder>
          </con:restRequest>
        </con:config>
      </con:testStep>
      <con:testStep type="restrequest" name="dispSCFInfo" id="54f5007e-8536-4e87-b8a8-514a33f64b2c">
        <con:settings/>
        <con:config service="http://${#Project#url}" resourcePath="/api/JCREDIT/dispSCFInfo" methodName="DispSCFInfo" xsi:type="con:RestRequestStep" xmlns:xsi="http://www.w3.org/2001/XMLSchema-instance">
          <con:restRequest name="dispSCFInfo" id="ced59baa-a8e2-4e2b-b072-0656292ed018" mediaType="application/json" postQueryString="false">
            <con:settings>
              <con:setting id="com.eviware.soapui.impl.wsdl.WsdlRequest@request-headers">&lt;xml-fragment/></con:setting>
            </con:settings>
            <con:endpoint>${#Project#url}</con:endpoint>
            <con:request>{
    "SignOnRq": {
        "LogId": "${=java.util.UUID.randomUUID()}",
        "DateTime": "${TodayDate#result}",
        "ChannelId": "${#TestCase#channel}",
        "OurBranchId": "03"
    },
    "RootObject": {
        "clientID": "000328242"
    }
}</con:request>
            <con:originalUri>https://waqfepayment.gslb.uat.eradahcapital.com/api/JCREDIT/dispSCFInfo</con:originalUri>
            <con:assertion type="Valid HTTP Status Codes" id="c97e3343-46ce-4bee-97cb-b3d178b149b9" name="Valid HTTP Status Codes">
              <con:settings/>
              <con:configuration>
                <codes>200</codes>
              </con:configuration>
            </con:assertion>
            <con:credentials>
              <con:username>vendor100-erc</con:username>
              <con:password>P@ssw0rd100</con:password>
              <con:selectedAuthProfile>Basic</con:selectedAuthProfile>
              <con:preemptive>true</con:preemptive>
              <con:addedBasicAuthenticationTypes>Basic</con:addedBasicAuthenticationTypes>
              <con:authType>Preemptive</con:authType>
            </con:credentials>
            <con:jmsConfig JMSDeliveryMode="PERSISTENT"/>
            <con:parameters>
              <con:entry key="Content-Type" value="application/json"/>
            </con:parameters>
            <con:parameterOrder>
              <con:entry>Content-Type</con:entry>
            </con:parameterOrder>
          </con:restRequest>
        </con:config>
      </con:testStep>
      <con:testStep type="groovy" name="Fix Amt Script" id="8413d7af-e2a8-4d86-a4ce-1c109edadb5a">
        <con:settings/>
        <con:config>
          <script>def amt=3333
return 3333</script>
        </con:config>
      </con:testStep>
      <con:testStep type="restrequest" name="createDrawdownSCF" id="ff5ca8ef-8251-48ee-b9eb-f3d4cac5eda4" disabled="true">
        <con:settings/>
        <con:config service="http://${#Project#url}" resourcePath="/api/JCREDIT/createDrawdownSCF" methodName="CreateDrawdownSCF" xsi:type="con:RestRequestStep" xmlns:xsi="http://www.w3.org/2001/XMLSchema-instance">
          <con:restRequest name="createDrawdownSCF" id="032b216f-38df-4d7f-b2d5-6dc1a604e9d5" mediaType="application/json" postQueryString="false">
            <con:settings>
              <con:setting id="com.eviware.soapui.impl.wsdl.WsdlRequest@request-headers">&lt;xml-fragment/></con:setting>
            </con:settings>
            <con:endpoint>${#Project#url}</con:endpoint>
            <con:request>{\r
   "SignOnRq" : {\r
      "LogId" : "${=java.util.UUID.randomUUID()}",\r
      "DateTime" : "${TodayDate#result}",\r
      "ChannelId" : "100",\r
      "OurBranchId" : "03"\r
   },\r
   "RootObject" : {\r
      "facID" : "${dispSCFInfo#Response#$['content']['facilities'][0]['facID']}",\r
      "prodID" : "CCAAED",\r
      "amount" : "${Fix Amt Script#result}",\r // changed from 100 to 3333
      "accountNo" : "${dispSCFInfo#Response#$['content']['facilities'][0]['prodCurrAcc']}",\r
      "supplierCIFNo" : "${dispSCFInfo#RawRequest#$['RootObject']['clientID']}",\r
      "buyerCIFNo" : "000142337",\r
      "cppID" : "${dispSCFInfo#Response#$['content']['facilities'][0]['prodCPPID']}",\r
      "invoiceNo" : "XVYB${=org.apache.commons.lang.RandomStringUtils.randomNumeric(5)}",\r
      "invoiceAmount" : "100",\r
      "invoiceTenor" : "6",\r
      "invoiceDate" : "2020-09-09",\r
      "invoiceDueDate" : "2021-1-31",\r
      "margin" : "0"\r
   }\r
}</con:request>
            <con:originalUri>https://waqfepayment.gslb.uat.eradahcapital.com/api/JCREDIT/createDrawdownSCF</con:originalUri>
            <con:assertion type="Valid HTTP Status Codes" id="6cee675e-3e1f-442f-8b20-b66d2c9d670d" name="Valid HTTP Status Codes">
              <con:settings/>
              <con:configuration>
                <codes>200</codes>
              </con:configuration>
            </con:assertion>
            <con:credentials>
              <con:username>vendor100-erc</con:username>
              <con:password>P@ssw0rd100</con:password>
              <con:selectedAuthProfile>Basic</con:selectedAuthProfile>
              <con:preemptive>true</con:preemptive>
              <con:addedBasicAuthenticationTypes>Basic</con:addedBasicAuthenticationTypes>
              <con:authType>Preemptive</con:authType>
            </con:credentials>
            <con:jmsConfig JMSDeliveryMode="PERSISTENT"/>
            <con:parameters>
              <con:entry key="Content-Type" value="application/json"/>
            </con:parameters>
            <con:parameterOrder>
              <con:entry>Content-Type</con:entry>
            </con:parameterOrder>
          </con:restRequest>
        </con:config>
      </con:testStep>
      <con:testStep type="restrequest" name="drawdowncreate" id="5712d75f-1c4c-4127-8f9d-9e5a98773b9e" disabled="true">
        <con:settings/>
        <con:config service="http://${#Project#url}" resourcePath="/api/JCREDIT/drawdowncreate" methodName="Drawdowncreate" xsi:type="con:RestRequestStep" xmlns:xsi="http://www.w3.org/2001/XMLSchema-instance">
          <con:restRequest name="drawdowncreate" id="6268bea2-860b-4054-a0c3-0a0edd8be7c2" mediaType="application/json" postQueryString="false">
            <con:settings>
              <con:setting id="com.eviware.soapui.impl.wsdl.WsdlRequest@request-headers">&lt;xml-fragment/></con:setting>
            </con:settings>
            <con:endpoint>${#Project#url}</con:endpoint>
            <con:request>{\r
   "SignOnRq" : {\r
      "LogId" : "${=java.util.UUID.randomUUID()}",\r
      "DateTime" : "${TodayDate#result}",\r
      "ChannelId" : "10",\r
      "OurBranchId" : "03"\r
   },\r
   "token" : "f6fb824684d968d2058284db8753aaaed9c4eb43",\r
   "RootObject" : {\r
      "facID" : "x3rzptTAou9q9ZaMALutb6efY",\r
      "prodID" : "CCAAED",\r
      "amount" : "${Fix Amt Script#result}",\r //changed from 60 to 3333
      "accountNo" : "112232512151",\r
      "feesRecoveryAcct" : "0310100014232802",\r
      "principleRepayAcct" : "0310100014232803",\r
      "interestRepayAcct" : "0310100014232803",\r
      "PPCNo" : "12385",\r
      "PPCDate" : "2020-09-09",\r
      "purpose" : "Drawdown for Customer A",\r
      "dayOfPayment" : "20"\r
   }\r
}</con:request>
            <con:originalUri>http://https/waqfepayment.gslb.uat.eradahcapital.com/api/JCREDIT/drawdowncreate</con:originalUri>
            <con:assertion type="Valid HTTP Status Codes" id="4f2c1524-42be-45da-ba67-462e4a99f7a5" name="Valid HTTP Status Codes">
              <con:settings/>
              <con:configuration>
                <codes>200</codes>
              </con:configuration>
            </con:assertion>
            <con:credentials>
              <con:username>vendor10-erc</con:username>
              <con:password>P@ssw0rd10</con:password>
              <con:selectedAuthProfile>Basic</con:selectedAuthProfile>
              <con:preemptive>true</con:preemptive>
              <con:addedBasicAuthenticationTypes>Basic</con:addedBasicAuthenticationTypes>
              <con:authType>Preemptive</con:authType>
            </con:credentials>
            <con:jmsConfig JMSDeliveryMode="PERSISTENT"/>
            <con:parameters>
              <con:entry key="Content-Type" value="application/json"/>
            </con:parameters>
            <con:parameterOrder>
              <con:entry>Content-Type</con:entry>
            </con:parameterOrder>
          </con:restRequest>
        </con:config>
      </con:testStep>
      <con:properties>
        <con:property>
          <con:name>channel</con:name>
          <con:value>100</con:value>
        </con:property>
      </con:properties>
      <con:reportParameters/>
      <con:breakPoints>
        <con:testStepId>8413d7af-e2a8-4d86-a4ce-1c109edadb5a</con:testStepId>
        <con:status>NONE</con:status>
        <con:properties/>
      </con:breakPoints>
      <con:breakPoints>
        <con:testStepId>0f342644-f0b6-4c53-9faa-397e74ee9202</con:testStepId>
        <con:status>NONE</con:status>
        <con:properties/>
      </con:breakPoints>
    </con:testCase>
    <con:properties/>
    <con:reportParameters/>
  </con:testSuite>
  <con:savedRecentRuns>1</con:savedRecentRuns>
  <con:requirements/>
  <con:properties>
    <con:property>
      <con:name>url</con:name>
      <con:value>https://waqfepayment.gslb.uat.eradahcapital.com</con:value>
    </con:property>
  </con:properties>
  <con:wssContainer/>
  <con:databaseConnectionContainer/>
  <con:jmsConnectionContainer/>
  <con:oAuth2ProfileContainer/>
  <con:oAuth1ProfileContainer/>
  <con:reporting>
    <con:xmlTemplates/>
    <con:parameters/>
  </con:reporting>
  <con:eventHandlers type="RequestFilter.filterRequest" name="RequestFilter.filterRequest">
    <con:script>// Sample event script to add custom HTTP header to all outgoing REST, SOAP and HTTP(S) calls
// This code is often used for adding custom authentication to SoapUI Pro tests

// If hardcoding the token, uncomment and change line 5
// def token = '4567'

// If your token is parameterized in Project level custom property, uncomment line 8
// def token = request.parent.testCase.testSuite.project.getProperty('auth_token').getValue()

// To modify all outgoing calls, remove comments from lines 11 to 16
// def headers = request.requestHeaders
// if (headers.containsKey('auth_token2') == false) {
//   headers.put('auth_token2', token)
//   request.requestHeaders = headers
// }</con:script>
  </con:eventHandlers>
  <con:eventHandlers type="TestRunListener.afterStep" name="TestRunListener.afterStep">
    <con:script>// Save all test step results into files
// Change the directory path in line 5 to a location where you want to store details
// then uncomment lines 5 to 10

// filePath = 'C:\\tempOutputDirectory\\'
// fos = new FileOutputStream(filePath + testStepResult.testStep.label + '.txt', true)
// pw = new PrintWriter(fos)
// testStepResult.writeTo(pw)
// pw.close()
// fos.close()</con:script>
  </con:eventHandlers>
  <con:authRepository/>
  <con:tags/>
</con:soapui-project>
