<?xml version="1.0" encoding="UTF-8"?>
<con:resource name="AccountInquiry" path="/api/BankSmart/AccountInquiry" id="2cf85620-3f85-4165-8d88-336469635042" xmlns:xsi="http://www.w3.org/2001/XMLSchema-instance" xmlns:con="http://eviware.com/soapui/config">
      <con:settings><con:setting id="2cf85620-3f85-4165-8d88-336469635042fileName">AccountInquiry</con:setting></con:settings>
      <con:parameters/>
      <con:method name="AccountInquiry" id="82a7f45c-a8ec-4949-8636-9d7e84c12393" method="POST">
        <con:settings/>
        <con:parameters>
          <con:parameter>
            <con:name>Content-Type</con:name>
            <con:value>application/json</con:value>
            <con:style>HEADER</con:style>
            <con:default/>
            <con:path xsi:nil="true"/>
            <con:description xsi:nil="true"/>
          </con:parameter>
          <con:parameter>
            <con:name>Authorization</con:name>
            <con:value>Basic dmVuZG9yNS1lcmM6UEBzc3cwcmQ1</con:value>
            <con:style>HEADER</con:style>
            <con:default/>
            <con:path xsi:nil="true"/>
            <con:description xsi:nil="true"/>
          </con:parameter>
        </con:parameters>
        <con:representation type="REQUEST">
          <con:mediaType>application/json</con:mediaType>
          <con:params/>
        </con:representation>
        <con:representation type="RESPONSE">
          <con:mediaType>application/json; charset=utf-8</con:mediaType>
          <con:status>200</con:status>
          <con:params/>
          <con:element xmlns:acc="http://10.4.128.8/api/BankSmart/AccountInquiry">acc:Response</con:element>
        </con:representation>
        <con:representation type="FAULT">
          <con:mediaType>application/json; charset=utf-8</con:mediaType>
          <con:status>400</con:status>
          <con:params/>
          <con:element xmlns:acc="http://10.4.128.8/api/BankSmart/AccountInquiry">acc:Fault</con:element>
        </con:representation>
        <con:request name="AccountInquiry" id="beafddd0-0a15-4428-bd5e-cdd0db732a6e" mediaType="application/json" postQueryString="false">
          <con:settings>
            <con:setting id="com.eviware.soapui.impl.wsdl.WsdlRequest@request-headers">&lt;xml-fragment/></con:setting>
          </con:settings>
          <con:endpoint>http://${#Project#pURL}</con:endpoint>
          <con:request>{\r
\r
	"SignOnRq": {\r
		"LogId": "e0ccbe1a-dfdd-4753-a4c7-acc6fb0665e3",\r
		"DateTime": "2019-03-06T00:00:00",\r
		"ChannelId": "5",\r
		"OurBranchId": "01"\r
	},\r
	"AccountId":"",\r
	"MobileNo":"",\r
	"IBAN":"AE950900100200000067501"\r
}</con:request>
          <con:credentials>
            <con:selectedAuthProfile>Basic</con:selectedAuthProfile>
            <con:addedBasicAuthenticationTypes>Basic</con:addedBasicAuthenticationTypes>
            <con:authType>Global HTTP Settings</con:authType>
          </con:credentials>
          <con:jmsConfig JMSDeliveryMode="PERSISTENT"/>
          <con:parameters>
            <con:entry key="Authorization" value="Basic dmVuZG9yNS1lcmM6UEBzc3cwcmQ1"/>
            <con:entry key="Content-Type" value="application/json"/>
          </con:parameters>
          <con:parameterOrder>
            <con:entry>Content-Type</con:entry>
            <con:entry>Authorization</con:entry>
          </con:parameterOrder>
        </con:request>
      </con:method>
    </con:resource>