<?xml version="1.0" encoding="UTF-8"?>
<con:resource name="BalanceInquiry" path="" id="e53d56e5-d0c8-4017-b1b8-c4e838214742" xmlns:xsi="http://www.w3.org/2001/XMLSchema-instance" xmlns:con="http://eviware.com/soapui/config">
      <con:settings><con:setting id="e53d56e5-d0c8-4017-b1b8-c4e838214742fileName">BalanceInquiry</con:setting></con:settings>
      <con:parameters/>
      <con:resource name="Copy of BalanceInquiry" path="/api/BankSmart/BalanceInquiry" id="06a80d64-c65a-4a2f-a3ea-a17e7175e69d">
        <con:settings/>
        <con:parameters/>
        <con:method name="BalanceInquiry" id="e40e24c6-9ca7-406d-abb3-42dc2fd32226" method="POST">
          <con:settings/>
          <con:parameters>
            <con:parameter>
              <con:name>Content-Type</con:name>
              <con:value>application/json</con:value>
              <con:style>HEADER</con:style>
              <con:default/>
              <con:path xsi:nil="true"/>
              <con:description xsi:nil="true"/>
            </con:parameter>
            <con:parameter>
              <con:name>Authorization</con:name>
              <con:value>Basic dmVuZG9yOS1lcmM6UEBzc3cwcmQ5</con:value>
              <con:style>HEADER</con:style>
              <con:default/>
              <con:path xsi:nil="true"/>
              <con:description xsi:nil="true"/>
            </con:parameter>
          </con:parameters>
          <con:representation type="REQUEST">
            <con:mediaType>application/json</con:mediaType>
            <con:params/>
          </con:representation>
          <con:representation type="FAULT">
            <con:mediaType>application/json; charset=utf-8</con:mediaType>
            <con:status>400</con:status>
            <con:params/>
            <con:element xmlns:bal="http://10.4.128.8/api/BankSmart/BalanceInquiry">bal:Fault</con:element>
          </con:representation>
          <con:representation type="RESPONSE">
            <con:mediaType>application/json; charset=utf-8</con:mediaType>
            <con:status>200</con:status>
            <con:params/>
            <con:element xmlns:bal="http://10.4.128.8/api/BankSmart/BalanceInquiry">bal:Response</con:element>
          </con:representation>
          <con:representation type="RESPONSE">
            <con:mediaType xsi:nil="true"/>
            <con:status>0</con:status>
            <con:params/>
            <con:element>data</con:element>
          </con:representation>
          <con:representation type="FAULT">
            <con:mediaType xsi:nil="true"/>
            <con:status>500</con:status>
            <con:params/>
            <con:element>data</con:element>
          </con:representation>
          <con:representation type="FAULT"><con:mediaType>application/json</con:mediaType><con:status>401</con:status><con:params/><con:element xmlns:bal="http://10.4.128.8/api/BankSmart/BalanceInquiry">bal:Fault</con:element></con:representation><con:request name="Balance Inquiry" id="31706188-18bd-4631-9724-4171df9e80bf" mediaType="application/json" postQueryString="false">
            <con:settings>
              <con:setting id="com.eviware.soapui.impl.wsdl.WsdlRequest@request-headers">&lt;xml-fragment/></con:setting>
            </con:settings>
            <con:endpoint>http://${#Project#pURL}</con:endpoint>
            <con:request>{
    "SignOnRq": {
        "LogId": "3365cc3d-5c29-487a-a8fa-be6e413ee571",
        "DateTime": "2019-09-05T09:15:12.0270941+00:00",
        "ChannelId": "1",
        "OurBranchId": "01"
    },
    "AccountId": "0150100001441601"
}</con:request>
            <con:originalUri>http://10.4.128.8/api/BankSmart/BalanceInquiry</con:originalUri>
            <con:credentials>
              <con:username>vendor1-erc</con:username>
              <con:password>Lkjh123!@#</con:password>
              <con:selectedAuthProfile>Basic</con:selectedAuthProfile>
              <con:preemptive>true</con:preemptive>
              <con:addedBasicAuthenticationTypes>Basic</con:addedBasicAuthenticationTypes>
              <con:authType>Preemptive</con:authType>
            </con:credentials>
            <con:jmsConfig JMSDeliveryMode="PERSISTENT"/>
            <con:parameters>
              <con:entry key="Authorization" value="Basic dmVuZG9yOS1lcmM6UEBzc3cwcmQ5"/>
              <con:entry key="Content-Type" value="application/json"/>
            </con:parameters>
            <con:parameterOrder>
              <con:entry>Content-Type</con:entry>
              <con:entry>Authorization</con:entry>
            </con:parameterOrder>
          </con:request>
        </con:method>
      </con:resource>
    </con:resource>