<?xml version="1.0" encoding="UTF-8"?>
<con:resource name="CalculateMaturityDate" path="" id="3935a12f-354d-4209-96b8-445899563d06" xmlns:xsi="http://www.w3.org/2001/XMLSchema-instance" xmlns:con="http://eviware.com/soapui/config">
      <con:settings><con:setting id="3935a12f-354d-4209-96b8-445899563d06fileName">CalculateMaturityDate</con:setting></con:settings>
      <con:parameters/>
      <con:resource name="Copy of CalculateMaturityDate" path="/api/BankSmart/CalculateMaturityDate" id="13bd4b29-1ffd-488c-b769-c6dace49c067">
        <con:settings/>
        <con:parameters/>
        <con:method name="CalculateMaturityDate" id="5b95aaea-4e01-46c1-b738-6c2b339ad7f7" method="POST">
          <con:settings/>
          <con:parameters>
            <con:parameter>
              <con:name>Content-Type</con:name>
              <con:value>application/json</con:value>
              <con:style>HEADER</con:style>
              <con:default/>
              <con:path xsi:nil="true"/>
              <con:description xsi:nil="true"/>
            </con:parameter>
            <con:parameter>
              <con:name>Authorization</con:name>
              <con:value>Basic dmVuZG9yOS1lcmM6UEBzc3cwcmQ5</con:value>
              <con:style>HEADER</con:style>
              <con:default/>
              <con:path xsi:nil="true"/>
              <con:description xsi:nil="true"/>
            </con:parameter>
          </con:parameters>
          <con:representation type="REQUEST">
            <con:mediaType>application/json</con:mediaType>
            <con:params/>
          </con:representation>
          <con:representation type="RESPONSE">
            <con:mediaType>application/json; charset=utf-8</con:mediaType>
            <con:status>200</con:status>
            <con:params/>
            <con:element xmlns:cal="http://10.4.128.8/api/BankSmart/CalculateMaturityDate">cal:Response</con:element>
          </con:representation>
          <con:representation type="RESPONSE">
            <con:mediaType xsi:nil="true"/>
            <con:status>0</con:status>
            <con:params/>
            <con:element>data</con:element>
          </con:representation>
          <con:representation type="FAULT">
            <con:mediaType>application/json; charset=utf-8</con:mediaType>
            <con:status>400</con:status>
            <con:params/>
            <con:element xmlns:cal="http://10.4.128.8/api/BankSmart/CalculateMaturityDate">cal:Fault</con:element>
          </con:representation>
          <con:request name="Calculate Maturity Date" id="da25c2ae-04cc-4bc7-9915-0b47d577d094" mediaType="application/json" postQueryString="false">
            <con:settings>
              <con:setting id="com.eviware.soapui.impl.wsdl.WsdlRequest@request-headers">&lt;xml-fragment/></con:setting>
            </con:settings>
            <con:endpoint>http://${#Project#pURL}</con:endpoint>
            <con:request>{
	"SignOnRq": {
		"LogId": "e0ccbe1a-dfdd-4753-a4c7-acc6fb0665e3",
		"DateTime": "2019-03-06T00:00:00",
		"ChannelId": "10",
		"OurBranchId": "01"
	},
	"ProductID": "TDR1Y",
	"ValueDate": "2019-10-01T00:00:00",
	"Rate":1.2,
	"Amount":10
}</con:request>
            <con:originalUri>http://10.4.128.8/api/BankSmart/CalculateMaturityDate</con:originalUri>
            <con:credentials>
              <con:username>vendor10-erc</con:username>
              <con:password>P@ssw0rd10</con:password>
              <con:selectedAuthProfile>Basic</con:selectedAuthProfile>
              <con:preemptive>true</con:preemptive>
              <con:addedBasicAuthenticationTypes>Basic</con:addedBasicAuthenticationTypes>
              <con:authType>Preemptive</con:authType>
            </con:credentials>
            <con:jmsConfig JMSDeliveryMode="PERSISTENT"/>
            <con:parameters>
              <con:entry key="Authorization" value="Basic dmVuZG9yOS1lcmM6UEBzc3cwcmQ5"/>
              <con:entry key="Content-Type" value="application/json"/>
            </con:parameters>
            <con:parameterOrder>
              <con:entry>Content-Type</con:entry>
              <con:entry>Authorization</con:entry>
            </con:parameterOrder>
          </con:request>
        </con:method>
      </con:resource>
    </con:resource>