<?xml version="1.0" encoding="UTF-8"?>
<con:resource name="CIFinquiryViaCIF" path="/api/BankSmart/CIFinquiryViaCIF" id="5fe166d4-d121-4492-948f-3252c002831a" xmlns:xsi="http://www.w3.org/2001/XMLSchema-instance" xmlns:con="http://eviware.com/soapui/config">
      <con:settings><con:setting id="5fe166d4-d121-4492-948f-3252c002831afileName">CIFinquiryViaCIF</con:setting></con:settings>
      <con:parameters/>
      <con:method name="CIFinquiryViaCIF" id="105df4d2-df60-48a8-9e1f-45adacafc0a0" method="POST">
        <con:settings/>
        <con:parameters>
          <con:parameter>
            <con:name>Content-Type</con:name>
            <con:value>application/json</con:value>
            <con:style>HEADER</con:style>
            <con:default/>
            <con:path xsi:nil="true"/>
            <con:description xsi:nil="true"/>
          </con:parameter>
          <con:parameter>
            <con:name>Authorization</con:name>
            <con:value>Basic dmVuZG9yNS1lcmM6UEBzc3cwcmQ1</con:value>
            <con:style>HEADER</con:style>
            <con:default/>
            <con:path xsi:nil="true"/>
            <con:description xsi:nil="true"/>
          </con:parameter>
        </con:parameters>
        <con:representation type="REQUEST">
          <con:mediaType>application/json</con:mediaType>
          <con:params/>
        </con:representation>
        <con:representation type="FAULT">
          <con:mediaType>application/json; charset=utf-8</con:mediaType>
          <con:status>400</con:status>
          <con:params/>
          <con:element xmlns:cif="http://10.4.128.8/api/BankSmart/CIFinquiryViaCIF">cif:Fault</con:element>
        </con:representation>
        <con:representation type="RESPONSE">
          <con:mediaType>application/json; charset=utf-8</con:mediaType>
          <con:status>200</con:status>
          <con:params/>
          <con:element xmlns:cif="http://10.4.128.8/api/BankSmart/CIFinquiryViaCIF">cif:Response</con:element>
        </con:representation>
        <con:representation type="FAULT">
          <con:mediaType>text/html</con:mediaType>
          <con:status>500</con:status>
          <con:params/>
          <con:element xmlns:xht="http://www.w3.org/1999/xhtml">xht:html</con:element>
        </con:representation>
        <con:request name="CIF Inquiry Via CIF" id="b3cee076-90fc-4126-b65a-d6d95689b67d" mediaType="application/json" postQueryString="false">
          <con:settings>
            <con:setting id="com.eviware.soapui.impl.wsdl.WsdlRequest@request-headers">&lt;xml-fragment/></con:setting>
          </con:settings>
          <con:endpoint>http://${#Project#pURL}</con:endpoint>
          <con:request>{
    "SignOnRq": {
        "LogId": "d23ba6cd-77f4-4f93-b0ef-6fc64dafddc5",
        "DateTime": "2019-08-05T17:10:35.985736+04:00",
        "ChannelId": "1",
        "OurBranchId": "01"
    },
    "ClientID": "000000679"
}</con:request>
          <con:credentials>
            <con:selectedAuthProfile>Basic</con:selectedAuthProfile>
            <con:addedBasicAuthenticationTypes>Basic</con:addedBasicAuthenticationTypes>
            <con:authType>Global HTTP Settings</con:authType>
          </con:credentials>
          <con:jmsConfig JMSDeliveryMode="PERSISTENT"/>
          <con:parameters>
            <con:entry key="Authorization" value="Basic dmVuZG9yNS1lcmM6UEBzc3cwcmQ1"/>
            <con:entry key="Content-Type" value="application/json"/>
          </con:parameters>
          <con:parameterOrder>
            <con:entry>Content-Type</con:entry>
            <con:entry>Authorization</con:entry>
          </con:parameterOrder>
        </con:request>
      </con:method>
    </con:resource>