<?xml version="1.0" encoding="UTF-8"?>
<con:resource name="CloseAccount" path="/api/BankSmart/CloseAccount" id="dd049f0a-b5ff-4f53-83ff-133e4662c53a" xmlns:xsi="http://www.w3.org/2001/XMLSchema-instance" xmlns:con="http://eviware.com/soapui/config"><con:settings><con:setting id="dd049f0a-b5ff-4f53-83ff-133e4662c53afileName">CloseAccount</con:setting></con:settings><con:parameters/><con:method name="Method 1" id="fd6685e1-0e75-4f37-a1ba-c1bab9978bfc" method="POST"><con:settings/><con:parameters><con:parameter required="true"><con:name>Content-Type</con:name><con:value/><con:style>HEADER</con:style><con:default/></con:parameter><con:parameter required="true"><con:name>Authorization</con:name><con:value/><con:style>HEADER</con:style><con:default/></con:parameter></con:parameters><con:representation type="REQUEST"><con:mediaType>application/json</con:mediaType><con:params/></con:representation><con:representation type="RESPONSE"><con:mediaType xsi:nil="true"/><con:status>0</con:status><con:params/><con:element>data</con:element></con:representation><con:representation type="FAULT"><con:mediaType>application/json</con:mediaType><con:status>401</con:status><con:params/><con:element xmlns:clos="http://null/api/BankSmart/CloseAccount">clos:Fault</con:element></con:representation><con:representation type="FAULT"><con:mediaType>application/json; charset=utf-8</con:mediaType><con:status>400</con:status><con:params/><con:element xmlns:clos="http://null/api/BankSmart/CloseAccount">clos:Fault</con:element></con:representation><con:representation type="RESPONSE"><con:mediaType>application/json; charset=utf-8</con:mediaType><con:status>200</con:status><con:params/><con:element xmlns:clos="http://null/api/BankSmart/CloseAccount">clos:Response</con:element></con:representation><con:request name="Request 1" id="be17e754-37af-470c-a744-9ade0a543d11" mediaType="application/json" postQueryString="false"><con:settings><con:setting id="com.eviware.soapui.impl.wsdl.WsdlRequest@request-headers">&lt;xml-fragment/></con:setting></con:settings><con:endpoint>http://${#Project#url}</con:endpoint><con:request>{
  "signOnRq": {
    "logId": "${=java.util.UUID.randomUUID()}",
    "dateTime": "2021-11-22T11:48:55.804Z",
    "channelId": "10",
    "ourBranchId": "${CreateCorporateAccount#Request#$['SignOnRq']['OurBranchId']}"
  },
  "accountId": "${CreateCorporateAccount#Response#$['content']['accountID']}",
  "clientId": "${CreateCorporateCIF#Response#$['content']['clientID']}"
}</con:request><con:credentials><con:selectedAuthProfile>No Authorization</con:selectedAuthProfile><con:authType>No Authorization</con:authType></con:credentials><con:jmsConfig JMSDeliveryMode="PERSISTENT"/><con:parameters><con:entry key="Content-Type" value="application/json"/></con:parameters><con:parameterOrder><con:entry>Content-Type</con:entry><con:entry>Authorization</con:entry></con:parameterOrder></con:request></con:method></con:resource>