<?xml version="1.0" encoding="UTF-8"?>
<con:resource name="CreateCorporateCIF" path="/api/BankSmart/CreateCorporateCIF" id="26541973-120c-42cb-b173-ecebfb2d143b" xmlns:xsi="http://www.w3.org/2001/XMLSchema-instance" xmlns:con="http://eviware.com/soapui/config">
      <con:settings><con:setting id="26541973-120c-42cb-b173-ecebfb2d143bfileName">CreateCorporateCIF</con:setting></con:settings>
      <con:parameters/>
      <con:method name="CreateCorporateCIF" id="0557c2f5-a0d8-42d2-97f5-9551fa391b92" method="POST">
        <con:settings/>
        <con:parameters>
          <con:parameter>
            <con:name>Content-Type</con:name>
            <con:value>application/json</con:value>
            <con:style>HEADER</con:style>
            <con:default/>
            <con:path xsi:nil="true"/>
            <con:description xsi:nil="true"/>
          </con:parameter>
          <con:parameter>
            <con:name>Authorization</con:name>
            <con:value>Basic dmVuZG9yNS1lcmM6UEBzc3cwcmQ1</con:value>
            <con:style>HEADER</con:style>
            <con:default/>
            <con:path xsi:nil="true"/>
            <con:description xsi:nil="true"/>
          </con:parameter>
        </con:parameters>
        <con:representation type="REQUEST">
          <con:mediaType>application/json</con:mediaType>
          <con:params/>
        </con:representation>
        <con:representation type="RESPONSE">
          <con:mediaType xsi:nil="true"/>
          <con:status>0</con:status>
          <con:params/>
          <con:element>data</con:element>
        </con:representation>
        <con:representation type="FAULT">
          <con:mediaType>application/json; charset=utf-8</con:mediaType>
          <con:status>400</con:status>
          <con:params/>
          <con:element xmlns:cre="http://null/api/BankSmart/CreateCorporateCIF">cre:Fault</con:element>
        </con:representation>
        <con:representation type="RESPONSE">
          <con:mediaType>application/json; charset=utf-8</con:mediaType>
          <con:status>200</con:status>
          <con:params/>
          <con:element xmlns:cre="http://null/api/BankSmart/CreateCorporateCIF">cre:Response</con:element>
        </con:representation>
        <con:representation type="FAULT">
          <con:mediaType>text/html;charset=utf-8</con:mediaType>
          <con:status>403</con:status>
          <con:params/>
          <con:element>html</con:element>
        </con:representation>
        <con:representation type="RESPONSE"><con:mediaType xsi:nil="true"/><con:status>0</con:status><con:params/><con:element>data</con:element></con:representation><con:representation type="RESPONSE"><con:mediaType xsi:nil="true"/><con:status>0</con:status><con:params/><con:element>data</con:element></con:representation><con:representation type="RESPONSE"><con:mediaType xsi:nil="true"/><con:status>0</con:status><con:params/><con:element>data</con:element></con:representation><con:representation type="RESPONSE"><con:mediaType xsi:nil="true"/><con:status>0</con:status><con:params/><con:element>data</con:element></con:representation><con:request name="Create Corporate CIF" id="5d62baed-678d-4062-9083-7ab192d5d64e" mediaType="application/json" postQueryString="false">
          <con:settings>
            <con:setting id="com.eviware.soapui.impl.wsdl.WsdlRequest@request-headers">&lt;xml-fragment/></con:setting>
          </con:settings>
          <con:endpoint>http://${#Project#pURL}</con:endpoint>
          <con:request>{
    "SignOnRq": {
        "LogId": "e0ccbe1a-dfdd-4753-a4c7-acc6fb0665e3",
        "DateTime": "2019-03-06T00:00:00",
        "ChannelId": "5",
        "OurBranchId": "01"
    },
    "Cust": {
        "Name": "fahad",
        "CategoryId": "Corporate",
        "RiskProfile": "Low",
        "EntityNameCorp": "abc ",
        "EntityTypeCorp": "FOC",
        "YearofestablishmentCorp": "2019-03-06",
        "RegisteredAddressCorp": "abc",
        "ContactName1Corp": "Fahad",
        "ContactID1Corp": "abc",
        "IDTypeCorp": "DLL",
        "Address1Corp": "abc",
        "PhoneNumberCorp": "0090998",
        "AlternatePhonenumberCorp": null,
        "EmailIDCorp": "fahad_Ali1003@hotmail.com",
        "ContactName2Corp": "",
        "ContactID2Corp": "",
        "IDType2": "",
        "Address2Corp": "",
        "PhoneNumber2Corp": null,
        "AlternatePhonenumber2Corp": null,
        "EmailID2Corp": "",
        "SICCodesCorp": "110",
        "IndustryCorp": "MFT",
        "TradeLicenseNumberCorp": "585858856",
        "CountryofIncorporationCorp": "UAE",
        "TradeLicenseIssuedateCorp": "2019-03-06",
        "TradeLicenseExpirydateCorp": "2022-03-06",
        "TradeLicenseIssuanceAuthorityCorp": "abc",
        "TRNNoCorp": "",
        "PEPCorp": "Y",
        "BlackListCorp": "",
        "KYCReviewDateCorp": "2019-03-06",
        "FATCARelevantCorp": "Y",
        "CRSRelevantCorp": "Y",
        "USAEntityCorp": "Y",
        "FFICorp": "Y",
        "FFICategoryCorp": null,
        "GIINNoCorp": "",
        "GIINNACorp": "",
        "SponsorNameCorp": "",
        "SponsorGIIN": "",
        "NFFECorp": null,
        "StockExchangeCorp": "",
        "TradingSymbolCorp": "",
        "USAORUAECorp": "Y",
        "TINAvailableCorp": "",
        "TinNo1Corp": "1",
        "TaxCountry1Corp": "",
        "TinNo2Corp": "",
        "TaxCountry2Corp": "",
        "TinNo3Corp": "",
        "TaxCountry3Corp": "",
        "TinNo4Corp": "",
        "TaxCountry4Corp": "",
        "TinNo5Corp": "",
        "TaxCountry5Corp": "",
        "FATCANoReasonCorp": "Reason B",
        "ReasonBCorp": "",
        "CompanyWebsite": "",
        "CompCashIntensive": "Y",
        "PubLimCompCorp": "Y",
        "RegAddCountryCorp": "UAE",
        "REGADDSTATECORP": "DAU",
        "RegAddCityCorp": "DBX",
        "Add1CountryCorp": "UAE",
        "Add1StateCorp": "DAU",
        "Add1CityCorp": "DBX",
        "Add2CountryCorp": "",
        "Add2StateCorp": "",
        "Add2CityCorp": "",
        "VATRegistered": null
    },
    "ShareHolders": [
        {
            "ShareHolderName": "fahad",
            "ShareHolderAddress": "5c",
            "ShareholderType": "COM",
            "ShareholdersIDtype": "DLL",
            "ShareholdersIDNo": "123",
            "ShareholdersIDExpirydate": "2019-03-06",
            "CountryofIncorporation": "UAE",
            "BoardMember": "Y",
            "AuthorisedSignatory": "Y",
            "BeneficialOwner": "Y",
            "ResidentNonResident": "N",
            "CountryofResidence": "UAE",
            "OwnershipPercentage": 123,
            "Blacklist": "",
            "PEP": "Y",
            "FATCARelevant": "Y",
            "CRSRelevant": "Y",
            "USCitizen": "Y",
            "AreyouaUSTaxResident": "Y",
            "WereyoubornintheUS": "Y",
            "USAEntity": "",
            "FFI": "",
            "FFICategory": "",
            "GIINNo": "",
            "GIINNA": "",
            "SponsorName": "",
            "SponsorGIIN": "",
            "NFFE": "",
            "StockExchange": "",
            "TradingSymbol": "",
            "USAORUAE": "Y",
            "TINAvailable": "",
            "TinNo1": "",
            "TaxCountry1": "",
            "TinNo2": "",
            "TaxCountry2": "",
            "TinNo3": "",
            "TaxCountry3": "",
            "TinNo4": "",
            "TaxCountry4": "",
            "TinNo5": "",
            "TaxCountry5": "",
            "FATCANoReason": "Reason A",
            "ReasonB": "",
            "SHCity": "DBX",
            "SHState": "DAU",
            "SHCountry": "UAE",
            "SHIDIssuanceCountry": "UAE",
            "IDGender": "M",
            "DateOfBirth": "2019-03-06",
            "IDNationality": "UAE"
        }
    ],
    "Authignatories": [
        {
            "AuthorisedsignatoriesName": "fahad",
            "PhoneNumber": "123123",
            "EmailID": "faha@dhotmai",
            "CorrespondenceAddress": "4/x",
            "AuthorisedsignatoryIDtype1": "DLL",
            "AuthorisedsignatoryIDNumber1": "112312",
            "AuthorisedsignatoryIDExpirydate1": "2019-03-06",
            "AuthorisedsignatoryIDIssueCountry1": "UAE",
            "AuthorisedsignatoryIDtype2": "DLL",
            "AuthorisedsignatoryIDNumber2": "123",
            "AuthorisedsignatoryIDExpirydate2": "2019-03-06",
            "AuthorisedsignatoryIDIssueCountry2": "UAE",
            "AuthorisedsignatoryVisaIssuedby": "fahad",
            "AuthorisedsignatoryVisaNumber": "123",
            "AuthorisedsignatoryVisaExpiry": "2019-03-06",
            "Remarks": "test",
            "Blacklist": "",
            "PEP": "Y",
            "FATCARelevant": "Y",
            "CRSRelevant": "Y",
            "AreyouaUSCitizen": "Y",
            "AreyouaUSTaxResident": "Y",
            "WereyoubornintheUS": "Y",
            "USAORUAE": "Y",
            "TINAvailable": "",
            "TinNo1": null,
            "TaxCountry1": null,
            "TinNo2": "",
            "TaxCountry2": null,
            "TinNo3": null,
            "TaxCountry3": null,
            "TinNo4": null,
            "TaxCountry4": null,
            "TinNo5": null,
            "TaxCountry5": null,
            "FATCANoReason": "",
            "ReasonB": "",
            "ASCity": "DBX",
            "ASState": "DAU",
            "ASCountry": "UAE",
            "IDGender": "M",
            "DateOfBirth": "2019-03-06",
            "IDNationality": "UAE"
        }
    ],
    "BoardDirectors": [
        {
            "BoardDirectorName": "fahad",
            "Designation": "president",
            "BoardDirectorAddress": "4/c",
            "BoardDirectorIDExpirydate": "2019-03-06",
            "ResidentNonResident": "N",
            "CountryofResidence": "UAE",
            "BoardDirectorIDtype": "DLL",
            "BoardDirectorIDNo": "123123",
            "Blacklist": "",
            "PEP": "Y",
            "FATCARelevant": "Y",
            "CRSRelevant": "Y",
            "AreyouaUSCitizen": "Y",
            "AreyouaUSTaxResident": "Y",
            "WereyoubornintheUS": "Y",
            "USAORUAE": "Y",
            "TINAvailable": "",
            "TinNo1": "",
            "TaxCountry1": null,
            "TinNo2": "",
            "TaxCountry2": null,
            "TinNo3": "",
            "TaxCountry3": null,
            "TinNo4": "",
            "TaxCountry4": null,
            "TinNo5": "",
            "TaxCountry5": null,
            "FATCANoReason": "Reason A",
            "ReasonB": "",
            "BDCity": "DBX",
            "BDState": "DAU",
            "BDCountry": "UAE",
            "IDGender": "M",
            "DateOfBirth": "2019-03-06",
            "IDNationality": "UAE"
        }
    ],
    "BeneficialOwners": [
        {
            "BeneficialName": "fahad",
            "BeneficialAddress": "4/c",
            "BeneficialIDNo": "1212",
            "BeneficialIDExpirydate": "2019-03-06",
            "ResidentNonResident": "Y",
            "CountryOfResidence": "UAE",
            "BeneficialIDtype": "DLL",
            "Blacklist": "",
            "PEP": "Y",
            "FATCARelevant": "Y",
            "CRSRelevant": "Y",
            "AreyouaUSCitizen": "Y",
            "AreyouaUSTaxResident": "Y",
            "WereyoubornintheUS": "Y",
            "USAORUAE": "Y",
            "TINAvailable": "",
            "TinNo1": "",
            "TaxCountry1": null,
            "TinNo2": "",
            "TaxCountry2": null,
            "TinNo3": "",
            "TaxCountry3": null,
            "TinNo4": "",
            "TaxCountry4": null,
            "TinNo5": "",
            "TaxCountry5": null,
            "FATCANoReason": "Reason A",
            "ReasonB": "",
            "BOCity": "DBX",
            "BOState": "DAU",
            "BOCountry": "UAE",
            "IDGender": "M",
            "DateOfBirth": "2019-03-06",
            "IDNationality": "UAE"
        }
    ]
}</con:request>
          <con:credentials>
            <con:selectedAuthProfile>Basic</con:selectedAuthProfile>
            <con:addedBasicAuthenticationTypes>Basic</con:addedBasicAuthenticationTypes>
            <con:authType>Global HTTP Settings</con:authType>
          </con:credentials>
          <con:jmsConfig JMSDeliveryMode="PERSISTENT"/>
          <con:parameters>
            <con:entry key="Authorization" value="Basic dmVuZG9yNS1lcmM6UEBzc3cwcmQ1"/>
            <con:entry key="Content-Type" value="application/json"/>
          </con:parameters>
          <con:parameterOrder>
            <con:entry>Content-Type</con:entry>
            <con:entry>Authorization</con:entry>
          </con:parameterOrder>
        </con:request>
      </con:method>
    </con:resource>