<?xml version="1.0" encoding="UTF-8"?>
<con:resource name="CreateCorporateAccount" path="/api/BankSmart/CreateCorporateAccount" id="6f7311c6-cb1f-4541-84c0-29c3133e58d3" xmlns:xsi="http://www.w3.org/2001/XMLSchema-instance" xmlns:con="http://eviware.com/soapui/config">
      <con:settings><con:setting id="6f7311c6-cb1f-4541-84c0-29c3133e58d3fileName">CreateCorporateAccount</con:setting></con:settings>
      <con:parameters/>
      <con:method name="CreateCorporateAccount" id="9f4d67fd-611b-44f6-84c8-c83dcee93e8d" method="POST">
        <con:settings/>
        <con:parameters>
          <con:parameter>
            <con:name>Content-Type</con:name>
            <con:value>application/json</con:value>
            <con:style>HEADER</con:style>
            <con:default/>
            <con:path xsi:nil="true"/>
            <con:description xsi:nil="true"/>
          </con:parameter>
          <con:parameter>
            <con:name>Authorization</con:name>
            <con:value>Basic dmVuZG9yNS1lcmM6UEBzc3cwcmQ1</con:value>
            <con:style>HEADER</con:style>
            <con:default/>
            <con:path xsi:nil="true"/>
            <con:description xsi:nil="true"/>
          </con:parameter>
        </con:parameters>
        <con:representation type="REQUEST">
          <con:mediaType>application/json</con:mediaType>
          <con:params/>
        </con:representation>
        <con:representation type="FAULT">
          <con:mediaType>application/json; charset=utf-8</con:mediaType>
          <con:status>400</con:status>
          <con:params/>
          <con:element xmlns:cre="http://10.4.128.8/api/BankSmart/CreateCorporateAccount">cre:Fault</con:element>
        </con:representation>
        <con:representation type="RESPONSE">
          <con:mediaType>application/json; charset=utf-8</con:mediaType>
          <con:status>200</con:status>
          <con:params/>
          <con:element xmlns:cre="http://10.4.128.8/api/BankSmart/CreateCorporateAccount">cre:Response</con:element>
        </con:representation>
        <con:representation type="FAULT">
          <con:mediaType xsi:nil="true"/>
          <con:status>500</con:status>
          <con:params/>
          <con:element>data</con:element>
        </con:representation>
        <con:representation type="FAULT">
          <con:mediaType>text/html;charset=utf-8</con:mediaType>
          <con:status>403</con:status>
          <con:params/>
          <con:element>html</con:element>
        </con:representation>
        <con:representation type="FAULT">
          <con:mediaType>application/json</con:mediaType>
          <con:status>400</con:status>
          <con:params/>
          <con:element xmlns:cre="http://10.4.128.8/api/BankSmart/CreateCorporateAccount">cre:Fault</con:element>
        </con:representation>
        <con:request name="Create Corporate  Account" id="acbd2f65-3b5f-4ae8-b962-07ba00c71d96" mediaType="application/json" postQueryString="false">
          <con:settings>
            <con:setting id="com.eviware.soapui.impl.wsdl.WsdlRequest@request-headers">&lt;xml-fragment/></con:setting>
          </con:settings>
          <con:endpoint>http://${#Project#pURL}</con:endpoint>
          <con:request>{\r
    "SignOnRq": {\r
        "LogId": "e0ccbe1a-dfdd-4753-a4c7-acc6fb0665e3",\r
        "DateTime": "2019-03-06T00:00:00",\r
        "ChannelId": "5",\r
        "OurBranchId": "01"\r
    },\r
    "SignatureInstructions": "this is to allow all",\r
    "Acc": {\r
        "ClientID": "000000287",\r
        "ProductID": "AGRMR",\r
        "Name": "Fahad",\r
        "Address": "4/c block a ",\r
        "CountryID": "ARE",\r
        "StateID": "001",\r
        "CityID": "005",\r
        "StatementFrequency": "Q",\r
        "HoldMail": 1,\r
        "ZakatExemption":1,\r
        "ContactPersonName": "",\r
        "Designation": "test",\r
        "Phone1": "1231231",\r
        "Phone2": "2312312",\r
        "MobileNo": "test",\r
        "Fax": "test",\r
        "EmailID": "",\r
        "IntroducerAccountNo": "test",\r
        "IntroducedBy": "test",\r
        "IntroducerAddress": "",\r
        "IntroducerCityID": "005",\r
        "IntroducerStateID": "001",\r
        "IntroducerCountryID": "ARE",\r
        "ModeOfOperation": "Company Mandate",\r
        "Reminder": "test",\r
        "Notes": "test",\r
        "NatureID": "0101",\r
        "RelationshipCode": "CAD",\r
        "AllowCreditTransaction": 1,\r
        "AllowDebitTransaction": 1,\r
        "NotServiceCharges": 1,\r
        "NotStopPaymentCharges": 1,\r
        "NotChequeBookCharges": 1,\r
        "TurnOver": "Above 10M",\r
        "NoOfDrTrx":1,\r
        "NoOfCrTrx":1,\r
        "DrThresholdLimit":1,\r
        "CrThresholdLimit":1,\r
        "ProductCash": 1,\r
        "ProductClearing": 1,\r
        "ProductCollection": 1,\r
        "ProductRemittance": 1,\r
        "ProductCross": 1,\r
        "ProductOthers": 1,\r
        "ProductOthersDesc": "test"\r
    }\r
}</con:request>
          <con:credentials>
            <con:selectedAuthProfile>Basic</con:selectedAuthProfile>
            <con:addedBasicAuthenticationTypes>Basic</con:addedBasicAuthenticationTypes>
            <con:authType>Global HTTP Settings</con:authType>
          </con:credentials>
          <con:jmsConfig JMSDeliveryMode="PERSISTENT"/>
          <con:parameters>
            <con:entry key="Authorization" value="Basic dmVuZG9yNS1lcmM6UEBzc3cwcmQ1"/>
            <con:entry key="Content-Type" value="application/json"/>
          </con:parameters>
          <con:parameterOrder>
            <con:entry>Content-Type</con:entry>
            <con:entry>Authorization</con:entry>
          </con:parameterOrder>
        </con:request>
      </con:method>
      <con:method name="CreateCorporateAccount 2" id="05a19246-7a69-4d92-8ba0-632677c1622e" method="POST">
        <con:settings/>
        <con:parameters>
          <con:parameter>
            <con:name>Content-Type</con:name>
            <con:value>application/json</con:value>
            <con:style>HEADER</con:style>
            <con:default/>
            <con:path xsi:nil="true"/>
            <con:description xsi:nil="true"/>
          </con:parameter>
          <con:parameter>
            <con:name>Authorization</con:name>
            <con:value>Basic dmVuZG9yNS1lcmM6UEBzc3cwcmQ1</con:value>
            <con:style>HEADER</con:style>
            <con:default/>
            <con:path xsi:nil="true"/>
            <con:description xsi:nil="true"/>
          </con:parameter>
        </con:parameters>
        <con:request name="Create Corporate  Account Copy" id="8800d22d-e3d9-4c01-8dd4-b8c4334e0dad" mediaType="application/json" postQueryString="false">
          <con:settings/>
          <con:endpoint>http://${#Project#pURL}</con:endpoint>
          <con:request>{\r
    "SignOnRq": {\r
        "LogId": "e0ccbe1a-dfdd-4753-a4c7-acc6fb0665e3",\r
        "DateTime": "2019-03-06T00:00:00",\r
        "ChannelId": "5",\r
        "OurBranchId": "01"\r
    },\r
    "SignatureInstructions": "this is to allow all",\r
    "Acc": {\r
        "ClientID": "000000287",\r
        "ProductID": "AGRMR",\r
        "Name": "Fahad",\r
        "Address": "4/c block a ",\r
        "CountryID": "ARE",\r
        "StateID": "001",\r
        "CityID": "005",\r
        "StatementFrequency": "Q",\r
        "HoldMail": 1,\r
        "ZakatExemption":1,\r
        "ContactPersonName": "",\r
        "Designation": "test",\r
        "Phone1": "1231231",\r
        "Phone2": "2312312",\r
        "MobileNo": "test",\r
        "Fax": "test",\r
        "EmailID": "",\r
        "IntroducerAccountNo": "test",\r
        "IntroducedBy": "test",\r
        "IntroducerAddress": "",\r
        "IntroducerCityID": "005",\r
        "IntroducerStateID": "001",\r
        "IntroducerCountryID": "ARE",\r
        "ModeOfOperation": "Company Mandate",\r
        "Reminder": "test",\r
        "Notes": "test",\r
        "NatureID": "0101",\r
        "RelationshipCode": "CAD",\r
        "AllowCreditTransaction": 1,\r
        "AllowDebitTransaction": 1,\r
        "NotServiceCharges": 1,\r
        "NotStopPaymentCharges": 1,\r
        "NotChequeBookCharges": 1,\r
        "TurnOver": "Above 10M",\r
        "NoOfDrTrx":1,\r
        "NoOfCrTrx":1,\r
        "DrThresholdLimit":1,\r
        "CrThresholdLimit":1,\r
        "ProductCash": 1,\r
        "ProductClearing": 1,\r
        "ProductCollection": 1,\r
        "ProductRemittance": 1,\r
        "ProductCross": 1,\r
        "ProductOthers": 1,\r
        "ProductOthersDesc": "test"\r
    }\r
}</con:request>
          <con:credentials>
            <con:selectedAuthProfile>Basic</con:selectedAuthProfile>
            <con:addedBasicAuthenticationTypes>Basic</con:addedBasicAuthenticationTypes><con:authType>Global HTTP Settings</con:authType>
          </con:credentials>
          <con:jmsConfig JMSDeliveryMode="PERSISTENT"/>
          <con:parameters>
            <con:entry key="Authorization" value="Basic dmVuZG9yNS1lcmM6UEBzc3cwcmQ1"/>
            <con:entry key="Content-Type" value="application/json"/>
          </con:parameters>
          <con:parameterOrder>
            <con:entry>Content-Type</con:entry>
            <con:entry>Authorization</con:entry>
          </con:parameterOrder>
        </con:request>
      </con:method>
    </con:resource>