<?xml version="1.0" encoding="UTF-8"?>
<con:resource name="DepositsDetails" path="/api/BankSmart/DepositsDetails" id="01b19ff5-08aa-4241-9064-046e874d191b" xmlns:xsi="http://www.w3.org/2001/XMLSchema-instance" xmlns:con="http://eviware.com/soapui/config">
      <con:settings><con:setting id="01b19ff5-08aa-4241-9064-046e874d191bfileName">DepositsDetails</con:setting></con:settings>
      <con:parameters/>
      <con:method name="DepositsDetails" id="f31d4391-30b2-4e7e-8123-ff3f347e97c3" method="POST">
        <con:settings/>
        <con:parameters>
          <con:parameter>
            <con:name>Content-Type</con:name>
            <con:value>application/json</con:value>
            <con:style>HEADER</con:style>
            <con:default/>
            <con:path xsi:nil="true"/>
            <con:description xsi:nil="true"/>
          </con:parameter>
          <con:parameter>
            <con:name>Authorization</con:name>
            <con:value>Basic dmVuZG9yOS1lcmM6UEBzc3cwcmQ5</con:value>
            <con:style>HEADER</con:style>
            <con:default/>
            <con:path xsi:nil="true"/>
            <con:description xsi:nil="true"/>
          </con:parameter>
        </con:parameters>
        <con:representation type="RESPONSE">
          <con:mediaType>application/json; charset=utf-8</con:mediaType>
          <con:status>200</con:status>
          <con:params/>
          <con:element xmlns:dep="http://10.4.128.8/api/BankSmart/DepositsDetails">dep:Response</con:element>
        </con:representation>
        <con:representation type="REQUEST">
          <con:mediaType>application/json</con:mediaType>
          <con:params/>
        </con:representation>
        <con:representation type="FAULT">
          <con:mediaType>application/json; charset=utf-8</con:mediaType>
          <con:status>400</con:status>
          <con:params/>
          <con:element xmlns:dep="http://10.4.128.8/api/BankSmart/DepositsDetails">dep:Fault</con:element>
        </con:representation>
        <con:request name="DepositsDetails" id="8c48ae28-67d1-41fb-a914-00e726226f3f" mediaType="application/json" postQueryString="false">
          <con:settings>
            <con:setting id="com.eviware.soapui.impl.wsdl.WsdlRequest@request-headers">&lt;xml-fragment/></con:setting>
          </con:settings>
          <con:endpoint>http://${#Project#pURL}</con:endpoint>
          <con:request>{\r
	"SignOnRq": {\r
		"LogId": "e0ccbe1a-dfdd-4753-a4c7-acc6fb0665e3",\r
		"DateTime": "2019-03-06T00:00:00",\r
		"ChannelId": "5",\r
		"OurBranchId": "01"\r
	},\r
	"AccountID":"0102400000001801",\r
	"ReceiptID":"17"\r
	}\r
}</con:request>
          <con:credentials>
            <con:selectedAuthProfile>Basic</con:selectedAuthProfile>
            <con:addedBasicAuthenticationTypes>Basic</con:addedBasicAuthenticationTypes>
            <con:authType>Global HTTP Settings</con:authType>
          </con:credentials>
          <con:jmsConfig JMSDeliveryMode="PERSISTENT"/>
          <con:parameters>
            <con:entry key="Authorization" value="Basic dmVuZG9yOS1lcmM6UEBzc3cwcmQ5"/>
            <con:entry key="Content-Type" value="application/json"/>
          </con:parameters>
          <con:parameterOrder>
            <con:entry>Content-Type</con:entry>
            <con:entry>Authorization</con:entry>
          </con:parameterOrder>
        </con:request>
      </con:method>
    </con:resource>