<?xml version="1.0" encoding="UTF-8"?>
<con:resource name="DepositsList" path="" id="0d84c095-af55-4e5a-ab8f-c851a6d44dfc" xmlns:xsi="http://www.w3.org/2001/XMLSchema-instance" xmlns:con="http://eviware.com/soapui/config">
      <con:settings><con:setting id="0d84c095-af55-4e5a-ab8f-c851a6d44dfcfileName">DepositsList</con:setting></con:settings>
      <con:parameters/>
      <con:resource name="Copy of DepositsList" path="/api/BankSmart/DepositsList" id="4622bd86-97ef-410b-9e78-bb8d57dadb2f">
        <con:settings/>
        <con:parameters/>
        <con:method name="DepositsList" id="dfd7eaa3-7a99-49a2-9aae-a7a624be15d5" method="POST">
          <con:settings/>
          <con:parameters>
            <con:parameter>
              <con:name>Content-Type</con:name>
              <con:value>application/json</con:value>
              <con:style>HEADER</con:style>
              <con:default/>
              <con:path xsi:nil="true"/>
              <con:description xsi:nil="true"/>
            </con:parameter>
            <con:parameter>
              <con:name>Authorization</con:name>
              <con:value>Basic dmVuZG9yOS1lcmM6UEBzc3cwcmQ5</con:value>
              <con:style>HEADER</con:style>
              <con:default/>
              <con:path xsi:nil="true"/>
              <con:description xsi:nil="true"/>
            </con:parameter>
          </con:parameters>
          <con:representation type="REQUEST">
            <con:mediaType>application/json</con:mediaType>
            <con:params/>
          </con:representation>
          <con:representation type="RESPONSE">
            <con:mediaType xsi:nil="true"/>
            <con:status>0</con:status>
            <con:params/>
            <con:element>data</con:element>
          </con:representation>
          <con:representation type="RESPONSE">
            <con:mediaType>application/json; charset=utf-8</con:mediaType>
            <con:status>200</con:status>
            <con:params/>
            <con:element xmlns:dep="http://null/api/BankSmart/DepositsList">dep:Response</con:element>
          </con:representation>
          <con:representation type="FAULT">
            <con:mediaType>application/json</con:mediaType>
            <con:status>400</con:status>
            <con:params/>
            <con:element xmlns:dep="http://null/api/BankSmart/DepositsList">dep:Fault</con:element>
          </con:representation>
          <con:request name="Deposits List" id="6cdfb268-0ea5-4eea-a242-97b932ec8a02" mediaType="application/json" postQueryString="false">
            <con:settings>
              <con:setting id="com.eviware.soapui.impl.wsdl.WsdlRequest@request-headers">&lt;xml-fragment/></con:setting>
            </con:settings>
            <con:endpoint>http://${#Project#pURL}</con:endpoint>
            <con:request>{
	"SignOnRq": {
		"LogId": "e0ccbe1a-dfdd-4753-a4c7-acc6fb0665e3",
		"DateTime": "2019-03-06T00:00:00",
		"ChannelId": "10",
		"OurBranchId": "01"
	},
"clientID": "000009293"
	}</con:request>
            <con:originalUri>http://null/api/BankSmart/DepositsList</con:originalUri>
            <con:credentials>
              <con:username>vendor10-erc</con:username>
              <con:password>P@ssw0rd10</con:password>
              <con:selectedAuthProfile>Basic</con:selectedAuthProfile>
              <con:preemptive>true</con:preemptive>
              <con:addedBasicAuthenticationTypes>Basic</con:addedBasicAuthenticationTypes>
              <con:authType>Preemptive</con:authType>
            </con:credentials>
            <con:jmsConfig JMSDeliveryMode="PERSISTENT"/>
            <con:parameters>
              <con:entry key="Authorization" value="Basic dmVuZG9yOS1lcmM6UEBzc3cwcmQ5"/>
              <con:entry key="Content-Type" value="application/json"/>
            </con:parameters>
            <con:parameterOrder>
              <con:entry>Content-Type</con:entry>
              <con:entry>Authorization</con:entry>
            </con:parameterOrder>
          </con:request>
        </con:method>
      </con:resource>
    </con:resource>