<?xml version="1.0" encoding="UTF-8"?>
<con:resource name="GetCorporateAccountDetail" path="/api/BankSmart/GetCorporateAccountDetail" id="d8b46ddb-9566-4c48-8c25-3f27f615c3cb" xmlns:xsi="http://www.w3.org/2001/XMLSchema-instance" xmlns:con="http://eviware.com/soapui/config">
      <con:settings><con:setting id="d8b46ddb-9566-4c48-8c25-3f27f615c3cbfileName">GetCorporateAccountDetail</con:setting></con:settings>
      <con:parameters/>
      <con:method name="GetCorporateAccountDetail" id="275988bd-910f-4f54-a1f0-66b69e2c672e" method="POST">
        <con:settings/>
        <con:parameters>
          <con:parameter>
            <con:name>Content-Type</con:name>
            <con:value>application/json</con:value>
            <con:style>HEADER</con:style>
            <con:default/>
            <con:path xsi:nil="true"/>
            <con:description xsi:nil="true"/>
          </con:parameter>
          <con:parameter>
            <con:name>Authorization</con:name>
            <con:value>Basic dmVuZG9yOS1lcmM6UEBzc3cwcmQ5</con:value>
            <con:style>HEADER</con:style>
            <con:default/>
            <con:path xsi:nil="true"/>
            <con:description xsi:nil="true"/>
          </con:parameter>
        </con:parameters>
        <con:representation type="REQUEST">
          <con:mediaType>application/json</con:mediaType>
          <con:params/>
        </con:representation>
        <con:representation type="RESPONSE">
          <con:mediaType>application/json; charset=utf-8</con:mediaType>
          <con:status>200</con:status>
          <con:params/>
          <con:element xmlns:get="http://10.4.128.8/api/BankSmart/GetCorporateAccountDetail">get:Response</con:element>
        </con:representation>
        <con:request name="GetCorporateAccountDetail" id="87c21957-0d4c-4df2-a3ef-227b1401526e" mediaType="application/json" postQueryString="false">
          <con:settings>
            <con:setting id="com.eviware.soapui.impl.wsdl.WsdlRequest@request-headers">&lt;xml-fragment/></con:setting>
          </con:settings>
          <con:endpoint>http://${#Project#pURL}</con:endpoint>
          <con:request>{
	
     "SignOnRq":{ 
               "LogId": "e0ccbe1a-dfdd-4753-a4c7-acc6fb0665e3",
                  "DateTime":"2019-03-06T00:00:00",
                 "ChannelId":"5",
               "OurBranchId":"01"},
               "AccountID":"jjj",
               "IBAN":""
}</con:request>
          <con:credentials>
            <con:selectedAuthProfile>Basic</con:selectedAuthProfile>
            <con:addedBasicAuthenticationTypes>Basic</con:addedBasicAuthenticationTypes>
            <con:authType>Global HTTP Settings</con:authType>
          </con:credentials>
          <con:jmsConfig JMSDeliveryMode="PERSISTENT"/>
          <con:parameters>
            <con:entry key="Authorization" value="Basic dmVuZG9yOS1lcmM6UEBzc3cwcmQ5"/>
            <con:entry key="Content-Type" value="application/json"/>
          </con:parameters>
          <con:parameterOrder>
            <con:entry>Content-Type</con:entry>
            <con:entry>Authorization</con:entry>
          </con:parameterOrder>
        </con:request>
      </con:method>
    </con:resource>