<?xml version="1.0" encoding="UTF-8"?>
<con:resource name="GetFixDepositProducts" path="/api/BankSmart/GetFixDepositProducts" id="16c4b67a-f6a0-4f56-99c1-42332c05b779" xmlns:xsi="http://www.w3.org/2001/XMLSchema-instance" xmlns:con="http://eviware.com/soapui/config">
      <con:settings><con:setting id="16c4b67a-f6a0-4f56-99c1-42332c05b779fileName">GetFixDepositProducts</con:setting></con:settings>
      <con:parameters/>
      <con:method name="GetFixDepositProducts" id="5baae4f8-d6ba-438f-a19e-3149d6134d5f" method="POST">
        <con:settings/>
        <con:parameters>
          <con:parameter>
            <con:name>Content-Type</con:name>
            <con:value>application/json</con:value>
            <con:style>HEADER</con:style>
            <con:default/>
            <con:path xsi:nil="true"/>
            <con:description xsi:nil="true"/>
          </con:parameter>
          <con:parameter>
            <con:name>Authorization</con:name>
            <con:value>Basic dmVuZG9yOS1lcmM6UEBzc3cwcmQ5</con:value>
            <con:style>HEADER</con:style>
            <con:default/>
            <con:path xsi:nil="true"/>
            <con:description xsi:nil="true"/>
          </con:parameter>
        </con:parameters>
        <con:representation type="FAULT">
          <con:mediaType>application/json; charset=utf-8</con:mediaType>
          <con:status>400</con:status>
          <con:params/>
          <con:element xmlns:get="http://10.4.128.8/api/BankSmart/GetFixDepositProducts">get:Fault</con:element>
        </con:representation>
        <con:representation type="REQUEST">
          <con:mediaType>application/json</con:mediaType>
          <con:params/>
        </con:representation>
        <con:representation type="RESPONSE">
          <con:mediaType>application/json; charset=utf-8</con:mediaType>
          <con:status>200</con:status>
          <con:params/>
          <con:element xmlns:get="http://10.4.128.8/api/BankSmart/GetFixDepositProducts">get:Response</con:element>
        </con:representation>
        <con:representation type="FAULT">
          <con:mediaType xsi:nil="true"/>
          <con:status>500</con:status>
          <con:params/>
          <con:element>data</con:element>
        </con:representation>
        <con:representation type="RESPONSE"><con:mediaType xsi:nil="true"/><con:status>0</con:status><con:params/><con:element>data</con:element></con:representation><con:representation type="FAULT"><con:mediaType>application/json</con:mediaType><con:status>400</con:status><con:params/></con:representation><con:request name="Get Fix Deposit Products" id="b5f6b9f0-06de-410f-9fb1-59847e2d1a9e" mediaType="application/json" postQueryString="false">
          <con:settings>
            <con:setting id="com.eviware.soapui.impl.wsdl.WsdlRequest@request-headers">&lt;xml-fragment/></con:setting>
          </con:settings>
          <con:endpoint>${#Project#pURL}</con:endpoint>
          <con:request>{
    "LogId": "e0ccbe1a-dfdd-4753-a4c7-acc6fb0665e3",
    "DateTime": "2019-03-06T00:00:00",
    "ChannelId": "5",
    "OurBranchId": "01"
}</con:request>
          <con:originalUri>http://https//waqfevendor.gslb.uat.eradahcapital.com/api/BankSmart/GetFixDepositProducts</con:originalUri><con:credentials>
            <con:selectedAuthProfile>Basic</con:selectedAuthProfile>
            <con:addedBasicAuthenticationTypes>Basic</con:addedBasicAuthenticationTypes>
            <con:authType>Global HTTP Settings</con:authType>
          </con:credentials>
          <con:jmsConfig JMSDeliveryMode="PERSISTENT"/>
          <con:jmsPropertyConfig/><con:parameters>
            <con:entry key="Authorization" value="Basic dmVuZG9yOS1lcmM6UEBzc3cwcmQ5"/>
            <con:entry key="Content-Type" value="application/json"/>
          </con:parameters>
          <con:parameterOrder>
            <con:entry>Content-Type</con:entry>
            <con:entry>Authorization</con:entry>
          </con:parameterOrder>
        </con:request>
      </con:method>
    </con:resource>