<?xml version="1.0" encoding="UTF-8"?>
<con:resource name="GetTransactionListCorporate" path="/api/BankSmart/GetTransactionListCorporate" id="c0951c8d-dd00-4b68-864c-88364e91d540" xmlns:xsi="http://www.w3.org/2001/XMLSchema-instance" xmlns:con="http://eviware.com/soapui/config">
      <con:settings><con:setting id="c0951c8d-dd00-4b68-864c-88364e91d540fileName">GetTransactionListCorporate</con:setting></con:settings>
      <con:parameters/>
      <con:method name="GetTransactionListCorporate" id="76851823-bd72-46cd-922e-fddb895adf85" method="POST">
        <con:settings/>
        <con:parameters>
          <con:parameter>
            <con:name>Content-Type</con:name>
            <con:value>application/json</con:value>
            <con:style>HEADER</con:style>
            <con:default/>
            <con:path xsi:nil="true"/>
            <con:description xsi:nil="true"/>
          </con:parameter>
          <con:parameter>
            <con:name>Authorization</con:name>
            <con:value>Basic dmVuZG9yOS1lcmM6UEBzc3cwcmQ5</con:value>
            <con:style>HEADER</con:style>
            <con:default/>
            <con:path xsi:nil="true"/>
            <con:description xsi:nil="true"/>
          </con:parameter>
        </con:parameters>
        <con:representation type="REQUEST">
          <con:mediaType>application/json</con:mediaType>
          <con:params/>
        </con:representation>
        <con:representation type="RESPONSE">
          <con:mediaType>application/json; charset=utf-8</con:mediaType>
          <con:status>200</con:status>
          <con:params/>
          <con:element xmlns:get="http://10.4.128.8/api/BankSmart/GetTransactionListCorporate">get:Response</con:element>
        </con:representation>
        <con:representation type="FAULT">
          <con:mediaType>application/json; charset=utf-8</con:mediaType>
          <con:status>400</con:status>
          <con:params/>
          <con:element xmlns:get="http://10.4.128.8/api/BankSmart/GetTransactionListCorporate">get:Fault</con:element>
        </con:representation>
        <con:request name="Get Transaction List Corporate" id="9f7f6a61-f6f7-4e5e-9a2b-1148d618a58f" mediaType="application/json" postQueryString="false">
          <con:settings>
            <con:setting id="com.eviware.soapui.impl.wsdl.WsdlRequest@request-headers">&lt;xml-fragment/></con:setting>
          </con:settings>
          <con:endpoint>http://${#Project#pURL}</con:endpoint>
          <con:request>{
	
     "SignOnRq":{ 
               "LogId": "e0ccbe1a-dfdd-4753-a4c7-acc6fb0665e3",
                  "DateTime":"2019-03-06T00:00:00",
                 "ChannelId":"5",
               "OurBranchId":"01"},
               	"AccountID":"0150400000003701",
              "startdate":"2018-03-06T00:00:00",
              "enddate":"2020-03-06T00:00:00"
             
}</con:request>
          <con:credentials>
            <con:selectedAuthProfile>Basic</con:selectedAuthProfile>
            <con:addedBasicAuthenticationTypes>Basic</con:addedBasicAuthenticationTypes>
            <con:authType>Global HTTP Settings</con:authType>
          </con:credentials>
          <con:jmsConfig JMSDeliveryMode="PERSISTENT"/>
          <con:parameters>
            <con:entry key="Authorization" value="Basic dmVuZG9yOS1lcmM6UEBzc3cwcmQ5"/>
            <con:entry key="Content-Type" value="application/json"/>
          </con:parameters>
          <con:parameterOrder>
            <con:entry>Content-Type</con:entry>
            <con:entry>Authorization</con:entry>
          </con:parameterOrder>
        </con:request>
      </con:method>
    </con:resource>