<?xml version="1.0" encoding="UTF-8"?>
<con:resource name="Multibranch" path="" id="c07ea8f2-8ba6-4e26-a7c1-3fb7682d565a" xmlns:xsi="http://www.w3.org/2001/XMLSchema-instance" xmlns:con="http://eviware.com/soapui/config">
      <con:settings><con:setting id="c07ea8f2-8ba6-4e26-a7c1-3fb7682d565afileName">Multibranch</con:setting></con:settings>
      <con:parameters/>
      <con:resource name="Copy of Multibranch" path="" id="26de5bf6-c7dc-430b-9d78-7d8880a44795">
        <con:settings/>
        <con:parameters/>
        <con:resource name="Multibranch" path="/api/BankSmart/Multibranch" id="acff6d8e-bdf5-406b-94e6-e36e01d42e74">
          <con:settings/>
          <con:parameters/>
          <con:method name="Multibranch" id="6285c338-e1de-4536-8282-7c2ce739fe69" method="POST">
            <con:settings/>
            <con:parameters>
              <con:parameter>
                <con:name>Content-Type</con:name>
                <con:value>application/json</con:value>
                <con:style>HEADER</con:style>
                <con:default/>
                <con:path xsi:nil="true"/>
                <con:description xsi:nil="true"/>
              </con:parameter>
              <con:parameter>
                <con:name>Authorization</con:name>
                <con:value>Basic dmVuZG9yNS1lcmM6UEBzc3cwcmQ1</con:value>
                <con:style>HEADER</con:style>
                <con:default/>
                <con:path xsi:nil="true"/>
                <con:description xsi:nil="true"/>
              </con:parameter>
            </con:parameters>
            <con:representation type="REQUEST">
              <con:mediaType>application/json</con:mediaType>
              <con:params/>
            </con:representation>
            <con:representation type="FAULT">
              <con:mediaType>application/json; charset=utf-8</con:mediaType>
              <con:status>400</con:status>
              <con:params/>
              <con:element xmlns:tran="http://waqfedev.northeurope.cloudapp.azure.com/api/BankSmart/transfer">tran:Fault</con:element>
            </con:representation>
            <con:representation type="RESPONSE">
              <con:mediaType>application/json; charset=utf-8</con:mediaType>
              <con:status>200</con:status>
              <con:params/>
              <con:element xmlns:tran="http://waqfedev.northeurope.cloudapp.azure.com/api/BankSmart/transfer">tran:Response</con:element>
            </con:representation>
            <con:representation type="FAULT">
              <con:mediaType>application/json</con:mediaType>
              <con:status>400</con:status>
              <con:params/>
              <con:element xmlns:tran="http://waqfedev.northeurope.cloudapp.azure.com/api/BankSmart/transfer">tran:Fault</con:element>
            </con:representation>
            <con:request name="Multibranch" id="9f92a562-d89d-4b06-b7d2-4dc66f1d635a" mediaType="application/json" postQueryString="false">
              <con:settings>
                <con:setting id="com.eviware.soapui.impl.wsdl.WsdlRequest@request-headers">&lt;xml-fragment/></con:setting>
              </con:settings>
              <con:endpoint>${#Project#pURL}</con:endpoint>
              <con:request>{
    "SignOnRq": {
        "LogId": "${=java.util.UUID.randomUUID()}",
        "DateTime": "2020-03-07T00:00:00",
        "ChannelId": "9",
        "OurBranchId": "01"
    },
    "ChannelRefId": "8675384758394788",
    "TransferEntries": [
        {
            "branchID": "03",
            "AccountId": "1010110001784",
            "AccountType": "G",
            "EntryType": "D",
            "CurrencyID": "AED",
            "Amount": 100,
            "ExchangeRate": 1,
            "CoverRate": 1,
            "LocalEq": 100,
            "NarrationId": "200010",
            "Memo": "incoming domestic transfer from Account ID:1010110001784",
            "valueDate": "",
            "chequeID": "",
            "chequeDate": ""
        },
        {
            "BranchID": "03",
            "AccountId": "0310100022110101",
            "AccountType": "C",
            "EntryType": "C",
            "CurrencyID": "AED",
            "Amount": 100,
            "ExchangeRate": 1,
            "CoverRate": 1,
            "LocalEq": 100,
            "NarrationId": "100010",
            "Memo": "incoming domestic transfer to Account ID:0310100022110101 ",
            "valueDate": "",
            "chequeID": "",
            "chequeDate": ""
        }
    ]
}</con:request>
              <con:originalUri>http://waqfedev.northeurope.cloudapp.azure.com/api/BankSmart/transfer</con:originalUri>
              <con:credentials>
                <con:username>vendor9-erc</con:username>
                <con:password>P@ssw0rd9</con:password>
                <con:selectedAuthProfile>Basic</con:selectedAuthProfile>
                <con:preemptive>true</con:preemptive>
                <con:addedBasicAuthenticationTypes>Basic</con:addedBasicAuthenticationTypes>
                <con:authType>Preemptive</con:authType>
              </con:credentials>
              <con:jmsConfig JMSDeliveryMode="PERSISTENT"/>
              <con:parameters>
                <con:entry key="Authorization" value="Basic dmVuZG9yNS1lcmM6UEBzc3cwcmQ1"/>
                <con:entry key="Content-Type" value="application/json"/>
              </con:parameters>
              <con:parameterOrder>
                <con:entry>Content-Type</con:entry>
                <con:entry>Authorization</con:entry>
              </con:parameterOrder>
            </con:request>
          </con:method>
        </con:resource>
      </con:resource>
    </con:resource>