<?xml version="1.0" encoding="UTF-8"?>
<con:resource name="OpenFixDeposit" path="/api/BankSmart/OpenFixDeposit" id="a2e239fd-4703-4d1d-bde5-12b315479d0b" xmlns:xsi="http://www.w3.org/2001/XMLSchema-instance" xmlns:con="http://eviware.com/soapui/config">
      <con:settings><con:setting id="a2e239fd-4703-4d1d-bde5-12b315479d0bfileName">OpenFixDeposit</con:setting></con:settings>
      <con:parameters/>
      <con:method name="OpenFixDeposit" id="27437237-ab58-4ef5-81a6-80df099b83a0" method="POST">
        <con:settings/>
        <con:parameters>
          <con:parameter>
            <con:name>Content-Type</con:name>
            <con:value>application/json</con:value>
            <con:style>HEADER</con:style>
            <con:default/>
            <con:path xsi:nil="true"/>
            <con:description xsi:nil="true"/>
          </con:parameter>
          <con:parameter>
            <con:name>Authorization</con:name>
            <con:value>Basic dmVuZG9yOS1lcmM6UEBzc3cwcmQ5</con:value>
            <con:style>HEADER</con:style>
            <con:default/>
            <con:path xsi:nil="true"/>
            <con:description xsi:nil="true"/>
          </con:parameter>
        </con:parameters>
        <con:representation type="FAULT">
          <con:mediaType>application/json; charset=utf-8</con:mediaType>
          <con:status>400</con:status>
          <con:params/>
          <con:element xmlns:open="http://10.4.128.8/api/BankSmart/OpenFixDeposit">open:Fault</con:element>
        </con:representation>
        <con:representation type="REQUEST">
          <con:mediaType>application/json</con:mediaType>
          <con:params/>
        </con:representation>
        <con:representation type="RESPONSE">
          <con:mediaType>application/json; charset=utf-8</con:mediaType>
          <con:status>200</con:status>
          <con:params/>
          <con:element xmlns:open="http://10.4.128.8/api/BankSmart/OpenFixDeposit">open:Response</con:element>
        </con:representation>
        <con:request name="Open Fix Deposit" id="f29bff09-f748-4615-b26f-87e1c5123862" mediaType="application/json" postQueryString="false">
          <con:settings>
            <con:setting id="com.eviware.soapui.impl.wsdl.WsdlRequest@request-headers">&lt;xml-fragment/></con:setting>
          </con:settings>
          <con:endpoint>http://${#Project#pURL}</con:endpoint>
          <con:request>{\r
	"SignOnRq": {\r
		"LogId": "e0ccbe1a-dfdd-4753-a4c7-acc6fb0665e3",\r
		"DateTime": "2019-03-06T00:00:00",\r
		"ChannelId": "5",\r
		"OurBranchId": "01"\r
	},\r
	"NoOfIssues":2,\r
	"TDRIssuance": {\r
		"ProductID": "TDR7D",\r
		"AccountID": "0102400000001801",\r
		"NAccount": "0100200000001801",\r
		"Amount": 20,\r
		"ExchangeRate": 1,\r
		"IssueDate": "2019-03-06T00:00:00",\r
		"StartDate": "2019-03-06T00:00:00",\r
		"MaturityDate": "2019-03-06T00:00:00",\r
		"Rate": 1,\r
		"AutoProfit": "Yes",\r
		"Monthly": "1",\r
		"Treatment": "Encashment",\r
		"PaymentPeriod":"Monthly",\r
		"AutoRollover": "Yes",\r
		"OptionsAtMaturity": "Principal Plus Profit Encashment"\r
	}\r
}</con:request>
          <con:credentials>
            <con:selectedAuthProfile>Basic</con:selectedAuthProfile>
            <con:addedBasicAuthenticationTypes>Basic</con:addedBasicAuthenticationTypes>
            <con:authType>Global HTTP Settings</con:authType>
          </con:credentials>
          <con:jmsConfig JMSDeliveryMode="PERSISTENT"/>
          <con:parameters>
            <con:entry key="Authorization" value="Basic dmVuZG9yOS1lcmM6UEBzc3cwcmQ5"/>
            <con:entry key="Content-Type" value="application/json"/>
          </con:parameters>
          <con:parameterOrder>
            <con:entry>Content-Type</con:entry>
            <con:entry>Authorization</con:entry>
          </con:parameterOrder>
        </con:request>
      </con:method>
    </con:resource>