<?xml version="1.0" encoding="UTF-8"?>
<con:resource name="OpenFDAccount" path="" id="141d7557-02ac-4fc1-ae73-e3269804e4b9" xmlns:xsi="http://www.w3.org/2001/XMLSchema-instance" xmlns:con="http://eviware.com/soapui/config">
      <con:settings><con:setting id="141d7557-02ac-4fc1-ae73-e3269804e4b9fileName">OpenFDAccount</con:setting></con:settings>
      <con:parameters/>
      <con:resource name="Copy of OpenFDAccount" path="/api/BankSmart/OpenFDAccount" id="f5326a55-30c1-43a0-bac0-51cc4c1ec5f9">
        <con:settings/>
        <con:parameters/>
        <con:method name="OpenFDAccount" id="35716d01-1560-4aff-952b-96bcbdda14fc" method="POST">
          <con:settings/>
          <con:parameters>
            <con:parameter>
              <con:name>Content-Type</con:name>
              <con:value>application/json</con:value>
              <con:style>HEADER</con:style>
              <con:default/>
              <con:path xsi:nil="true"/>
              <con:description xsi:nil="true"/>
            </con:parameter>
            <con:parameter>
              <con:name>Authorization</con:name>
              <con:value>Basic dmVuZG9yOS1lcmM6UEBzc3cwcmQ5</con:value>
              <con:style>HEADER</con:style>
              <con:default/>
              <con:path xsi:nil="true"/>
              <con:description xsi:nil="true"/>
            </con:parameter>
          </con:parameters>
          <con:representation type="REQUEST">
            <con:mediaType>application/json</con:mediaType>
            <con:params/>
          </con:representation>
          <con:representation type="FAULT">
            <con:mediaType>application/json; charset=utf-8</con:mediaType>
            <con:status>400</con:status>
            <con:params/>
            <con:element xmlns:open="http://10.4.128.8/api/BankSmart/OpenFDAccount">open:Fault</con:element>
          </con:representation>
          <con:representation type="RESPONSE">
            <con:mediaType>application/json; charset=utf-8</con:mediaType>
            <con:status>200</con:status>
            <con:params/>
            <con:element xmlns:open="http://10.4.128.8/api/BankSmart/OpenFDAccount">open:Response</con:element>
          </con:representation>
          <con:request name="Open FD Account" id="41fe8948-e550-447f-838a-5e903c3b0480" mediaType="application/json" postQueryString="false">
            <con:settings>
              <con:setting id="com.eviware.soapui.impl.wsdl.WsdlRequest@request-headers">&lt;xml-fragment/></con:setting>
            </con:settings>
            <con:endpoint>http://${#Project#pURL}</con:endpoint>
            <con:request>{
"SignOnRq":{
    "LogId": "e0ccbe1a-dfdd-4753-a4c7-acc6fb0665e3",
    "DateTime": "2019-03-06T00:00:00",
    "ChannelId": "10",
    "OurBranchId": "01"
},
"ClientID":"000009293",
"ProductID":"TDR1Y"
}</con:request>
            <con:originalUri>http://10.4.128.8/api/BankSmart/OpenFDAccount</con:originalUri>
            <con:credentials>
              <con:username>vendor10-erc</con:username>
              <con:password>P@ssw0rd10</con:password>
              <con:selectedAuthProfile>Basic</con:selectedAuthProfile>
              <con:preemptive>true</con:preemptive>
              <con:addedBasicAuthenticationTypes>Basic</con:addedBasicAuthenticationTypes>
              <con:authType>Preemptive</con:authType>
            </con:credentials>
            <con:jmsConfig JMSDeliveryMode="PERSISTENT"/>
            <con:parameters>
              <con:entry key="Authorization" value="Basic dmVuZG9yOS1lcmM6UEBzc3cwcmQ5"/>
              <con:entry key="Content-Type" value="application/json"/>
            </con:parameters>
            <con:parameterOrder>
              <con:entry>Content-Type</con:entry>
              <con:entry>Authorization</con:entry>
            </con:parameterOrder>
          </con:request>
        </con:method>
      </con:resource>
    </con:resource>