<?xml version="1.0" encoding="UTF-8"?>
<con:resource name="SingleDebitSingleCredit" path="/api/ECSFin/singleDebitSingleCredit" id="049c6431-a2c2-441e-a83d-a5ae8248aa5d" xmlns:xsi="http://www.w3.org/2001/XMLSchema-instance" xmlns:con="http://eviware.com/soapui/config">
      <con:settings><con:setting id="049c6431-a2c2-441e-a83d-a5ae8248aa5dfileName">SingleDebitSingleCredit</con:setting></con:settings>
      <con:parameters/>
      <con:method name="SingleDebitSingleCredit" id="3a895299-6081-49d2-81d5-0f58d2310c42" method="POST">
        <con:settings/>
        <con:parameters>
          <con:parameter>
            <con:name>Content-Type</con:name>
            <con:value>application/json</con:value>
            <con:style>HEADER</con:style>
            <con:default/>
            <con:path xsi:nil="true"/>
            <con:description xsi:nil="true"/>
          </con:parameter>
          <con:parameter>
            <con:name>Authorization</con:name>
            <con:value>Basic Og==</con:value>
            <con:style>HEADER</con:style>
            <con:default>Basic Og==</con:default>
            <con:path xsi:nil="true"/>
            <con:description xsi:nil="true"/>
          </con:parameter>
          <con:parameter>
            <con:name>CHANNEL_ID</con:name>
            <con:value>WAQFE_TO_IMS</con:value>
            <con:style>HEADER</con:style>
            <con:default/>
            <con:path xsi:nil="true"/>
            <con:description xsi:nil="true"/>
          </con:parameter>
        </con:parameters>
        <con:representation type="FAULT">
          <con:mediaType xsi:nil="true"/>
          <con:status>401</con:status>
          <con:params/>
          <con:element>data</con:element>
        </con:representation>
        <con:representation type="REQUEST">
          <con:mediaType>application/json</con:mediaType>
          <con:params/>
        </con:representation>
        <con:representation type="RESPONSE">
          <con:mediaType>application/json; charset=utf-8</con:mediaType>
          <con:status>200</con:status>
          <con:params/>
          <con:element xmlns:sin="http://10.4.128.8/api/ECSFin/singleDebitSingleCredit">sin:Response</con:element>
        </con:representation>
        <con:representation type="FAULT">
          <con:mediaType>application/json; charset=utf-8</con:mediaType>
          <con:status>400</con:status>
          <con:params/>
          <con:element xmlns:sin="http://10.4.128.8/api/ECSFin/singleDebitSingleCredit">sin:Fault</con:element>
        </con:representation>
        <con:request name="single Debit Single Credit inter" id="858898a4-932c-4d52-9ef8-39fa1ce3920e" mediaType="application/json" postQueryString="false">
          <con:settings>
            <con:setting id="com.eviware.soapui.impl.wsdl.WsdlRequest@request-headers">&lt;xml-fragment/></con:setting>
          </con:settings>
          <con:endpoint>http://${#Project#pURL}</con:endpoint>
          <con:request>{
    "SignOnRq": {
        "LogId": "e0ccbe1a-dfdd-4753-a4c7-acc6fb0665e3",
        "DateTime": "2019-03-06T00:00:00",
        "ChannelId": "10",
        "OurBranchId": "01"
    },
    "RootObject": {
        "dataHeader": {
            "uniqueId": "1031903250000112",
            "timestamp": "2019-09-05T05:45:28.003+0000"
        },
        "data": {
            "channelInfo": "MOBILE",
            "valueDate": "2019-09-05",
            "segmentType": "Retail",
            "paymentChannel": "INTER",
            "reference": "R-38523250444444",
            "transactionTypeCode": "OAT",
            "totalInstrAmount": "1000.00",
            "totalSettledAmount": "10000.00",
            "remarks": "FOR INVOICE NO. #906745",
            "debitReference": "EIM001",
            "sendersCharges": "2.00",
            "orderCust": {
                "amt": "1000.00",
                "cur": "AED",
                "type": "1001/",
                "cifNumber": "000014416",
                "bankCode": "ABNAAEAE",
                "accNo": "0150100001441601",
                "iban": "AE050900150100001441601",
                "phone": "9076532156",
                "email": "Amar003@hotmail.com",
                "name": "Amar",
                "addr": " 111 MAIN TOWN UAE"
            },
            "benef": {
                "txnRef": "R-38523250444444",
                "cifNumber": "200003426",
                "exchangeRate": "1",
                "settlementCurrency": "AED",
                "settledAmount": "10000.00",
                "mode": "INTER",
                "cur": "AED",
                "country": "AE",
                "bankcountry": "AE",
                "bankCode": "EBOK",
                "accNo": "0959024729001",
                "bankBic": "ABNAAEAE",
                "iban": "/AE850260000959024729001",
                "chargeBearer": "BEN",
                "name": "JOHN DOE",
                "addr": "456 St Anytown UAE",
                "bankName": "EARDAH CAPITAL",
                "phone": "8787418702",
                "bankAddr": "111 MAIN TOWN UAE",
                "remarks": "FOR INVOICE NO. #906745"
            }
        }
    }
}</con:request>
          <con:originalUri>http://10.4.128.8/api/ECSFin/singleDebitSingleCredit</con:originalUri>
          <con:credentials>
            <con:username>vendor10-erc</con:username>
            <con:password>P@ssw0rd10</con:password>
            <con:selectedAuthProfile>Basic</con:selectedAuthProfile>
            <con:preemptive>true</con:preemptive>
            <con:addedBasicAuthenticationTypes>Basic</con:addedBasicAuthenticationTypes>
            <con:authType>Preemptive</con:authType>
          </con:credentials>
          <con:jmsConfig JMSDeliveryMode="PERSISTENT"/>
          <con:parameters>
            <con:entry key="Authorization" value="Basic Og=="/>
            <con:entry key="CHANNEL_ID" value="WAQFE_TO_IMS"/>
            <con:entry key="Content-Type" value="application/json"/>
          </con:parameters>
          <con:parameterOrder>
            <con:entry>Content-Type</con:entry>
            <con:entry>Authorization</con:entry>
            <con:entry>CHANNEL_ID</con:entry>
          </con:parameterOrder>
        </con:request>
      </con:method>
      <con:method name="SingleDebitSingleCredit 2" id="2a3a7a80-b234-4d3f-8e69-7e0208e3498e" method="POST">
        <con:settings/>
        <con:parameters>
          <con:parameter>
            <con:name>Content-Type</con:name>
            <con:value>application/json</con:value>
            <con:style>HEADER</con:style>
            <con:default/>
            <con:path xsi:nil="true"/>
            <con:description xsi:nil="true"/>
          </con:parameter>
          <con:parameter>
            <con:name>Authorization</con:name>
            <con:value>Basic Og==</con:value>
            <con:style>HEADER</con:style>
            <con:default>Basic Og==</con:default>
            <con:path xsi:nil="true"/>
            <con:description xsi:nil="true"/>
          </con:parameter>
        </con:parameters>
        <con:representation type="FAULT">
          <con:mediaType>text/html; charset=us-ascii</con:mediaType>
          <con:status>400</con:status>
          <con:params/>
          <con:element>html</con:element>
        </con:representation>
        <con:representation type="REQUEST">
          <con:mediaType>application/json</con:mediaType>
          <con:params/>
        </con:representation>
        <con:representation type="RESPONSE">
          <con:mediaType>application/json; charset=utf-8</con:mediaType>
          <con:status>200</con:status>
          <con:params/>
          <con:element xmlns:sin="http://10.4.128.8/api/ECSFin/singleDebitSingleCredit">sin:Response</con:element>
        </con:representation>
        <con:representation type="FAULT">
          <con:mediaType>application/json; charset=utf-8</con:mediaType>
          <con:status>400</con:status>
          <con:params/>
          <con:element xmlns:sin="http://10.4.128.8/api/ECSFin/singleDebitSingleCredit">sin:Fault</con:element>
        </con:representation>
        <con:representation type="FAULT">
          <con:mediaType>application/json</con:mediaType>
          <con:status>400 401</con:status>
          <con:params/>
          <con:element xmlns:sin="http://10.4.128.8/api/ECSFin/singleDebitSingleCredit">sin:Fault</con:element>
        </con:representation>
        <con:request name="single Debit Single Credit Intra" id="7adc01a9-ab18-41b7-99e3-5f5aa61d63de" mediaType="application/json" postQueryString="false">
          <con:settings>
            <con:setting id="com.eviware.soapui.impl.wsdl.WsdlRequest@request-headers">&lt;xml-fragment/></con:setting>
          </con:settings>
          <con:endpoint>http://${#Project#pURL}</con:endpoint>
          <con:request>{
 "SignOnRq": {
  "LogId": "e0ccbe1a-dfdd-4753-a4c7-acc6fb0665e3",
  "DateTime": "2019-09-05T00:00:00",
  "ChannelId": "10",
  "OurBranchId": "01"
 },
 "RootObject":{
  "dataHeader": {
        "uniqueId": "7809457821456035",
        "timestamp": "2019-09-05T10:45:28.003+0000"
    },
    "data": {
        "channelInfo": "WEB",
        "valueDate": "2019-09-05",
        "segmentType": "CORP",
        "paymentChannel": "INTRA",
        "reference": "1038523250453236",
        "remarks": "TEST REMARKS!!!",
        "orderCust": {
            "amt": "100.00",
            "cur": "AED",
            "cifNumber": "000014416",
            "accNo": "0150100001441601"
        },
        "benef": {
            "txnRef": "1038523250453236",
            "cifNumber": "",
            "exchangeRate": "1",
            "settlementCurrency": "AED",
            "settledAmount": "100.00",
            "mode": "INTRA",
            "cur": "AED",
            "accNo": "0100200000051901",
            "remarks": "FOR INVOICE NO. #906745"
        }
    }
 }
}</con:request>
          <con:originalUri>http://10.4.128.8/api/ECSFin/singleDebitSingleCredit</con:originalUri>
          <con:credentials>
            <con:username>vendor10-erc</con:username>
            <con:password>P@ssw0rd10</con:password>
            <con:selectedAuthProfile>Basic</con:selectedAuthProfile>
            <con:preemptive>true</con:preemptive>
            <con:addedBasicAuthenticationTypes>Basic</con:addedBasicAuthenticationTypes>
            <con:authType>Preemptive</con:authType>
          </con:credentials>
          <con:jmsConfig JMSDeliveryMode="PERSISTENT"/>
          <con:parameters>
            <con:entry key="Authorization" value="Basic Og=="/>
            <con:entry key="Content-Type" value="application/json"/>
          </con:parameters>
          <con:parameterOrder>
            <con:entry>Content-Type</con:entry>
            <con:entry>Authorization</con:entry>
          </con:parameterOrder>
        </con:request>
      </con:method>
    </con:resource>