<?xml version="1.0" encoding="UTF-8"?>
<con:resource name="transfer" path="" id="1fd4d2ce-ff6a-49b8-a54e-6840568e33aa" xmlns:xsi="http://www.w3.org/2001/XMLSchema-instance" xmlns:con="http://eviware.com/soapui/config">
      <con:settings><con:setting id="1fd4d2ce-ff6a-49b8-a54e-6840568e33aafileName">transfer</con:setting></con:settings>
      <con:parameters/>
      <con:resource name="Copy of Transfer" path="/api/BankSmart/transfer" id="acff6d8e-bdf5-406b-94e6-e36e01d42e74">
        <con:settings/>
        <con:parameters/>
        <con:method name="Transfer" id="6285c338-e1de-4536-8282-7c2ce739fe69" method="POST">
          <con:settings/>
          <con:parameters>
            <con:parameter>
              <con:name>Content-Type</con:name>
              <con:value>application/json</con:value>
              <con:style>HEADER</con:style>
              <con:default/>
              <con:path xsi:nil="true"/>
              <con:description xsi:nil="true"/>
            </con:parameter>
            <con:parameter>
              <con:name>Authorization</con:name>
              <con:value>Basic dmVuZG9yNS1lcmM6UEBzc3cwcmQ1</con:value>
              <con:style>HEADER</con:style>
              <con:default/>
              <con:path xsi:nil="true"/>
              <con:description xsi:nil="true"/>
            </con:parameter>
          </con:parameters>
          <con:representation type="REQUEST">
            <con:mediaType>application/json</con:mediaType>
            <con:params/>
          </con:representation>
          <con:representation type="FAULT">
            <con:mediaType>application/json; charset=utf-8</con:mediaType>
            <con:status>400</con:status>
            <con:params/>
            <con:element xmlns:tran="http://waqfedev.northeurope.cloudapp.azure.com/api/BankSmart/transfer">tran:Fault</con:element>
          </con:representation>
          <con:representation type="RESPONSE">
            <con:mediaType>application/json; charset=utf-8</con:mediaType>
            <con:status>200</con:status>
            <con:params/>
            <con:element xmlns:tran="http://waqfedev.northeurope.cloudapp.azure.com/api/BankSmart/transfer">tran:Response</con:element>
          </con:representation>
          <con:request name="Local Transfer" id="9f92a562-d89d-4b06-b7d2-4dc66f1d635a" mediaType="application/json" postQueryString="false">
            <con:settings>
              <con:setting id="com.eviware.soapui.impl.wsdl.WsdlRequest@request-headers">&lt;xml-fragment/></con:setting>
            </con:settings>
            <con:endpoint>http://${#Project#pURL}</con:endpoint>
            <con:request>{
    "SignOnRq": {
        "LogId": "e0ccbe1a-dfdd-4753-a4c7-acc6fb0665e3",
        "DateTime": "2019-10-01T00:00:00",
        "ChannelId": "1",
        "OurBranchId": "01"
    },
    "ChannelRefId": "101010",
    "TransferEntries": [
        {
            "AccountId": "1010101001",
            "AccountType": "G",
            "EntryType": "D",
            "CurrencyID": "AED",
            "Amount": 50000,
            "ExchangeRate": 1,
            "LocalEq": 50000,
            "NarrationId": "103",
            "Memo": "Test"
        },
        {
            "AccountId": "0150100001875301",
            "AccountType": "C",
            "EntryType": "C",
            "CurrencyID": "AED",
            "Amount": 50000,
            "ExchangeRate": 1,
            "LocalEq": 50000,
            "NarrationId": "102",
            "Memo": "Test"
        }
    ]
}</con:request>
            <con:originalUri>http://waqfedev.northeurope.cloudapp.azure.com/api/BankSmart/transfer</con:originalUri>
            <con:credentials>
              <con:username>vendor1-erc</con:username>
              <con:password>Lkjh123!@#</con:password>
              <con:selectedAuthProfile>Basic</con:selectedAuthProfile>
              <con:preemptive>true</con:preemptive>
              <con:addedBasicAuthenticationTypes>Basic</con:addedBasicAuthenticationTypes>
              <con:authType>Preemptive</con:authType>
            </con:credentials>
            <con:jmsConfig JMSDeliveryMode="PERSISTENT"/>
            <con:parameters>
              <con:entry key="Authorization" value="Basic dmVuZG9yNS1lcmM6UEBzc3cwcmQ1"/>
              <con:entry key="Content-Type" value="application/json"/>
            </con:parameters>
            <con:parameterOrder>
              <con:entry>Content-Type</con:entry>
              <con:entry>Authorization</con:entry>
            </con:parameterOrder>
          </con:request>
        </con:method>
      </con:resource>
    </con:resource>