<?xml version="1.0" encoding="UTF-8"?>
<con:resource name="UpdateAccountStatus" path="/api/BankSmart/UpdateAccountStatus" id="146ce774-c213-49eb-af00-a8e85c32955a" xmlns:xsi="http://www.w3.org/2001/XMLSchema-instance" xmlns:con="http://eviware.com/soapui/config">
      <con:settings><con:setting id="146ce774-c213-49eb-af00-a8e85c32955afileName">UpdateAccountStatus</con:setting></con:settings>
      <con:parameters/>
      <con:method name="UpdateAccountStatus" id="50107c0f-27ee-4c24-af3a-d50ba5c23a7a" method="POST">
        <con:settings/>
        <con:parameters>
          <con:parameter>
            <con:name>Content-Type</con:name>
            <con:value>application/json</con:value>
            <con:style>HEADER</con:style>
            <con:default/>
            <con:path xsi:nil="true"/>
            <con:description xsi:nil="true"/>
          </con:parameter>
          <con:parameter>
            <con:name>Authorization</con:name>
            <con:value>Basic dmVuZG9yNS1lcmM6UEBzc3cwcmQ1</con:value>
            <con:style>HEADER</con:style>
            <con:default/>
            <con:path xsi:nil="true"/>
            <con:description xsi:nil="true"/>
          </con:parameter>
        </con:parameters>
        <con:representation type="RESPONSE">
          <con:mediaType>application/json; charset=utf-8</con:mediaType>
          <con:status>200</con:status>
          <con:params/>
          <con:element xmlns:upd="http://10.4.128.8/api/BankSmart/UpdateAccountStatus">upd:Response</con:element>
        </con:representation>
        <con:representation type="REQUEST">
          <con:mediaType>application/json</con:mediaType>
          <con:params/>
        </con:representation>
        <con:representation type="FAULT">
          <con:mediaType>application/json; charset=utf-8</con:mediaType>
          <con:status>400</con:status>
          <con:params/>
          <con:element xmlns:upd="http://10.4.128.8/api/BankSmart/UpdateAccountStatus">upd:Fault</con:element>
        </con:representation>
        <con:representation type="FAULT">
          <con:mediaType>text/html;charset=utf-8</con:mediaType>
          <con:status>403</con:status>
          <con:params/>
          <con:element>html</con:element>
        </con:representation>
        <con:request name="Activate Account" id="811fa04a-efaa-4e33-b850-5fb0f30e1cef" mediaType="application/json" postQueryString="false">
          <con:settings>
            <con:setting id="com.eviware.soapui.impl.wsdl.WsdlRequest@request-headers">&lt;xml-fragment/></con:setting>
          </con:settings>
          <con:endpoint>http://${#Project#pURL}</con:endpoint>
          <con:request>{\r
                 "signOnRq":{ \r
                "LogId": "e0ccbe1a-dfdd-4753-a4c7-acc6fb0665e3",\r
                  "DateTime":"2019-03-06T00:00:00",\r
                  "ChannelId":"1",\r
                 "OurBranchId":"01"},\r
				"AccountID":"0130000000000302",\r
				"Status":""\r
     }\r
     \r</con:request>
          <con:credentials>
            <con:selectedAuthProfile>Basic</con:selectedAuthProfile>
            <con:addedBasicAuthenticationTypes>Basic</con:addedBasicAuthenticationTypes>
            <con:authType>Global HTTP Settings</con:authType>
          </con:credentials>
          <con:jmsConfig JMSDeliveryMode="PERSISTENT"/>
          <con:parameters>
            <con:entry key="Authorization" value="Basic dmVuZG9yNS1lcmM6UEBzc3cwcmQ1"/>
            <con:entry key="Content-Type" value="application/json"/>
          </con:parameters>
          <con:parameterOrder>
            <con:entry>Content-Type</con:entry>
            <con:entry>Authorization</con:entry>
          </con:parameterOrder>
        </con:request>
      </con:method>
    </con:resource>