<?xml version="1.0" encoding="UTF-8"?>
<con:resource name="UpdateCifStatus" path="/api/BankSmart/UpdateCifStatus" id="2adc8636-464f-4714-bf5b-bc18417425af" xmlns:xsi="http://www.w3.org/2001/XMLSchema-instance" xmlns:con="http://eviware.com/soapui/config"><con:settings><con:setting id="2adc8636-464f-4714-bf5b-bc18417425affileName">UpdateCifStatus</con:setting></con:settings><con:parameters/><con:method name="Method 1" id="67ec6d38-7dac-4924-a840-3054d3746792" method="POST"><con:settings/><con:parameters><con:parameter required="true"><con:name>Content-Type</con:name><con:value/><con:style>HEADER</con:style><con:default/></con:parameter><con:parameter required="true"><con:name>Authorization</con:name><con:value/><con:style>HEADER</con:style><con:default/></con:parameter></con:parameters><con:representation type="RESPONSE"><con:mediaType>application/json; charset=utf-8</con:mediaType><con:status>200</con:status><con:params/><con:element xmlns:upd="https://waqfevendor.gslb.uat.eradahcapital.com/api/BankSmart/UpdateCifStatus">upd:Response</con:element></con:representation><con:representation type="REQUEST"><con:mediaType>application/json</con:mediaType><con:params/></con:representation><con:representation type="RESPONSE"><con:mediaType xsi:nil="true"/><con:status>0</con:status><con:params/><con:element>data</con:element></con:representation><con:request name="Request 1" id="50e0a85b-bb59-4399-b429-48e9a3e7faad" mediaType="application/json" postQueryString="false"><con:settings><con:setting id="com.eviware.soapui.impl.wsdl.WsdlRequest@request-headers">&lt;xml-fragment/></con:setting></con:settings><con:endpoint>http://${#Project#url}</con:endpoint><con:request>{
  "signOnRq": {
    "logId": "string",
    "dateTime": "2021-11-30T11:00:13.125Z",
    "channelId": "string",
    "ourBranchId": "string"
  },
  "clientId": "string",
  "status": "string"
}</con:request><con:credentials><con:selectedAuthProfile>No Authorization</con:selectedAuthProfile><con:authType>No Authorization</con:authType></con:credentials><con:jmsConfig JMSDeliveryMode="PERSISTENT"/><con:parameters><con:entry key="Content-Type" value="application/json"/></con:parameters><con:parameterOrder><con:entry>Content-Type</con:entry><con:entry>Authorization</con:entry></con:parameterOrder></con:request></con:method></con:resource>