<?xml version="1.0" encoding="UTF-8"?>
<con:resource name="ValidateSingleDebitSingleCredit" path="/api/ECSFin/validateSingleDebitSingleCredit" id="cf1ee780-6b3d-421b-bd46-cf348ebfc807" xmlns:xsi="http://www.w3.org/2001/XMLSchema-instance" xmlns:con="http://eviware.com/soapui/config">
      <con:settings><con:setting id="cf1ee780-6b3d-421b-bd46-cf348ebfc807fileName">ValidateSingleDebitSingleCredit</con:setting></con:settings>
      <con:parameters/>
      <con:method name="ValidateSingleDebitSingleCredit" id="e52349df-d7a0-43ff-bb95-3cbc28c767f3" method="POST">
        <con:settings/>
        <con:parameters>
          <con:parameter>
            <con:name>Content-Type</con:name>
            <con:value>application/json</con:value>
            <con:style>HEADER</con:style>
            <con:default/>
            <con:path xsi:nil="true"/>
            <con:description xsi:nil="true"/>
          </con:parameter>
          <con:parameter>
            <con:name>Authorization</con:name>
            <con:value>Basic Og==</con:value>
            <con:style>HEADER</con:style>
            <con:default>Basic Og==</con:default>
            <con:path xsi:nil="true"/>
            <con:description xsi:nil="true"/>
          </con:parameter>
        </con:parameters>
        <con:representation type="FAULT">
          <con:mediaType>text/html; charset=us-ascii</con:mediaType>
          <con:status>400</con:status>
          <con:params/>
          <con:element>html</con:element>
        </con:representation>
        <con:representation type="REQUEST">
          <con:mediaType>application/json</con:mediaType>
          <con:params/>
        </con:representation>
        <con:representation type="RESPONSE">
          <con:mediaType>application/json; charset=utf-8</con:mediaType>
          <con:status>200</con:status>
          <con:params/>
          <con:element xmlns:val="http://10.4.128.8/api/ECSFin/validateSingleDebitSingleCredit">val:Response</con:element>
        </con:representation>
        <con:representation type="FAULT">
          <con:mediaType>application/json; charset=utf-8</con:mediaType>
          <con:status>400</con:status>
          <con:params/>
          <con:element xmlns:val="http://10.4.128.8/api/ECSFin/validateSingleDebitSingleCredit">val:Fault</con:element>
        </con:representation>
        <con:representation type="FAULT">
          <con:mediaType>application/json</con:mediaType>
          <con:status>400</con:status>
          <con:params/>
          <con:element xmlns:val="http://10.4.128.8/api/ECSFin/validateSingleDebitSingleCredit">val:Fault</con:element>
        </con:representation>
        <con:request name="validate Single Debit Single Credit Intra" id="04cba670-9083-4469-b114-ddd53a955ee7" mediaType="application/json" postQueryString="false">
          <con:settings>
            <con:setting id="com.eviware.soapui.impl.wsdl.WsdlRequest@request-headers"><![CDATA[<xml-fragment xmlns:con="http://eviware.com/soapui/config">
  <con:entry key="Server" value="Microsoft-IIS/10.0"/>
  <con:entry key="Content-Length" value="301"/>
  <con:entry key="Date" value="Thu, 05 Sep 2019 05:50:33 GMT"/>
  <con:entry key="Content-Type" value="application/json; charset=utf-8"/>
</xml-fragment>]]></con:setting>
          </con:settings>
          <con:endpoint>http://10.4.128.8:2181</con:endpoint>
          <con:request>{
 "SignOnRq": {
  "LogId": "e0ccbe1a-dfdd-4753-a4c7-acc6fb0665e3",
  "DateTime": "2019-09-05T00:00:00",
  "ChannelId": "10",
  "OurBranchId": "01"
 },
 "RootObject":{
  "dataHeader": {
        "uniqueId": "7809457821456035",
        "timestamp": "2019-09-05T10:45:28.003+0000"
    },
    "data": {
        "channelInfo": "WEB",
        "valueDate": "2019-09-05",
        "segmentType": "CORP",
        "paymentChannel": "INTRA",
        "reference": "1038523250453236",
        "remarks": "TEST REMARKS!!!",
        "orderCust": {
            "amt": "100.00",
            "cur": "AED",
            "cifNumber": "000014416",
            "accNo": "0150100001441601"
        },
        "benef": {
            "txnRef": "1038523250453236",
            "cifNumber": "",
            "exchangeRate": "1",
            "settlementCurrency": "AED",
            "settledAmount": "100.00",
            "mode": "INTRA",
            "cur": "AED",
            "iban": "AE250900100200000083602",
            
            "remarks": "FOR INVOICE NO. #906745"
        }
    }
 }
}</con:request>
          <con:originalUri>http://10.4.128.8/api/ECSFin/validateSingleDebitSingleCredit</con:originalUri>
          <con:credentials>
            <con:username>vendor10-erc</con:username>
            <con:password>P@ssw0rd10</con:password>
            <con:selectedAuthProfile>Basic</con:selectedAuthProfile>
            <con:preemptive>true</con:preemptive>
            <con:addedBasicAuthenticationTypes>Basic</con:addedBasicAuthenticationTypes>
            <con:authType>Preemptive</con:authType>
          </con:credentials>
          <con:jmsConfig JMSDeliveryMode="PERSISTENT"/>
          <con:parameters>
            <con:entry key="Authorization" value="Basic Og=="/>
            <con:entry key="Content-Type" value="application/json"/>
          </con:parameters>
          <con:parameterOrder>
            <con:entry>Content-Type</con:entry>
            <con:entry>Authorization</con:entry>
          </con:parameterOrder>
        </con:request>
      </con:method>
      <con:method name="ValidateSingleDebitSingleCredit 2" id="5967cd54-bf3a-4eca-bff7-8b2395056740" method="POST">
        <con:settings/>
        <con:parameters>
          <con:parameter>
            <con:name>Content-Type</con:name>
            <con:value>application/json</con:value>
            <con:style>HEADER</con:style>
            <con:default/>
            <con:path xsi:nil="true"/>
            <con:description xsi:nil="true"/>
          </con:parameter>
          <con:parameter>
            <con:name>Authorization</con:name>
            <con:value>Basic Og==</con:value>
            <con:style>HEADER</con:style>
            <con:default>Basic Og==</con:default>
            <con:path xsi:nil="true"/>
            <con:description xsi:nil="true"/>
          </con:parameter>
        </con:parameters>
        <con:representation type="FAULT">
          <con:mediaType>text/html; charset=us-ascii</con:mediaType>
          <con:status>400</con:status>
          <con:params/>
          <con:element>html</con:element>
        </con:representation>
        <con:representation type="REQUEST">
          <con:mediaType>application/json</con:mediaType>
          <con:params/>
        </con:representation>
        <con:representation type="FAULT">
          <con:mediaType xsi:nil="true"/>
          <con:status>401</con:status>
          <con:params/>
          <con:element>data</con:element>
        </con:representation>
        <con:representation type="FAULT">
          <con:mediaType>application/json; charset=utf-8</con:mediaType>
          <con:status>400</con:status>
          <con:params/>
          <con:element xmlns:val="http://10.4.128.8/api/ECSFin/validateSingleDebitSingleCredit">val:Fault</con:element>
        </con:representation>
        <con:representation type="RESPONSE">
          <con:mediaType>application/json; charset=utf-8</con:mediaType>
          <con:status>200</con:status>
          <con:params/>
          <con:element xmlns:val="http://10.4.128.8/api/ECSFin/validateSingleDebitSingleCredit">val:Response</con:element>
        </con:representation>
        <con:request name="validate Single Debit Single Credit Inter" id="287d3158-dc7e-459d-9537-a662efd20fc1" mediaType="application/json" postQueryString="false">
          <con:settings>
            <con:setting id="com.eviware.soapui.impl.wsdl.WsdlRequest@request-headers">&lt;xml-fragment/></con:setting>
          </con:settings>
          <con:endpoint>http://${#Project#pURL}</con:endpoint>
          <con:request>{
    "SignOnRq": {
        "LogId": "e0ccbe1a-dfdd-4753-a4c7-acc6fb0665e3",
        "DateTime": "2019-09-05T00:00:00",
        "ChannelId": "10",
        "OurBranchId": "01"
    },
    "RootObject": {
        "dataHeader": {
            "uniqueId": "1031903250000112",
            "timestamp": "2019-09-05 05:45:28.003"
        },
        "data": {
            "channelInfo": "MOBILE",
            "valueDate": "2019-09-05",
            "segmentType": "Retail",
            "paymentChannel": "INTER",
            "reference": "R-38523250444444",
            "transactionTypeCode": "OAT",
            "totalInstrAmount": "1000.00",
            "totalSettledAmount": "1000.00",
            "remarks": "FTS Transfer to @IBAN",
            "debitReference": "EIM001",
            "sendersCharges": "2.00",
            "orderCust": {
                "amt": "1000.00",
                "cur": "AED",
                "type": "1100/",
                "cifNumber": "000014416",
                "bankCode": "ABNAAEAE",
                "accNo": "0150100001441601",
                "iban": "AE050900150100001441601",
                "phone": "9076532156",
                "email": "Amar003@hotmail.com",
                "name": "Amar",
                "addr": "4/c block a "
            },
            "benef": {
                "txnRef": "R-38523250444444",
                "cifNumber": "200003426",
                "exchangeRate": "1",
                "settlementCurrency": "AED",
                "settledAmount": "10000.00",
                "mode": "INTER",
                "cur": "AED",
                "country": "AE",
                "bankcountry": "AE",
                "bankCode": "026",
                "accNo": "0959024729001",
                "bankBic": "EBILAEAD",
                "iban": "/AE850260000959024729001",
                "chargeBearer": "BEN",
                "name": "JOHN DOE",
                "addr": "456 St Anytown UAE",
                "bankName": "EARDAH CAPITAL",
                "phone": "8787418702",
                "bankAddr": "111 MAIN TOWN UAE",
                "remarks": "FOR INVOICE NO. #906745",
                "docs": [
                    {
                        "doc_id": "112233",
                        "doc_name": "EC192042NBUMMQ190614052713102365478963302.XLS",
                        "doc_ext": "XLS",
                        "doc_date": "2019-05-21",
                        "purpose": "AUTH_REF",
                        "amt": "10000.00",
                        "cur": "AED",
                        "base64file": "MTIwMTAwMjE1MDAwMDAwMDAwMDAwMDAwMDAwMDAwMDAwMjAwMDAw"
                    }
                ]
            }
        }
    }
}</con:request>
          <con:originalUri>http://10.4.128.8/api/ECSFin/validateSingleDebitSingleCredit</con:originalUri>
          <con:credentials>
            <con:username>vendor10-erc</con:username>
            <con:password>P@ssw0rd10</con:password>
            <con:selectedAuthProfile>Basic</con:selectedAuthProfile>
            <con:preemptive>true</con:preemptive>
            <con:addedBasicAuthenticationTypes>Basic</con:addedBasicAuthenticationTypes>
            <con:authType>Preemptive</con:authType>
          </con:credentials>
          <con:jmsConfig JMSDeliveryMode="PERSISTENT"/>
          <con:parameters>
            <con:entry key="Authorization" value="Basic Og=="/>
            <con:entry key="Content-Type" value="application/json"/>
          </con:parameters>
          <con:parameterOrder>
            <con:entry>Content-Type</con:entry>
            <con:entry>Authorization</con:entry>
          </con:parameterOrder>
        </con:request>
      </con:method>
    </con:resource>