<?xml version="1.0" encoding="UTF-8"?>
<con:testCase id="8286098a-9fb4-41de-b847-1409688972be" discardOkResults="false" failOnError="false" failTestCaseOnErrors="true" keepSession="false" name="TermLoan" searchProperties="true" timeout="0" wsrmEnabled="false" wsrmVersion="1.0" wsrmAckTo="" amfAuthorisation="false" amfEndpoint="" amfLogin="" amfPassword="" zephyrTestName="" zephyrTestId="" maxResults="0" xmlns:con="http://eviware.com/soapui/config">
  <con:settings>
    <con:setting id="8286098a-9fb4-41de-b847-1409688972befileName">TermLoan</con:setting>
  </con:settings>
  <con:savedRecentRuns>1</con:savedRecentRuns>
  <con:testStep type="groovy" name="TodayDate" id="22efd751-780d-434d-85ac-0136d8832367">
    <con:settings/>
    <con:config>
      <script>import groovy.time.TimeCategory
def today = new Date();
today= today.format("YYYY-MM-dd'T'HH:mm:ss")</script>
    </con:config>
  </con:testStep>
  <con:testStep type="groovy" name="Groovy Script" id="c42774fb-a2b0-487c-b158-9f1dafab9814">
    <con:settings/>
    <con:config>
      <script>import groovy.time.TimeCategory
def today = new Date()+2;
tomorrow= today.format("YYYY-MM-dd")</script>
    </con:config>
  </con:testStep>
  <con:testStep type="transfer" name="Property Transfer" id="8ed3df89-bd21-45f2-b672-d8c64d73675c">
    <con:settings/>
    <con:config xsi:type="con:PropertyTransfersStep" xmlns:xsi="http://www.w3.org/2001/XMLSchema-instance">
      <con:transfers setNullOnMissingSource="true" transferTextContent="true" failOnError="true" ignoreEmpty="false" transferToAll="false" entitize="false" transferChildNodes="false">
        <con:name>Date</con:name>
        <con:sourceType>result</con:sourceType>
        <con:sourceStep>Groovy Script</con:sourceStep>
        <con:sourcePath/>
        <con:targetType>Date</con:targetType>
        <con:targetStep>#TestCase#</con:targetStep>
        <con:targetPath/>
        <con:upgraded>true</con:upgraded>
      </con:transfers>
    </con:config>
  </con:testStep>
  <con:testStep type="restrequest" name="CreateCorporateCIF" id="21e4c497-b15e-4dda-9ade-7e2ee471e0e3">
    <con:settings/>
    <con:config service="http://waqfedev.northeurope.cloudapp.azure.com:2181" resourcePath="/api/BankSmart/CreateCorporateCIF" methodName="CreateCorporateCIF" xsi:type="con:RestRequestStep" xmlns:xsi="http://www.w3.org/2001/XMLSchema-instance">
      <con:restRequest name="CreateCorporateCIF" id="5d62baed-678d-4062-9083-7ab192d5d64e" mediaType="application/json" postQueryString="false">
        <con:settings>
          <con:setting id="com.eviware.soapui.impl.wsdl.WsdlRequest@request-headers">&lt;xml-fragment/></con:setting>
        </con:settings>
        <con:endpoint>${#Project#pURL}</con:endpoint>
        <con:request>{\r
   "signOnRq" : {\r
      "LogId" : "${=java.util.UUID.randomUUID()}",\r
      "DateTime" : "${TodayDate#result}",\r
      "ChannelId" : "${#TestCase#channel}",\r
      "OurBranchId" : "03"\r
   },\r
   "Cust" : {\r
      "Name" : "API_HC_${=org.apache.commons.lang.RandomStringUtils.randomAlphabetic(6)}",\r
      "CategoryId" : "Corporate",\r
      "GroupCode" : "LCORP",\r
      "RManager" : "006",\r
      "RiskProfile" : "Low",\r
      "EntityNameCorp" : "Limited Liability Company",\r
      "EntityTypeCorp" : "LLC",\r
      "YearofestablishmentCorp" : "2020/01/08",\r
      "RegisteredAddressCorp" : "Bruj Khalifa ${=org.apache.commons.lang.RandomStringUtils.randomNumeric(3)}",\r
      "ContactName1Corp" : "API_HC_Ahmad Ali Mohamad ${=org.apache.commons.lang.RandomStringUtils.randomNumeric(3)}",\r
      "ContactID1Corp" : "${=org.apache.commons.lang.RandomStringUtils.randomAlphanumeric(10)}",\r
      "IDTypeCorp" : "TLL",\r
      "Address1Corp" : "Bruj Khalifa ${=org.apache.commons.lang.RandomStringUtils.randomNumeric(3)}",\r
      "PhoneNumberCorp" : "${=org.apache.commons.lang.RandomStringUtils.randomNumeric(10)}",\r
      "AlternatePhonenumberCorp" : "${=org.apache.commons.lang.RandomStringUtils.randomNumeric(10)}",\r
      "EmailIDCorp" : "${=org.apache.commons.lang.RandomStringUtils.randomAlphanumeric(10)}@eradahcapital.com",\r
      "ContactName2Corp" : "",\r
      "ContactID2Corp" : "",\r
      "IDType2" : "",\r
      "Address2Corp" : "",\r
      "PhoneNumber2Corp" : "",\r
      "AlternatePhonenumber2Corp" : "",\r
      "EmailID2Corp" : "",\r
      "BusinessActivity" : "0111",\r
      "SICCodesCorp" : "0112",\r
      "IndustryCorp" : "MFT",\r
      "PresenceinCISCountryCorp" : "Y",\r
      "DealingwithCISCountryCorp" : "Y",\r
      "TradeLicenseNumberCorp" : "${=org.apache.commons.lang.RandomStringUtils.randomAlphanumeric(10)}",\r
      "CountryofIncorporationCorp" : "ARE",\r
      "TradeLicenseIssuedateCorp" : "2020/03/12",\r
      "TradeLicenseExpirydateCorp" : "2022/03/06",\r
      "TradeLicenseIssuanceAuthorityCorp" : "Dubai",\r
      "TRNNoCorp" : "0090909",\r
      "PEPCorp" : "N",\r
      "BlackListCorp" : "N",\r
      "KYCReviewDateCorp" : "2022-12-31",\r
      "FATCARelevantCorp" : "N",\r
      "CRSRelevantCorp" : "N",\r
      "USAEntityCorp" : "SUP",\r
      "FFICorp" : "N",\r
      "FFICategoryCorp" : "PFI",\r
      "GIINNoCorp" : "${=org.apache.commons.lang.RandomStringUtils.randomNumeric(9)}",\r
      "GIINNACorp" : "001",\r
      "SponsorNameCorp" : "API${=org.apache.commons.lang.RandomStringUtils.randomAlphabetic(9)}",\r
      "SponsorGIIN" : "${=org.apache.commons.lang.RandomStringUtils.randomAlphabetic(9)}",\r
      "NFFECorp" : "005",\r
      "StockExchangeCorp" : "${=org.apache.commons.lang.RandomStringUtils.randomAlphabetic(9)}",\r
      "TradingSymbolCorp" : "${=org.apache.commons.lang.RandomStringUtils.randomAlphabetic(9)}",\r
      "USAORUAECorp" : "N",\r
      "TINAvailableCorp" : "Y",\r
      "TinNo1Corp" : "1",\r
      "TaxCountry1Corp" : "ARE",\r
      "TinNo2Corp" : "1",\r
      "TaxCountry2Corp" : "ARE",\r
      "TinNo3Corp" : "1",\r
      "TaxCountry3Corp" : "ARE",\r
      "TinNo4Corp" : "1",\r
      "TaxCountry4Corp" : "ARE",\r
      "TinNo5Corp" : "1",\r
      "TaxCountry5Corp" : "ARE",\r
      "FATCANoReasonCorp" : "Reason A",\r
      "ReasonBCorp" : "${=org.apache.commons.lang.RandomStringUtils.randomAlphabetic(9)}",\r
      "CompanyWebsite" : "${=org.apache.commons.lang.RandomStringUtils.randomAlphanumeric(10)}@eradahcapital.com",\r
      "CompCashIntensive" : "Y",\r
      "PubLimCompCorp" : "Y",\r
      "RegAddCountryCorp" : "ARE",\r
      "REGADDSTATECORP" : "006",\r
      "RegAddCityCorp" : "00014",\r
      "Add1CountryCorp" : "ARE",\r
      "Add1StateCorp" : "006",\r
      "Add1CityCorp" : "00014",\r
      "Add2CountryCorp" : "ARE",\r
      "Add2StateCorp" : "006",\r
      "Add2CityCorp" : "00014",\r
      "JurEmiratesID" : "001",\r
      "JurTypeID" : "001",\r
      "JurAuthorityID" : "001",\r
      "POBox" : "2344"\r
   },\r
   "ShareHolders" : [\r
      {\r
         "ShareHolderName" : "API_HC_Saif Al Ghurair${=org.apache.commons.lang.RandomStringUtils.randomNumeric(3)}",\r
         "ShareHolderAddress" : "Burj Khalifa${=org.apache.commons.lang.RandomStringUtils.randomNumeric(2)}",\r
         "ShareholderType" : "IND",\r
         "ShareholdersIDtype" : "EID",\r
         "ShareholdersIDNo" : "7841968${=org.apache.commons.lang.RandomStringUtils.randomNumeric(7)}1",\r
         "ShareholdersIDExpirydate" : "2022-12-31",\r
         "CountryofIncorporation" : "ARE",\r
         "BoardMember" : "Y",\r
         "AuthorisedSignatory" : "Y",\r
         "BeneficialOwner" : "Y",\r
         "ResidentNonResident" : "N",\r
         "CountryofResidence" : "ARE",\r
         "OwnershipPercentage" : "100",\r
         "Blacklist" : "N",\r
         "PEP" : "N",\r
         "FATCARelevant" : "N",\r
         "CRSRelevant" : "N",\r
         "USCitizen" : "N",\r
         "AreyouaUSTaxResident" : "N",\r
         "WereyoubornintheUS" : "N",\r
         "USAEntity" : "SUP",\r
         "FFI" : "Y",\r
         "FFICategory" : "PFI",\r
         "GIINNo" : "${=org.apache.commons.lang.RandomStringUtils.randomAlphabetic(3)}",\r
         "GIINNA" : "001",\r
         "SponsorName" : "${=org.apache.commons.lang.RandomStringUtils.randomAlphabetic(3)}",\r
         "SponsorGIIN" : "${=org.apache.commons.lang.RandomStringUtils.randomAlphabetic(3)}",\r
         "NFFE" : "005",\r
         "StockExchange" : "${=org.apache.commons.lang.RandomStringUtils.randomAlphabetic(3)}",\r
         "TradingSymbol" : "${=org.apache.commons.lang.RandomStringUtils.randomAlphabetic(3)}",\r
         "USAORUAE" : "N",\r
         "TINAvailable" : "Y",\r
         "TinNo1" : "1",\r
         "TaxCountry1" : "ARE",\r
         "TinNo2" : "1",\r
         "TaxCountry2" : "ARE",\r
         "TinNo3" : "1",\r
         "TaxCountry3" : "ARE",\r
         "TinNo4" : "1",\r
         "TaxCountry4" : "ARE",\r
         "TinNo5" : "1",\r
         "TaxCountry5" : "ARE",\r
         "FATCANoReason" : "Reason A",\r
         "ReasonB" : "${=org.apache.commons.lang.RandomStringUtils.randomAlphabetic(9)}",\r
         "SHCity" : "00014",\r
         "SHState" : "006",\r
         "SHCountry" : "ARE",\r
         "SHIDIssuanceCountry" : "ARE",\r
         "IDGender" : "M",\r
         "DateOfBirth" : "2001/09/08",\r
         "IDNationality" : "ARE"\r
      }\r
   ],\r
   "Authignatories" : [\r
      {\r
         "AuthorisedsignatoriesName" : "API_HC_Sunny Varkey${=org.apache.commons.lang.RandomStringUtils.randomNumeric(3)}",\r
         "PhoneNumber" : "${=org.apache.commons.lang.RandomStringUtils.randomNumeric(10)}",\r
         "EmailID" : "${=org.apache.commons.lang.RandomStringUtils.randomAlphanumeric(10)}@eradahcapital.com",\r
         "CorrespondenceAddress" : "Burj khlifa ${=org.apache.commons.lang.RandomStringUtils.randomNumeric(3)}",\r
         "AuthorisedsignatoryIDtype1" : "PAS",\r
         "AuthorisedsignatoryIDNumber1" : "${=org.apache.commons.lang.RandomStringUtils.randomAlphanumeric(9)}",\r
         "AuthorisedsignatoryIDExpirydate1" : "2022-12-31",\r
         "AuthorisedsignatoryIDIssueCountry1" : "PAK",\r
         "AuthorisedsignatoryIDtype2" : "EID",\r
         "AuthorisedsignatoryIDNumber2" : "7841968${=org.apache.commons.lang.RandomStringUtils.randomNumeric(7)}1",\r
         "AuthorisedsignatoryIDExpirydate2" : "2022-12-31",\r
         "AuthorisedsignatoryIDIssueCountry2" : "ARE",\r
         "AuthorisedsignatoryVisaIssuedby" : "UAE",\r
         "AuthorisedsignatoryVisaNumber" : "${=org.apache.commons.lang.RandomStringUtils.randomNumeric(8)}",\r
         "AuthorisedsignatoryVisaExpiry" : "2022-05-30 16:53",\r
         "Remarks" : "API${=org.apache.commons.lang.RandomStringUtils.randomAlphabetic(9)}",\r
         "Blacklist" : "N",\r
         "PEP" : "N",\r
         "FATCARelevant" : "N",\r
         "CRSRelevant" : "N",\r
         "AreyouaUSCitizen" : "N",\r
         "AreyouaUSTaxResident" : "N",\r
         "WereyoubornintheUS" : "N",\r
         "USAORUAE" : "N",\r
         "TINAvailable" : "Y",\r
         "TinNo1" : "1",\r
         "TaxCountry1" : "ARE",\r
         "TinNo2" : "1",\r
         "TaxCountry2" : "ARE",\r
         "TinNo3" : "1",\r
         "TaxCountry3" : "ARE",\r
         "TinNo4" : "1",\r
         "TaxCountry4" : "ARE",\r
         "TinNo5" : "1",\r
         "TaxCountry5" : "ARE",\r
         "FATCANoReason" : "Reason A",\r
         "ReasonB" : "${=org.apache.commons.lang.RandomStringUtils.randomAlphabetic(9)}",\r
         "ASCity" : "00014",\r
         "ASState" : "006",\r
         "ASCountry" : "ARE",\r
         "IDGender" : "M",\r
         "DateOfBirth" : "2001/09/08",\r
         "IDNationality" : "PAK",\r
         "GroupID" : "OD312",\r
         "SignUpload" : "${=org.apache.commons.lang.RandomStringUtils.randomAlphabetic(9)}"\r
      }\r
   ],\r
   "BoardDirectors" : [\r
      {\r
         "BoardDirectorName" : "API_HC_Micky JagtianiAPI${=org.apache.commons.lang.RandomStringUtils.randomNumeric(3)}",\r
         "Designation" : "Director",\r
         "BoardDirectorAddress" : "Dubai${=org.apache.commons.lang.RandomStringUtils.randomNumeric(3)}",\r
         "BoardDirectorIDExpirydate" : "2022/09/08",\r
         "ResidentNonResident" : "N",\r
         "CountryofResidence" : "ARE",\r
         "BoardDirectorIDtype" : "PAS",\r
         "BoardDirectorIDNo" : "${=org.apache.commons.lang.RandomStringUtils.randomAlphanumeric(9)}",\r
         "Blacklist" : "N",\r
         "PEP" : "N",\r
         "FATCARelevant" : "N",\r
         "CRSRelevant" : "N",\r
         "AreyouaUSCitizen" : "N",\r
         "AreyouaUSTaxResident" : "N",\r
         "WereyoubornintheUS" : "N",\r
         "USAORUAE" : "N",\r
         "TINAvailable" : "Y",\r
         "TinNo1" : "1",\r
         "TaxCountry1" : "ARE",\r
         "TinNo2" : "1",\r
         "TaxCountry2" : "ARE",\r
         "TinNo3" : "1",\r
         "TaxCountry3" : "ARE",\r
         "TinNo4" : "1",\r
         "TaxCountry4" : "ARE",\r
         "TinNo5" : "1",\r
         "TaxCountry5" : "ARE",\r
         "FATCANoReason" : "Reason A",\r
         "ReasonB" : "${=org.apache.commons.lang.RandomStringUtils.randomAlphabetic(9)}",\r
         "BDCity" : "00014",\r
         "BDState" : "006",\r
         "BDCountry" : "ARE",\r
         "IDGender" : "M",\r
         "DateOfBirth" : "2001/09/08",\r
         "IDNationality" : "ARE"\r
      }\r
   ],\r
   "BeneficialOwners" : [\r
      {\r
         "BeneficialName" : "API_HC_Faiza${=org.apache.commons.lang.RandomStringUtils.randomNumeric(3)}",\r
         "BeneficialAddress" : "Dubai Mall",\r
         "BeneficialIDNo" : "7841968${=org.apache.commons.lang.RandomStringUtils.randomNumeric(7)}1",\r
         "BeneficialIDExpirydate" : "2022-12-31",\r
         "ResidentNonResident" : "N",\r
         "CountryOfResidence" : "ARE",\r
         "BeneficialIDtype" : "EID",\r
         "Blacklist" : "N",\r
         "PEP" : "N",\r
         "FATCARelevant" : "N",\r
         "CRSRelevant" : "N",\r
         "AreyouaUSCitizen" : "N",\r
         "AreyouaUSTaxResident" : "N",\r
         "WereyoubornintheUS" : "N",\r
         "USAORUAE" : "N",\r
         "TINAvailable" : "Y",\r
         "TinNo1" : "1",\r
         "TaxCountry1" : "ARE",\r
         "TinNo2" : "1",\r
         "TaxCountry2" : "ARE",\r
         "TinNo3" : "1",\r
         "TaxCountry3" : "ARE",\r
         "TinNo4" : "1",\r
         "TaxCountry4" : "ARE",\r
         "TinNo5" : "1",\r
         "TaxCountry5" : "ARE",\r
         "FATCANoReason" : "Reason A",\r
         "ReasonB" : "${=org.apache.commons.lang.RandomStringUtils.randomAlphabetic(5)}",\r
         "BOCity" : "00014",\r
         "BOState" : "006",\r
         "BOCountry" : "ARE",\r
         "IDGender" : "M",\r
         "DateOfBirth" : "2001/09/08",\r
         "IDNationality" : "ARE"\r
      }\r
   ]\r
}</con:request>
        <con:originalUri>http://10.4.128.8/api/BankSmart/CreateCorporateCIF</con:originalUri>
        <con:assertion type="JsonPath Match" id="5f09210e-bfb9-436d-bb51-98cc4af4bc14" name="JSONPath Match">
          <con:configuration>
            <path>$['status']['statusMessage']</path>
            <content>"Success"</content>
            <allowWildcards>false</allowWildcards>
            <ignoreNamspaceDifferences>false</ignoreNamspaceDifferences>
            <ignoreComments>false</ignoreComments>
          </con:configuration>
        </con:assertion>
        <con:credentials>
          <con:username>vendor100-erc</con:username>
          <con:password>P@ssw0rd100</con:password>
          <con:selectedAuthProfile>Basic</con:selectedAuthProfile>
          <con:preemptive>true</con:preemptive>
          <con:addedBasicAuthenticationTypes>Basic</con:addedBasicAuthenticationTypes>
          <con:authType>Preemptive</con:authType>
        </con:credentials>
        <con:jmsConfig JMSDeliveryMode="PERSISTENT"/>
        <con:parameters>
          <con:entry key="Authorization" value="Basic dmVuZG9yNS1lcmM6UEBzc3cwcmQ1"/>
          <con:entry key="Content-Type" value="application/json"/>
        </con:parameters>
        <con:parameterOrder>
          <con:entry>Content-Type</con:entry>
          <con:entry>Authorization</con:entry>
        </con:parameterOrder>
      </con:restRequest>
    </con:config>
  </con:testStep>
  <con:testStep type="restrequest" name="CreateCorporateAccount" id="895fc4b9-ac08-40dc-b5d4-e9b53cf21b08">
    <con:settings/>
    <con:config service="http://waqfedev.northeurope.cloudapp.azure.com:2181" resourcePath="/api/BankSmart/CreateCorporateAccount" methodName="CreateCorporateAccount" xsi:type="con:RestRequestStep" xmlns:xsi="http://www.w3.org/2001/XMLSchema-instance">
      <con:restRequest name="CreateCorporateAccount" id="b10fce92-1844-4f95-a0b5-faf1e9b9dc48" mediaType="application/json" postQueryString="false">
        <con:settings>
          <con:setting id="com.eviware.soapui.impl.wsdl.WsdlRequest@request-headers">&lt;xml-fragment/></con:setting>
        </con:settings>
        <con:endpoint>${#Project#pURL}</con:endpoint>
        <con:request>{
    "SignOnRq": {
        "LogId": "${=java.util.UUID.randomUUID()}",
         "DateTime": "${TodayDate#result}",
        "ChannelId": "${#TestCase#channel}",
        "OurBranchId": "03"
    },
    "SignatureInstructions": "this is to allow all",
    "Acc": {
        "ClientID": "${CreateCorporateCIF#Response#$['content']['clientID']}",
        "ProductID": "CCAAED",
        "Name": "${CreateCorporateCIF#RawRequest#$['Cust']['Name']}",
        "Address": "${CreateCorporateCIF#RawRequest#$['Cust']['RegisteredAddressCorp']}",
        "CountryID": "ARE",
        "StateID": "006",
        "CityID": "00014",
        "StatementFrequency": "Y",
        "HoldMail": 1,
        "ZakatExemption": 1,
        "ContactPersonName": "${CreateCorporateCIF#RawRequest#$['Cust']['ContactName1Corp']}",
        "Designation": "",
        "Phone1": "${CreateCorporateCIF#RawRequest#$['Cust']['PhoneNumberCorp']}",
        "Phone2": "${CreateCorporateCIF#RawRequest#$['Cust']['AlternatePhonenumberCorp']}",
        "MobileNo": "${=org.apache.commons.lang.RandomStringUtils.randomNumeric(10)}",
        "Fax": "${=org.apache.commons.lang.RandomStringUtils.randomNumeric(10)}",
        "EmailID": "${CreateCorporateCIF#RawRequest#$['Cust']['EmailIDCorp']}",
        "IntroducerAccountNo": "${=org.apache.commons.lang.RandomStringUtils.randomNumeric(10)}",
        "IntroducedBy": "API_HC_${=org.apache.commons.lang.RandomStringUtils.randomNumeric(3)}",
        "IntroducerAddress": "Freser Suite${=org.apache.commons.lang.RandomStringUtils.randomNumeric(2)}",
        "IntroducerCityID": "00014",
        "IntroducerStateID": "006",
        "IntroducerCountryID": "ARE",
        "ModeOfOperation": "Company Mandate",
        "Reminder": "Reminder${=org.apache.commons.lang.RandomStringUtils.randomNumeric(3)}",
        "Notes": "Reminder Notes${=org.apache.commons.lang.RandomStringUtils.randomNumeric(3)}",
        "NatureID": "0101",
        "RelationshipCode": "CAD",
        "AllowCreditTransaction": 0,
        "AllowDebitTransaction": 0,
        "NotServiceCharges": 1,
        "NotStopPaymentCharges": 1,
        "NotChequeBookCharges": 1,
        "TurnOver": "Above 10M",
        "NoOfDrTrx": 1,
        "NoOfCrTrx": 1,
        "DrThresholdLimit": 1,
        "CrThresholdLimit": 1,
        "ProductCash": 1,
        "ProductClearing": 1,
        "ProductCollection": 1,
        "ProductRemittance": 1,
        "ProductCross": 1,
        "ProductOthers": 1,
        "ProductOthersDesc": "API_HC_Remarks${=org.apache.commons.lang.RandomStringUtils.randomNumeric(3)}"
    }
}</con:request>
        <con:originalUri>http://10.4.128.8/api/BankSmart/CreateCorporateAccount</con:originalUri>
        <con:assertion type="JsonPath Match" id="35ba3203-16ff-4c09-a4a9-8bf72514f30c" name="JSONPath Match">
          <con:configuration>
            <path>$['status']['statusMessage']</path>
            <content>"Success"</content>
            <allowWildcards>false</allowWildcards>
            <ignoreNamspaceDifferences>false</ignoreNamspaceDifferences>
            <ignoreComments>false</ignoreComments>
          </con:configuration>
        </con:assertion>
        <con:credentials>
          <con:username>vendor100-erc</con:username>
          <con:password>P@ssw0rd100</con:password>
          <con:selectedAuthProfile>Basic</con:selectedAuthProfile>
          <con:preemptive>true</con:preemptive>
          <con:addedBasicAuthenticationTypes>Basic</con:addedBasicAuthenticationTypes>
          <con:authType>Preemptive</con:authType>
        </con:credentials>
        <con:jmsConfig JMSDeliveryMode="PERSISTENT"/>
        <con:parameters>
          <con:entry key="Authorization" value="Basic dmVuZG9yNS1lcmM6UEBzc3cwcmQ1"/>
          <con:entry key="Content-Type" value="application/json"/>
        </con:parameters>
        <con:parameterOrder>
          <con:entry>Content-Type</con:entry>
          <con:entry>Authorization</con:entry>
        </con:parameterOrder>
      </con:restRequest>
    </con:config>
  </con:testStep>
  <con:testStep type="restrequest" name="ScreeningLegalPersonModel" id="0946d423-5f96-4629-9a77-a998abbe6a19">
    <con:settings/>
    <con:config service="http://waqfedev.northeurope.cloudapp.azure.com:2181" resourcePath="/api/IMTF/ScreeningLegalPersonModel" methodName="ScreeningLegalPersonModel" xsi:type="con:RestRequestStep" xmlns:xsi="http://www.w3.org/2001/XMLSchema-instance">
      <con:restRequest name="ScreeningLegalPersonModel" id="fb269761-0750-49ef-b1ce-71e6da1eb3a1" mediaType="application/json" postQueryString="false">
        <con:settings>
          <con:setting id="com.eviware.soapui.impl.wsdl.WsdlRequest@request-headers">&lt;xml-fragment/></con:setting>
        </con:settings>
        <con:endpoint>${#Project#pURL}</con:endpoint>
        <con:request>{
    "SignOnRq": {
        "LogId": "${=java.util.UUID.randomUUID()}",
         "DateTime": "${TodayDate#result}",
        "ChannelId": "${#TestCase#channel}",
        "OurBranchId": "03"
    },
    "RootObject": {
        "RequestMetaData": {
            "type": "NBK_SCR_CRP",
            "sendTime": "22/01/2020 05:01:32.203714",
            "timeZone": "4",
            "userId": "SYSTEM",
            "requestUid": "${=java.util.UUID.randomUUID()}",
            "orgUnit": "ORG_GLOBAL/ORG_AE/AE_CORP",
            "branchCompanyId": "HAS",
            "branchLocationId": "784101",
            "systemId": "10",
            "serviceId": "NBK_SCR_CRP"
        },
        "RequestDataObject": {
            "DoiPerson": [
                {
                    "entityType": "3001",
                    "originId": "${CreateCorporateCIF#Response#$['content']['clientID']}",
                    "listId": "ORG_GLOBAL/ORG_AE/AE_CORP/CUS",
                    "legalStatus": "L",
                    "lastName": "${CreateCorporateAccount#Response#$['content']['name']}",
                    "activityCode": "${CreateCorporateCIF#RawRequest#$['Cust']['GroupCode']}",
				"businessCode": "${CreateCorporateCIF#RawRequest#$['Cust']['BusinessActivity']}",
                    "startDtg": "1/5/2006 00:00:00.000000",
                    "giin": "5645645",
                    "tin": "546546456",
                    "DoiPersonPhysChar": [
                        {
                            "originId": "${CreateCorporateCIF#Response#$['content']['clientID']}",
                            "listId": "ORG_GLOBAL/ORG_AE/AE_CORP/CUS",
                            "nationality": "ARE"
                        },
                        {
                            "originId": "${CreateCorporateCIF#Response#$['content']['clientID']}_SIC_4",
                            "listId": "ORG_GLOBAL/ORG_AE/AE_CORP/CUS",
                            "businessCode": "${CreateCorporateCIF#RawRequest#$['Cust']['BusinessActivity']}"
                        }
                    ],
                    "DoiIdentificationDocEntity": [
                        {
                            "entityType": "18",
                            "originId": "${CreateCorporateCIF#Response#$['content']['clientID']}_1",
                            "listId": "ORG_GLOBAL/ORG_AE/AE_CORP/CUS_ID",
                            "type": "TLL",
                            "issuingCountry": "ARE",
                            "number": "${CreateCorporateCIF#RawRequest#$['Cust']['TradeLicenseNumberCorp']}",
                            "startDtg": "1/5/2006 00:00:00.000000",
                            "endDtg": "30/4/2020 00:00:00.000000"
                        }
                    ],
                    "DoiLocation": [
                        {
                            "entityType": "21",
                            "originId": "${CreateCorporateCIF#Response#$['content']['clientID']}_2",
                            "listId": "ORG_GLOBAL/ORG_AE/AE_CORP/CUS_ADR",
                            "fullStreetAddress": "${CreateCorporateCIF#RawRequest#$['Cust']['RegisteredAddressCorp']}",
                            "country": "ARE",
                            "addressPurposeId": "001",
                            "city": "Dubai City"
                        }
                    ],
                    "DoiPhoneEntity": [
                        {
                            "entityType": "10",
                            "originId": "${CreateCorporateCIF#Response#$['content']['clientID']}_3",
                            "listId": "ORG_GLOBAL/ORG_AE/AE_CORP/CUS_4N",
                            "number": "${CreateCorporateCIF#RawRequest#$['Cust']['PhoneNumberCorp']}"
                        }
                    ],
                    "DoiEMailEntity": [
                        {
                            "entityType": "16",
                            "originId": "${CreateCorporateCIF#Response#$['content']['clientID']}_5",
                            "listId": "ORG_GLOBAL/ORG_AE/AE_CORP/CUS_EMAIL",
                            "email": "${CreateCorporateCIF#RawRequest#$['Cust']['EmailIDCorp']}"
                        }
                    ],
                    "DoiRelation": [
                        {
                            "entityType": "2000",
                            "originId": "${CreateCorporateCIF#Response#$['content']['clientID']}_REL1",
                            "listId": "ORG_GLOBAL/ORG_AE/AE_CORP/RELAT",
                            "originIdEnd2": "${CreateCorporateCIF#Response#$['content']['clientID']}_Contact",
                            "linkDirection": "0",
                            "description": "API_HC_ContactName",
                            "originIdEnd1": "${CreateCorporateCIF#Response#$['content']['clientID']}"
                        },
                        {
                            "entityType": "2000",
                            "originId": "${CreateCorporateCIF#Response#$['content']['clientID']}_REL2",
                            "listId": "ORG_GLOBAL/ORG_AE/AE_CORP/RELAT",
                            "originIdEnd2": "${CreateCorporateCIF#Response#$['content']['clientID']}_Rep_SH_${CreateCorporateCIF#Response#$['content']['shareHolderID'][0]['id']}",
                            "linkDirection": "0",
                            "linkWeight": "100.00",
                            "description": "API_HC_ShareHolder",
                            "originIdEnd1": "${CreateCorporateCIF#Response#$['content']['clientID']}"
                        },
                        {
                            "entityType": "2000",
                            "originId": "${CreateCorporateCIF#Response#$['content']['clientID']}_REL3",
                            "listId": "ORG_GLOBAL/ORG_AE/AE_CORP/RELAT",
                            "originIdEnd2": "${CreateCorporateCIF#Response#$['content']['clientID']}_Rep_SG_${CreateCorporateCIF#Response#$['content']['authorisedSignatorieID'][0]['id']}",
                            "linkDirection": "0",
                            "description": "API_HC_Authorised Signatories",
                            "originIdEnd1": "${CreateCorporateCIF#Response#$['content']['clientID']}"
                        },
                        {
                            "entityType": "2000",
                            "originId": "${CreateCorporateCIF#Response#$['content']['clientID']}_REL4",
                            "listId": "ORG_GLOBAL/ORG_AE/AE_CORP/RELAT",
                            "originIdEnd2": "${CreateCorporateCIF#Response#$['content']['clientID']}_Rep_BD_${CreateCorporateCIF#Response#$['content']['boardDirectors'][0]['id']}",
                            "linkDirection": "0",
                            "description": "API_HC_Board Director",
                            "originIdEnd1": "${CreateCorporateCIF#Response#$['content']['clientID']}"
                        },
                        {
                            "entityType": "2000",
                            "originId": "${CreateCorporateCIF#Response#$['content']['clientID']}_REL5",
                            "listId": "ORG_GLOBAL/ORG_AE/AE_CORP/RELAT",
                            "originIdEnd2": "${CreateCorporateCIF#Response#$['content']['clientID']}_Rep_BO_${CreateCorporateCIF#Response#$['content']['beneficialOwner'][0]['id']}",
                            "linkDirection": "0",
                            "description": "API_HC_Beneficial Owners",
                            "originIdEnd1": "${CreateCorporateCIF#Response#$['content']['clientID']}"
                        }
                    ],
                    "DoiAccountEntity": [
                        {
                            "entityType": "4",
                            "originId": "${CreateCorporateAccount#Response#$['content']['accountID']}",
                            "listId": "ORG_GLOBAL/ORG_AE/AE_CORP/CUS_ACC",
                            "accountType": "${CreateCorporateAccount#RawRequest#$['Acc']['ProductID']}",
                            "accountNumber": "${CreateCorporateAccount#Response#$['content']['accountID']}",
                            "bankIban": "${CreateCorporateAccount#Response#$['content']['iban']}",
                            "branchCountry": "AE",
                            "status": "InActive",
                            "openingDate": "22/01/2020 05:01:32.644816",
                            "DoiAccountBalance": [
                                {
                                    "originId": "${CreateCorporateAccount#Response#$['content']['accountID']}",
                                    "listId": "ORG_GLOBAL/ORG_AE/AE_CORP/CUS_ACC",
                                    "baseAmountBalance": "0",
                                    "baseCurrency": "AED",
                                    "balanceDate": "22/01/2020 05:01:32.644816"
                                }
                            ]
                        }
                    ],
                    "fullName": "${CreateCorporateAccount#Response#$['content']['name']}",
                    "DoiRisk": [
                        {
                            "originId": "${CreateCorporateCIF#Response#$['content']['clientID']}_BLK",
                            "listId": "ORG_GLOBAL/ORG_AE/AE_CORP/CUS",
                            "riskCategory": "16) Blacklist Flag",
                            "riskSubCategory": "Confirmed Blacklist",
                            "riskScoring": 0
                        },
                        {
                            "originId": "${CreateCorporateCIF#Response#$['content']['clientID']}_PEP",
                            "listId": "ORG_GLOBAL/ORG_AE/AE_CORP/CUS",
                            "riskCategory": "15) PEP Flag",
                            "riskSubCategory": "Confirmed PEP",
                            "riskScoring": 0
                        }
                    ]
                },
                {
                    "entityType": "3001",
                    "originId": "${CreateCorporateCIF#Response#$['content']['clientID']}_Contact",
                    "listId": "ORG_GLOBAL/ORG_AE/AE_CORP/REP",
                    "legalStatus": "L",
                    "DoiRelation": [],
                    "fullName": "${CreateCorporateAccount#Response#$['content']['name']}"
                },
                {
                    "entityType": "3001",
                    "originId": "${CreateCorporateCIF#Response#$['content']['clientID']}_Rep_SH_${CreateCorporateCIF#Response#$['content']['shareHolderID'][0]['id']}",
                    "listId": "ORG_GLOBAL/ORG_AE/AE_CORP/REP",
                    "legalStatus": "N",
                    "tin": "",
                    "DoiIdentificationDocEntity": [
                        {
                            "entityType": "18",
                            "originId": "${CreateCorporateCIF#Response#$['content']['clientID']}_Rep_SH_${CreateCorporateCIF#Response#$['content']['shareHolderID'][0]['id']}",
                            "listId": "ORG_GLOBAL/ORG_AE/AE_CORP/REP_ID",
                            "type": "EID",
                            "issuingCountry": "ARE",
                            "number": "${CreateCorporateCIF#RawRequest#$['ShareHolders'][0]['ShareholdersIDNo']}",
                            "endDtg": "27/02/2022 00: 02:00.000000"
                        }
                    ],
                    "DoiRelation": [],
                    "fullName": "${CreateCorporateCIF#Response#$['content']['shareHolderID'][0]['name']}",
                    "dob": "08/09/1975 00:00:00.000000"
                },
                {
                    "entityType": "3001",
                    "originId": "${CreateCorporateCIF#Response#$['content']['clientID']}_Rep_SG_${CreateCorporateCIF#Response#$['content']['authorisedSignatorieID'][0]['id']}",
                    "listId": "ORG_GLOBAL/ORG_AE/AE_CORP/REP",
                    "legalStatus": "N",
                    "tin": "",
                    "DoiIdentificationDocEntity": [
                        {
                            "entityType": "18",
                            "originId": "${CreateCorporateCIF#Response#$['content']['clientID']}_Rep_SG_${CreateCorporateCIF#Response#$['content']['authorisedSignatorieID'][0]['id']}",
                            "listId": "ORG_GLOBAL/ORG_AE/AE_CORP/REP_ID",
                            "type": "PAS",
                            "issuingCountry": "ARE",
                            "number": "${CreateCorporateCIF#RawRequest#$['Authignatories'][0]['AuthorisedsignatoryIDNumber1']}",
                            "endDtg": "04/12/2022 00: 12:00.000000"
                        }
                    ],
                    "DoiPhoneEntity": [
                        {
                            "entityType": "10",
                            "originId": "${CreateCorporateCIF#Response#$['content']['clientID']}_Rep_SG_${CreateCorporateCIF#Response#$['content']['authorisedSignatorieID'][0]['id']}",
                            "listId": "ORG_GLOBAL/ORG_AE/AE_CORP/REP_4N",
                            "number": "${CreateCorporateCIF#RawRequest#$['Authignatories'][0]['PhoneNumber']}"
                        }
                    ],
                    "DoiEMailEntity": [
                        {
                            "entityType": "16",
                            "originId": "${CreateCorporateCIF#Response#$['content']['clientID']}_Rep_SG_${CreateCorporateCIF#Response#$['content']['authorisedSignatorieID'][0]['id']}",
                            "listId": "ORG_GLOBAL/ORG_AE/AE_CORP/REP_EMAIL",
                            "email": "${CreateCorporateCIF#RawRequest#$['Authignatories'][0]['EmailID']}"
                        }
                    ],
                    "DoiRelation": [],
                    "fullName": "${CreateCorporateCIF#Response#$['content']['authorisedSignatorieID'][0]['name']}",
                    "dob": "08/09/1975 00:00:00.000000"
                },
                {
                    "entityType": "3001",
                    "originId": "${CreateCorporateCIF#Response#$['content']['clientID']}_Rep_BD_${CreateCorporateCIF#Response#$['content']['boardDirectors'][0]['id']}",
                    "listId": "ORG_GLOBAL/ORG_AE/AE_CORP/REP",
                    "legalStatus": "N",
                    "tin": "",
                    "DoiIdentificationDocEntity": [
                        {
                            "entityType": "18",
                            "originId": "${CreateCorporateCIF#Response#$['content']['clientID']}_Rep_BD_${CreateCorporateCIF#Response#$['content']['boardDirectors'][0]['id']}",
                            "listId": "ORG_GLOBAL/ORG_AE/AE_CORP/REP_ID",
                            "type": "PAS",
                            "issuingCountry": "ARE",
                            "number": "${CreateCorporateCIF#RawRequest#$['BoardDirectors'][0]['BoardDirectorIDNo']}",
                            "endDtg": "27/02/2021 00:02:00.000000"
                        }
                    ],
                    "DoiLocation": [
                        {
                            "entityType": "21",
                            "originId": "${CreateCorporateCIF#Response#$['content']['clientID']}_Rep_BD_${CreateCorporateCIF#Response#$['content']['boardDirectors'][0]['id']}",
                            "listId": "ORG_GLOBAL/ORG_AE/AE_CORP/REP_ADR",
                            "country": "ARE"
                        }
                    ],
                    "DoiRelation": [],
                    "fullName": "${CreateCorporateCIF#Response#$['content']['boardDirectors'][0]['name']}",
                    "dob": "08/09/1975 00:02:00.000000"
                },
				{
                    "entityType": "3001",
                    "originId": "${CreateCorporateCIF#Response#$['content']['clientID']}_Rep_BO_${CreateCorporateCIF#Response#$['content']['boardDirectors'][0]['id']}",
                    "listId": "ORG_GLOBAL/ORG_AE/AE_CORP/REP",
                    "legalStatus": "N",
                    "tin": "",
                    "DoiIdentificationDocEntity": [
                        {
                            "entityType": "18",
                            "originId": "${CreateCorporateCIF#Response#$['content']['clientID']}_Rep_BO_${CreateCorporateCIF#Response#$['content']['beneficialOwner'][0]['id']}",
                            "listId": "ORG_GLOBAL/ORG_AE/AE_CORP/REP_ID",
                            "type": "EID",
                            "issuingCountry": "ARE",
                            "number": "${CreateCorporateCIF#RawRequest#$['BeneficialOwners'][0]['BeneficialIDNo']}",
                            "endDtg": "27/02/2022 00:02:00.000000"
                        }
                    ],
                    "DoiLocation": [
                        {
                            "entityType": "21",
                            "originId": "${CreateCorporateCIF#Response#$['content']['clientID']}_Rep_BO_${CreateCorporateCIF#Response#$['content']['beneficialOwner'][0]['id']}",
                            "listId": "ORG_GLOBAL/ORG_AE/AE_CORP/REP_ADR",
                            "country": "ARE"
                        }
                    ],
                    "DoiRelation": [],
                    "fullName": "${CreateCorporateCIF#RawRequest#$['BoardDirectors'][0]['BoardDirectorName']}",
                    "dob": "08/09/1975 00:02:00.000000"
                }
            ]
        }
    }
}</con:request>
        <con:originalUri>http://10.4.128.8/api/IMTF/ScreeningLegalPersonModel</con:originalUri>
        <con:assertion type="Valid HTTP Status Codes" id="955bb9ab-4478-430f-b478-d9455ef22803" name="Valid HTTP Status Codes">
          <con:settings/>
          <con:configuration>
            <codes>200</codes>
          </con:configuration>
        </con:assertion>
        <con:credentials>
          <con:username>vendor100-erc</con:username>
          <con:password>P@ssw0rd100</con:password>
          <con:selectedAuthProfile>Basic</con:selectedAuthProfile>
          <con:preemptive>true</con:preemptive>
          <con:addedBasicAuthenticationTypes>Basic</con:addedBasicAuthenticationTypes>
          <con:authType>Preemptive</con:authType>
        </con:credentials>
        <con:jmsConfig JMSDeliveryMode="PERSISTENT"/>
        <con:parameters>
          <con:entry key="Content-Type" value="application/json"/>
        </con:parameters>
        <con:parameterOrder>
          <con:entry>Content-Type</con:entry>
        </con:parameterOrder>
      </con:restRequest>
    </con:config>
  </con:testStep>
  <con:testStep type="restrequest" name="UpdateAccountStatus" id="ff09e709-9777-4ba5-9f57-51d6cb244ee8">
    <con:settings/>
    <con:config service="http://waqfedev.northeurope.cloudapp.azure.com:2181" resourcePath="/api/BankSmart/UpdateAccountStatus" methodName="UpdateAccountStatus" xsi:type="con:RestRequestStep" xmlns:xsi="http://www.w3.org/2001/XMLSchema-instance">
      <con:restRequest name="UpdateAccountStatus" id="c9f0e968-f1a1-43af-b948-6c364c153869" mediaType="application/json" postQueryString="false">
        <con:settings>
          <con:setting id="com.eviware.soapui.impl.wsdl.WsdlRequest@request-headers">&lt;xml-fragment/></con:setting>
        </con:settings>
        <con:endpoint>${#Project#pURL}</con:endpoint>
        <con:request>{
                 "signOnRq":{ 
                "LogId": "${=java.util.UUID.randomUUID()}",
                  "DateTime": "${TodayDate#result}",
        "ChannelId": "${#TestCase#channel}",
                 "OurBranchId":"03"},
				"AccountID":"${CreateCorporateAccount#Response#$['content']['accountID']}",
				"Status":""
     }</con:request>
        <con:originalUri>http://10.4.128.8/api/BankSmart/UpdateAccountStatus</con:originalUri>
        <con:assertion type="JsonPath Match" id="6872b6af-c509-47e1-9729-c42061c1a61c" name="JSONPath Match">
          <con:configuration>
            <path>$['status']['statusMessage']</path>
            <content>"Success"</content>
            <allowWildcards>false</allowWildcards>
            <ignoreNamspaceDifferences>false</ignoreNamspaceDifferences>
            <ignoreComments>false</ignoreComments>
          </con:configuration>
        </con:assertion>
        <con:credentials>
          <con:username>vendor100-erc</con:username>
          <con:password>P@ssw0rd100</con:password>
          <con:selectedAuthProfile>Basic</con:selectedAuthProfile>
          <con:preemptive>true</con:preemptive>
          <con:addedBasicAuthenticationTypes>Basic</con:addedBasicAuthenticationTypes>
          <con:authType>Preemptive</con:authType>
        </con:credentials>
        <con:jmsConfig JMSDeliveryMode="PERSISTENT"/>
        <con:parameters>
          <con:entry key="Authorization" value="Basic dmVuZG9yNS1lcmM6UEBzc3cwcmQ1"/>
          <con:entry key="Content-Type" value="application/json"/>
        </con:parameters>
        <con:parameterOrder>
          <con:entry>Content-Type</con:entry>
          <con:entry>Authorization</con:entry>
        </con:parameterOrder>
      </con:restRequest>
    </con:config>
  </con:testStep>
  <con:testStep type="restrequest" name="FacilityCreate" id="b6951602-6b5a-4c67-908e-79d3ccc7a0b8">
    <con:settings/>
    <con:config service="http://waqfedev.northeurope.cloudapp.azure.com:2181" resourcePath="/api/BankSmart/FacilityCreate" methodName="FacilityCreate" xsi:type="con:RestRequestStep" xmlns:xsi="http://www.w3.org/2001/XMLSchema-instance">
      <con:restRequest name="FacilityCreate" id="2a852ba6-ada1-45bb-b33e-408f221f2733" mediaType="application/json" postQueryString="false">
        <con:settings>
          <con:setting id="com.eviware.soapui.impl.wsdl.WsdlRequest@request-headers">&lt;xml-fragment/></con:setting>
        </con:settings>
        <con:endpoint>${#Project#pURL}</con:endpoint>
        <con:request>{
    "SignOnRq": {
        "LogId": "${=java.util.UUID.randomUUID()}",
         "DateTime": "${TodayDate#result}",
        "ChannelId": "${#TestCase#channel}",
        "OurBranchId": "03"
    },
    "ClientID": "${CreateCorporateCIF#Response#$['content']['clientID']}",
    "ReviewDate": "2020-12-31",
    "ExpiryDate": "2022-12-31",
    "LimitSecuredType": "Secured",
    "LimitType": "Fixed",
    "Description": "API_HC_OD Facility${=org.apache.commons.lang.RandomStringUtils.randomNumeric(3)}",
    "FacilityRefNo": "${=org.apache.commons.lang.RandomStringUtils.randomNumeric(6)}",
    "AskingLimit": 1000000,
    "Products": [
        {
            "ProductID": "LTLAED",
            "LimitType": "Fixed",
            "Limit": "1000000"
        }
    ],
        "Collaterals": [
//        {
//            "CollateralID": "DYs0U74s1UqJWgaPIBfWPHUx"
//        }
    ]
}</con:request>
        <con:originalUri>http://waqfedev.northeurope.cloudapp.azure.com/api/BankSmart/FacilityCreate</con:originalUri>
        <con:assertion type="Simple Contains" id="452772fc-2193-4d06-b4bd-c8dac3d96782" name="Contains">
          <con:configuration>
            <token>Success</token>
            <ignoreCase>false</ignoreCase>
            <useRegEx>false</useRegEx>
          </con:configuration>
        </con:assertion>
        <con:assertion type="JsonPath Match" id="5e21c81b-7b99-4db0-8f25-212365e50e8c" name="JSONPath Match">
          <con:configuration>
            <path>$['status']['code']</path>
            <content>MSG-000000</content>
            <allowWildcards>false</allowWildcards>
            <ignoreNamspaceDifferences>false</ignoreNamspaceDifferences>
            <ignoreComments>false</ignoreComments>
          </con:configuration>
        </con:assertion>
        <con:credentials>
          <con:username>vendor100-erc</con:username>
          <con:password>P@ssw0rd100</con:password>
          <con:selectedAuthProfile>Basic</con:selectedAuthProfile>
          <con:preemptive>true</con:preemptive>
          <con:addedBasicAuthenticationTypes>Basic</con:addedBasicAuthenticationTypes>
          <con:authType>Preemptive</con:authType>
        </con:credentials>
        <con:jmsConfig JMSDeliveryMode="PERSISTENT"/>
        <con:parameters>
          <con:entry key="Content-Type" value="application/json"/>
        </con:parameters>
        <con:parameterOrder>
          <con:entry>Content-Type</con:entry>
        </con:parameterOrder>
      </con:restRequest>
    </con:config>
  </con:testStep>
  <con:testStep type="restrequest" name="CollateralCreate" id="bce9a98e-19d9-498c-811b-8c721bbe4988">
    <con:settings/>
    <con:config service="http://waqfedev.northeurope.cloudapp.azure.com:2181" resourcePath="/api/BankSmart/CollateralCreate" methodName="CollateralCreate" xsi:type="con:RestRequestStep" xmlns:xsi="http://www.w3.org/2001/XMLSchema-instance">
      <con:restRequest name="CollateralCreate" id="d0e953ef-cc37-41bc-851f-e14ae7289e18" mediaType="application/json" postQueryString="false">
        <con:settings>
          <con:setting id="com.eviware.soapui.impl.wsdl.WsdlRequest@request-headers">&lt;xml-fragment/></con:setting>
        </con:settings>
        <con:endpoint>${#Project#pURL}</con:endpoint>
        <con:request>{
    "SignOnRq": {
        "LogId": "${=java.util.UUID.randomUUID()}",
        "DateTime": "${TodayDate#result}",
        "ChannelId": "${#TestCase#channel}",
        "OurBranchId": "03"
    },
    "ClientID": "${CreateCorporateCIF#Response#$['content']['clientID']}",
    "CurrencyID": "AED",
    "Description": "API_HC_Description of Collateral${=org.apache.commons.lang.RandomStringUtils.randomNumeric(3)}",
    "CollateralTypeID": "COLL_ASSIGN",
    "CollateralStatusID": "05",
    "CollateralValue": "1000000",
    "ExRate": "1.00",
    "LocalEq": "1000000",
    "Margin": "20",
    "ReviewDate": "2021-01-31",
    "ExpiryDate": "2022-12-09"
}</con:request>
        <con:originalUri>http://waqfedev.northeurope.cloudapp.azure.com/api/BankSmart/CollateralCreate</con:originalUri>
        <con:assertion type="Simple Contains" id="59447b5c-2867-4ab4-8d92-b61dae5afd00" name="Contains">
          <con:configuration>
            <token>Success</token>
            <ignoreCase>false</ignoreCase>
            <useRegEx>false</useRegEx>
          </con:configuration>
        </con:assertion>
        <con:credentials>
          <con:username>vendor100-erc</con:username>
          <con:password>P@ssw0rd100</con:password>
          <con:selectedAuthProfile>Basic</con:selectedAuthProfile>
          <con:preemptive>true</con:preemptive>
          <con:addedBasicAuthenticationTypes>Basic</con:addedBasicAuthenticationTypes>
          <con:authType>Preemptive</con:authType>
        </con:credentials>
        <con:jmsConfig JMSDeliveryMode="PERSISTENT"/>
        <con:parameters>
          <con:entry key="Content-Type" value="${DataSource#Content-Type}"/>
        </con:parameters>
        <con:parameterOrder>
          <con:entry>Content-Type</con:entry>
        </con:parameterOrder>
      </con:restRequest>
    </con:config>
  </con:testStep>
  <con:testStep type="restrequest" name="LoanCreateAccounts" id="ed2e0980-cf92-47b9-a62a-d4751616904f">
    <con:settings/>
    <con:config service="http://waqfedev.northeurope.cloudapp.azure.com:2181" resourcePath="/api/BankSmart/LoanCreateAccounts" methodName="LoanCreateAccounts" xsi:type="con:RestRequestStep" xmlns:xsi="http://www.w3.org/2001/XMLSchema-instance">
      <con:restRequest name="LoanCreateAccounts" id="54dd8132-ea0f-4c5f-9ebb-34361e5f7285" mediaType="application/json" postQueryString="false">
        <con:settings>
          <con:setting id="com.eviware.soapui.impl.wsdl.WsdlRequest@request-headers">&lt;xml-fragment/></con:setting>
        </con:settings>
        <con:endpoint>${#Project#pURL}</con:endpoint>
        <con:request>{
	"SignOnRq":{
		"LogId": "${=java.util.UUID.randomUUID()}",
		 "DateTime": "${TodayDate#result}",
        "ChannelId": "${#TestCase#channel}",
		"OurBranchId": "03"
	},
	"ClientID": "${CreateCorporateCIF#Response#$['content']['clientID']}",
	"ProductID": "LTLAED",
//	"CreateNew":"1"
}</con:request>
        <con:originalUri>http://waqfedev.northeurope.cloudapp.azure.com/api/BankSmart/LoanCreateAccounts</con:originalUri>
        <con:assertion type="JsonPath Match" id="93792f8f-36ea-4378-abfb-0a8e5eeea901" name="JSONPath Match">
          <con:configuration>
            <path>$['status']['statusMessage']</path>
            <content>"Success"</content>
            <allowWildcards>false</allowWildcards>
            <ignoreNamspaceDifferences>false</ignoreNamspaceDifferences>
            <ignoreComments>false</ignoreComments>
          </con:configuration>
        </con:assertion>
        <con:credentials>
          <con:username>vendor100-erc</con:username>
          <con:password>P@ssw0rd100</con:password>
          <con:selectedAuthProfile>Basic</con:selectedAuthProfile>
          <con:preemptive>true</con:preemptive>
          <con:addedBasicAuthenticationTypes>Basic</con:addedBasicAuthenticationTypes>
          <con:authType>Preemptive</con:authType>
        </con:credentials>
        <con:jmsConfig JMSDeliveryMode="PERSISTENT"/>
        <con:parameters>
          <con:entry key="Content-Type" value="${DataSource#Content-Type}"/>
        </con:parameters>
        <con:parameterOrder>
          <con:entry>Content-Type</con:entry>
        </con:parameterOrder>
      </con:restRequest>
    </con:config>
  </con:testStep>
  <con:testStep type="restrequest" name="AccountLimitCreate" id="6d8b788f-e195-4325-8b25-d0d507305879">
    <con:settings/>
    <con:config service="http://waqfedev.northeurope.cloudapp.azure.com:2181" resourcePath="/api/BankSmart/AccountLimitCreate" methodName="AccountLimitCreate" xsi:type="con:RestRequestStep" xmlns:xsi="http://www.w3.org/2001/XMLSchema-instance">
      <con:restRequest name="AccountLimitCreate" id="33b0eb4a-aeaa-4987-9e4d-97ebbe31adc0" mediaType="application/json" postQueryString="false">
        <con:settings>
          <con:setting id="com.eviware.soapui.impl.wsdl.WsdlRequest@request-headers">&lt;xml-fragment/></con:setting>
        </con:settings>
        <con:endpoint>${#Project#pURL}</con:endpoint>
        <con:request>{
 "SignOnRq":{
  "LogId": "${=java.util.UUID.randomUUID()}",
   "DateTime": "${TodayDate#result}",
        "ChannelId": "${#TestCase#channel}",
  "OurBranchId": "03"
 },
    "FacilityID": "${FacilityCreate#Response#$['content']['facilityID']}",
    "AccountID": "${LoanCreateAccounts#Response#$['content']['loanAccounts'][0]['accountID']}",
    "Limit": 200000,
    "EffectiveDate": "2020-05-27",
    "Limit1": 200000,
    "RateType1": "L",
    "RateID1": "001",
    "Margin1": "1",
    "MinRate1":null,
    "Rate1": 5.5,
    "Limit2": 150000,
    "RateType2": "L",
    "RateID2": "001",
    "MinRate2":null,
    "Margin2": "1.5",
    "Rate2": 5.7,
    "Limit3": 200000,
    "RateType3": "L",
    "RateID3": "001",
    "Margin3": "2",
    "MinRate3": null,
    "Rate3": 5.9,
    "ExcessRateType": "L",
    "ExcessRateID": "001",
    "ExcessMargin": "3",
    "ExcessMinRate":null,
    "ExcessRate": 6
}</con:request>
        <con:originalUri>http://waqfedev.northeurope.cloudapp.azure.com/api/BankSmart/AccountLimitCreate</con:originalUri>
        <con:assertion type="JsonPath Match" id="35e0fbd3-0874-40e9-ab32-aa1d9cb33ff0" name="JSONPath Match">
          <con:configuration>
            <path>$['status']['statusMessage']</path>
            <content>"Success"</content>
            <allowWildcards>false</allowWildcards>
            <ignoreNamspaceDifferences>false</ignoreNamspaceDifferences>
            <ignoreComments>false</ignoreComments>
          </con:configuration>
        </con:assertion>
        <con:credentials>
          <con:username>vendor100-erc</con:username>
          <con:password>P@ssw0rd100</con:password>
          <con:selectedAuthProfile>Basic</con:selectedAuthProfile>
          <con:preemptive>true</con:preemptive>
          <con:addedBasicAuthenticationTypes>Basic</con:addedBasicAuthenticationTypes>
          <con:authType>Preemptive</con:authType>
        </con:credentials>
        <con:jmsConfig JMSDeliveryMode="PERSISTENT"/>
        <con:parameters>
          <con:entry key="Content-Type" value="application/json"/>
        </con:parameters>
        <con:parameterOrder>
          <con:entry>Content-Type</con:entry>
        </con:parameterOrder>
      </con:restRequest>
    </con:config>
  </con:testStep>
  <con:testStep type="restrequest" name="Disbursementv2" id="2df3beb2-1f71-44b5-9510-c74e374c3694">
    <con:settings/>
    <con:config service="http://waqfedev.northeurope.cloudapp.azure.com:2181" resourcePath="/api/BankSmart/DisbursementV2" methodName="LoanDisbursement" xsi:type="con:RestRequestStep" xmlns:xsi="http://www.w3.org/2001/XMLSchema-instance">
      <con:restRequest name="Disbursementv2" id="054c0aae-c8c9-4b42-9f99-7ecdae0fd552" mediaType="application/json" postQueryString="false">
        <con:settings>
          <con:setting id="com.eviware.soapui.impl.wsdl.WsdlRequest@request-headers">&lt;xml-fragment/></con:setting>
        </con:settings>
        <con:endpoint>${#Project#pURL}</con:endpoint>
        <con:request>{
    "signOnRq": {
        "logId": "${=java.util.UUID.randomUUID()}",
        "dateTime": "2020-07-15T09:00:37.096Z",
        "channelId": "2",
        "ourBranchId": "03"
    },
    "accountID": "${LoanCreateAccounts#Response#$['content']['loanAccounts'][0]['accountID']}",
    "loanCategoryID": "001",
    "tenureType": "Y",
    "tenure": 5,
    "method": "B",
    "rePaymentMode": "M",
    "gracePeriod": 0,
    "rateType": "F",
    "interestRate": 4,
    "margin": 0,
    "loanAmount": 100000,
    "esFeeType": "Percentage",
    "minEsFee": 2000,
    "esFeePercentage": 1,
    "remarks": "API_HC_asdfsa",
    "disbursementMode": "S",
    "disbAccountID": "${LoanCreateAccounts#Response#$['content']['loanAccounts'][2]['accountID']}",
    "feesAccountID": "${LoanCreateAccounts#Response#$['content']['loanAccounts'][2]['accountID']}",
    "trxAccountID": "${LoanCreateAccounts#Response#$['content']['loanAccounts'][2]['accountID']}",
    "recAccountID": "${LoanCreateAccounts#Response#$['content']['loanAccounts'][1]['accountID']}",
    "interestAccountID": "${LoanCreateAccounts#Response#$['content']['loanAccounts'][2]['accountID']}",
    "charges": [
//        {
//            "chargeID": "001",
//            "chargeType": "M",
//            "charges": 1
//        }
    ],
	"manualSchedule": [
//    {
//      "percentage": 0,
//      "dueDate": "2020-12-15T09:00:37.096Z"
//    }
  ],
  "penalRate": 0,
  "facilityID": "${FacilityCreate#Response#$['content']['facilityID']}"
}</con:request>
        <con:originalUri>http://waqfedev.northeurope.cloudapp.azure.com/api/BankSmart/LoanDisbursement</con:originalUri>
        <con:assertion type="Valid HTTP Status Codes" id="78239297-c4f1-4399-8d6b-c1ba0a027c44" name="Valid HTTP Status Codes">
          <con:settings/>
          <con:configuration>
            <codes>200</codes>
          </con:configuration>
        </con:assertion>
        <con:credentials>
          <con:username>vendor2-erc</con:username>
          <con:password>aA1!asdf</con:password>
          <con:selectedAuthProfile>Basic</con:selectedAuthProfile>
          <con:preemptive>true</con:preemptive>
          <con:addedBasicAuthenticationTypes>Basic</con:addedBasicAuthenticationTypes>
          <con:authType>Preemptive</con:authType>
        </con:credentials>
        <con:jmsConfig JMSDeliveryMode="PERSISTENT"/>
        <con:parameters>
          <con:entry key="Content-Type" value="application/json"/>
        </con:parameters>
        <con:parameterOrder>
          <con:entry>Content-Type</con:entry>
        </con:parameterOrder>
      </con:restRequest>
    </con:config>
  </con:testStep>
  <con:testStep type="restrequest" name="LoanDisbReversal" id="9cd266ed-e05e-4b5f-aedf-9c3313d536a0" disabled="true">
    <con:settings/>
    <con:config service="http://waqfedev.northeurope.cloudapp.azure.com:2181" resourcePath="/api/BankSmart/LoanDisbReversal" methodName="Method 1" xsi:type="con:RestRequestStep" xmlns:xsi="http://www.w3.org/2001/XMLSchema-instance">
      <con:restRequest name="LoanDisbReversal" id="aef5a446-ac2a-4659-856e-1e4c8cd0cc5d" mediaType="application/json" postQueryString="false">
        <con:settings>
          <con:setting id="com.eviware.soapui.impl.wsdl.WsdlRequest@request-headers">&lt;xml-fragment/></con:setting>
        </con:settings>
        <con:endpoint>${#Project#pURL}</con:endpoint>
        <con:request>{
  "signOnRq": {
    "logId": "string",
    "dateTime": "2021-12-07T07:06:30.175Z",
    "channelId": "2",
    "ourBranchId": "03"
  },
  "referenceNo": "${Disbursementv2#Response#$['content']['referenceNo']}"
}</con:request>
        <con:originalUri>https://waqfevendor.gslb.uat.eradahcapital.com/api/BankSmart/LoanDisbReversal</con:originalUri>
        <con:assertion type="Valid HTTP Status Codes" id="005c5301-81f1-4ef3-84d0-72856edd6e10" name="Valid HTTP Status Codes">
          <con:settings/>
          <con:configuration>
            <codes>200</codes>
          </con:configuration>
        </con:assertion>
        <con:credentials>
          <con:username>vendor2-erc</con:username>
          <con:password>aA1!asdf</con:password>
          <con:selectedAuthProfile>Basic</con:selectedAuthProfile>
          <con:preemptive>true</con:preemptive>
          <con:addedBasicAuthenticationTypes>Basic</con:addedBasicAuthenticationTypes>
          <con:authType>Preemptive</con:authType>
        </con:credentials>
        <con:jmsConfig JMSDeliveryMode="PERSISTENT"/>
        <con:parameters>
          <con:entry key="Auhtorization" value="Basic dmVuZG9yNS1lcmM6UEBzc3cwcmQ1"/>
          <con:entry key="Content-Type" value="application/json"/>
        </con:parameters>
        <con:parameterOrder>
          <con:entry>Content-Type</con:entry>
          <con:entry>Auhtorization</con:entry>
        </con:parameterOrder>
      </con:restRequest>
    </con:config>
  </con:testStep>
  <con:testStep type="restrequest" name="DeactivateCIF" id="ec89ad9f-ae81-409f-a55a-b0ae9687ff53" disabled="true">
    <con:settings/>
    <con:config service="http://waqfedev.northeurope.cloudapp.azure.com:2181" resourcePath="/api/BankSmart/UpdateCifStatus" methodName="Method 1" xsi:type="con:RestRequestStep" xmlns:xsi="http://www.w3.org/2001/XMLSchema-instance">
      <con:restRequest name="DeactivateCIF" id="3d47658e-40be-41d7-9999-330c33d56dd0" mediaType="application/json" postQueryString="false">
        <con:settings>
          <con:setting id="com.eviware.soapui.impl.wsdl.WsdlRequest@request-headers">&lt;xml-fragment/></con:setting>
        </con:settings>
        <con:endpoint>${#Project#pURL}</con:endpoint>
        <con:request>{
  "signOnRq": {
    "logId": "${=java.util.UUID.randomUUID()}",
    "dateTime": "2021-11-30T11:00:13.125Z",
    "channelId": "13",
    "ourBranchId": "03"
  },
  "clientId": "${CreateCorporateCIF#Response#$['content']['clientID']}",
  "status": "D"
}</con:request>
        <con:originalUri>https://waqfevendor.gslb.uat.eradahcapital.com/api/BankSmart/UpdateCifStatus</con:originalUri>
        <con:assertion type="Valid HTTP Status Codes" id="c159797e-e53b-463a-88ab-f5f26e707038" name="Valid HTTP Status Codes">
          <con:settings/>
          <con:configuration>
            <codes>200</codes>
          </con:configuration>
        </con:assertion>
        <con:credentials>
          <con:username>vendor13-erc</con:username>
          <con:password>P@ssw0rd13</con:password>
          <con:selectedAuthProfile>Basic</con:selectedAuthProfile>
          <con:preemptive>true</con:preemptive>
          <con:addedBasicAuthenticationTypes>Basic</con:addedBasicAuthenticationTypes>
          <con:authType>Preemptive</con:authType>
        </con:credentials>
        <con:jmsConfig JMSDeliveryMode="PERSISTENT"/>
        <con:parameters>
          <con:entry key="Authorization" value="Basic dmVuZG9yNS1lcmM6UEBzc3cwcmQ1"/>
          <con:entry key="Content-Type" value="application/json"/>
        </con:parameters>
        <con:parameterOrder>
          <con:entry>Content-Type</con:entry>
          <con:entry>Authorization</con:entry>
        </con:parameterOrder>
      </con:restRequest>
    </con:config>
  </con:testStep>
  <con:testStep type="restrequest" name="LoanDetail" id="0bc0e8fe-04ac-4b04-bd43-b6652f8a065a" disabled="true">
    <con:settings/>
    <con:config service="http://waqfedev.northeurope.cloudapp.azure.com:2181" resourcePath="/api​/BankSmart​/LoanDetails" methodName="Method 1" xsi:type="con:RestRequestStep" xmlns:xsi="http://www.w3.org/2001/XMLSchema-instance">
      <con:restRequest name="LoanDetail" id="ba3fc08e-bfb3-4669-87e3-be67ee87fe3d" mediaType="application/json" postQueryString="false">
        <con:settings>
          <con:setting id="com.eviware.soapui.impl.wsdl.WsdlRequest@request-headers">&lt;xml-fragment/></con:setting>
        </con:settings>
        <con:endpoint>${#Project#pURL}</con:endpoint>
        <con:request>{
  "signOnRq": {
    "logId": "${=java.util.UUID.randomUUID()}",
        "dateTime": "${TodayDate#result}",
        "channelId": "10",
        "ourBranchId": "03"
  },
  "clientId": "${CreateCorporateCIF#Response#$['content']['clientID']}",
  "facilityID": "${FacilityCreate#Response#$['content']['facilityID']}",
  "productID": "${LoanCreateAccounts#Response#$['content']['loanAccounts'][0]['productID']}"
}</con:request>
        <con:originalUri>http://waqfedev.northeurope.cloudapp.azure.com/api​/BankSmart​/LoanDetails</con:originalUri>
        <con:assertion type="Valid HTTP Status Codes" id="81da1fb9-a895-458a-b7ae-63f0e3dc78ef" name="Valid HTTP Status Codes">
          <con:settings/>
          <con:configuration>
            <codes>200</codes>
          </con:configuration>
        </con:assertion>
        <con:credentials>
          <con:username>vendor10-erc</con:username>
          <con:password>P@ssw0rd10</con:password>
          <con:selectedAuthProfile>Basic</con:selectedAuthProfile>
          <con:preemptive>true</con:preemptive>
          <con:addedBasicAuthenticationTypes>Basic</con:addedBasicAuthenticationTypes>
          <con:authType>Preemptive</con:authType>
        </con:credentials>
        <con:jmsConfig JMSDeliveryMode="PERSISTENT"/>
        <con:parameters>
          <con:entry key="Content-Type" value="application/json"/>
        </con:parameters>
        <con:parameterOrder>
          <con:entry>Content-Type</con:entry>
        </con:parameterOrder>
      </con:restRequest>
    </con:config>
  </con:testStep>
  <con:properties>
    <con:property>
      <con:name>Date</con:name>
      <con:value>2022-02-04</con:value>
    </con:property>
    <con:property>
      <con:name>channel</con:name>
      <con:value>100</con:value>
    </con:property>
    <con:property>
      <con:name>apiname</con:name>
      <con:value>API HC</con:value>
    </con:property>
  </con:properties>
  <con:reportParameters/>
  <con:breakPoints>
    <con:testStepId>fdf90dda-a649-4c45-80b4-5581d42dda3b</con:testStepId>
    <con:status>NONE</con:status>
    <con:properties/>
  </con:breakPoints>
  <con:breakPoints>
    <con:testStepId>e16b13f5-fe9e-45f0-9016-6ddd43a53747</con:testStepId>
    <con:status>NONE</con:status>
    <con:properties/>
  </con:breakPoints>
</con:testCase>
