<?xml version="1.0" encoding="UTF-8"?>
<con:soapui-project id="b2d2441a-a630-40df-bc59-c48a4ad8fae9" created="2.8.0" activeEnvironment="Default environment" name="MWTestingCycle16 copy" resourceRoot="" updated="3.20.1 2022-01-18T13:40:47Z" encryptionMode="Not encrypted" xmlns:con="http://eviware.com/soapui/config">
  <con:settings/>
  <con:interface xsi:type="con:RestService" id="528e36cb-377a-41fa-8294-43431618848c" wadlVersion="http://wadl.dev.java.net/2009/02" name="http://${#Project#url}" type="rest" xmlns:xsi="http://www.w3.org/2001/XMLSchema-instance">
    <con:settings/>
    <con:definitionCache type="TEXT" rootPart=""/>
    <con:endpoints>
      <con:endpoint>http://${#Project#url}</con:endpoint>
    </con:endpoints>
    <con:resource name="ScreeningLegalPersonModel" path="/api/IMTF/ScreeningLegalPersonModel" id="71e530ab-c98a-463d-abd9-f32b7bcde0e7">
      <con:settings/>
      <con:parameters/>
      <con:method name="ScreeningLegalPersonModel" id="4391a11a-7f5b-4aa2-b82d-f85bd3aa323c" method="POST">
        <con:settings/>
        <con:parameters>
          <con:parameter>
            <con:name>Content-Type</con:name>
            <con:value>application/json</con:value>
            <con:style>HEADER</con:style>
            <con:default/>
            <con:path xsi:nil="true"/>
            <con:description xsi:nil="true"/>
          </con:parameter>
        </con:parameters>
        <con:request name="ScreeningLegalPersonModel" id="b615e2b7-cce9-4a9d-908b-51c845a90646" mediaType="application/json">
          <con:settings/>
          <con:endpoint>http://${#Project#url}</con:endpoint>
          <con:request>{\r
	"RequestMetaData": {\r
		"type": "NBK_SCR_CRP",\r
		"sendTime": "25/03/2020 08:03:53.070847",\r
		"timeZone": "4",\r
		"userId": "SYSTEM",\r
		"requestUid": "74cf63f5-f4b5-48c9-b291-b0665291025d",\r
		"orgUnit": "ORG_GLOBAL/ORG_AE/AE_CORP",\r
		"branchCompanyId": "HAS",\r
		"branchLocationId": "784101",\r
		"systemId": "10",\r
		"serviceId": "NBK_SCR_CRP"\r
	},\r
	"RequestDataObject": {\r
		"DoiPerson": [{\r
			"entityType": "3001",\r
			"originId": "000115426",\r
			"listId": "ORG_GLOBAL/ORG_AE/AE_CORP/CUS",\r
			"legalStatus": "L",\r
			"fullName": "Bin Darwish General Contracting &amp; Maintenance Est",\r
			"sex": null,\r
			"function": null,\r
			"profOccupation": null,\r
			"activityCode": "CENBK",\r
			"businessCode": null,\r
			"dob": null,\r
			"startDtg": "27/4/2016 00:00:00.000000",\r
			"placeOfBirth": null,\r
			"cityOfBirth": null,\r
			"countryOfBirth": null,\r
			"legalForm": null,\r
			"customerStatus": null,\r
			"vatNumber": null,\r
			"giin": null,\r
			"tin": null,\r
			"DoiNickname": null,\r
			"DoiPersonPhysChar": [{\r
				"originId": "000115426",\r
				"listId": "ORG_GLOBAL/ORG_AE/AE_CORP/CUS",\r
				"nationality": "ARE",\r
				"businessCode": null\r
			}, {\r
				"originId": "000115426_SIC_1",\r
				"listId": "ORG_GLOBAL/ORG_AE/AE_CORP/CUS",\r
				"nationality": null,\r
				"businessCode": "0130"\r
			}],\r
			"DoiIdentificationDocEntity": [{\r
				"entityType": "18",\r
				"originId": "000115426_1",\r
				"listId": "ORG_GLOBAL/ORG_AE/AE_CORP/CUS_ID",\r
				"type": "TLL",\r
				"issuingCountry": "ARE",\r
				"number": "2456765434",\r
				"collectDate": null,\r
				"startDtg": "27/4/2016 00:00:00.000000",\r
				"endDtg": "5/4/2034 00:00:00.000000"\r
			}],\r
			"DoiLocation": [{\r
				"entityType": "21",\r
				"originId": "000115426_2",\r
				"listId": "ORG_GLOBAL/ORG_AE/AE_CORP/CUS_ADR",\r
				"fullStreetAddress": "abudabhi street abudabhi ",\r
				"country": "ARE",\r
				"addressPurposeId": "001",\r
				"city": "Dubai City"\r
			}],\r
			"DoiPhoneEntity": [{\r
				"entityType": "10",\r
				"originId": "000115426_3",\r
				"listId": "ORG_GLOBAL/ORG_AE/AE_CORP/CUS_4N",\r
				"phoneIdentifierFull": null,\r
				"number": "+971344567876",\r
				"countryPrefix": null,\r
				"country": null,\r
				"type": null\r
			}],\r
			"DoiEMailEntity": [{\r
				"entityType": "16",\r
				"originId": "000115426_5",\r
				"listId": "ORG_GLOBAL/ORG_AE/AE_CORP/CUS_EMAIL",\r
				"email": "testcycle16data786@gdp.com",\r
				"emailType": null\r
			}],\r
			"DoiAccountEntity": [{\r
				"entityType": "4",\r
				"originId": "0150100011542601",\r
				"listId": "ORG_GLOBAL/ORG_AE/AE_CORP/CUS_ACC",\r
				"accountType": "CCAAED",\r
				"accountNumber": "0150100011542601",\r
				"bic": null,\r
				"bankIban": "AE480900150100011542601",\r
				"bankName": null,\r
				"branchName": null,\r
				"branchCity": null,\r
				"branchCountry": "AE",\r
				"status": "InActive",\r
				"openingDate": "25/03/2020 08:03:53.088847",\r
				"closingDate": null,\r
				"DoiAccountBalance": null\r
			}],\r
			"DoiRelation": [{\r
				"entityType": "2000",\r
				"originId": "000115426_RELAT_1",\r
				"listId": "ORG_GLOBAL/ORG_AE/AE_CORP/RELAT",\r
				"originIdEnd1": "000115426",\r
				"originIdEnd2": "000115426_Contact",\r
				"type": null,\r
				"linkDirection": "0",\r
				"linkWeight": null,\r
				"description": "ContactName",\r
				"startDtg": null,\r
				"startDtgTz": null,\r
				"endDtg": null,\r
				"endDtgTz": null\r
			}, {\r
				"entityType": "2000",\r
				"originId": "000115426_RELAT_2",\r
				"listId": "ORG_GLOBAL/ORG_AE/AE_CORP/RELAT",\r
				"originIdEnd1": "000115426",\r
				"originIdEnd2": "000115426_Rep_SH_51231",\r
				"type": null,\r
				"linkDirection": "0",\r
				"linkWeight": "0.00",\r
				"description": "Shareholder",\r
				"startDtg": null,\r
				"startDtgTz": null,\r
				"endDtg": null,\r
				"endDtgTz": null\r
			}, {\r
				"entityType": "2000",\r
				"originId": "000115426_RELAT_3",\r
				"listId": "ORG_GLOBAL/ORG_AE/AE_CORP/RELAT",\r
				"originIdEnd1": "000115426",\r
				"originIdEnd2": "000115426_Rep_SG_47154",\r
				"type": null,\r
				"linkDirection": "0",\r
				"linkWeight": null,\r
				"description": "Signatory",\r
				"startDtg": null,\r
				"startDtgTz": null,\r
				"endDtg": null,\r
				"endDtgTz": null\r
			}]\r
		}, {\r
			"entityType": "3001",\r
			"originId": "000115426_Contact",\r
			"listId": "ORG_GLOBAL/ORG_AE/AE_CORP/REP",\r
			"legalStatus": "N",\r
			"fullName": "abdul rahman",\r
			"sex": null,\r
			"function": null,\r
			"profOccupation": null,\r
			"activityCode": null,\r
			"businessCode": null,\r
			"dob": null,\r
			"startDtg": null,\r
			"placeOfBirth": null,\r
			"cityOfBirth": null,\r
			"countryOfBirth": null,\r
			"legalForm": null,\r
			"customerStatus": null,\r
			"vatNumber": null,\r
			"giin": null,\r
			"tin": null,\r
			"DoiNickname": null,\r
			"DoiPersonPhysChar": null,\r
			"DoiIdentificationDocEntity": null,\r
			"DoiLocation": null,\r
			"DoiPhoneEntity": null,\r
			"DoiEMailEntity": null,\r
			"DoiAccountEntity": null,\r
			"DoiRelation": []\r
		}, {\r
			"entityType": "3001",\r
			"originId": "000115426_Rep_SH_51231",\r
			"listId": "ORG_GLOBAL/ORG_AE/AE_CORP/REP",\r
			"legalStatus": "N",\r
			"fullName": " AHMADMOHAMAD ABDULLAH",\r
			"sex": null,\r
			"function": null,\r
			"profOccupation": null,\r
			"activityCode": null,\r
			"businessCode": null,\r
			"dob": "27/07/1968 00:00:00.000000",\r
			"startDtg": null,\r
			"placeOfBirth": null,\r
			"cityOfBirth": null,\r
			"countryOfBirth": null,\r
			"legalForm": null,\r
			"customerStatus": null,\r
			"vatNumber": null,\r
			"giin": null,\r
			"tin": "",\r
			"DoiNickname": null,\r
			"DoiPersonPhysChar": [{\r
				"originId": "000115426_Rep_SH_51231_1",\r
				"listId": "ORG_GLOBAL/ORG_AE/AE_CORP/REP",\r
				"nationality": "ARE",\r
				"businessCode": null\r
			}],\r
			"DoiIdentificationDocEntity": [{\r
				"entityType": "18",\r
				"originId": "000115426_Rep_SH_51231_2",\r
				"listId": "ORG_GLOBAL/ORG_AE/AE_CORP/REP_ID",\r
				"type": "EID",\r
				"issuingCountry": "ARE",\r
				"number": "784196870643515",\r
				"collectDate": null,\r
				"startDtg": null,\r
				"endDtg": "22/03/2025 00: 03:00.000000"\r
			}],\r
			"DoiLocation": null,\r
			"DoiPhoneEntity": null,\r
			"DoiEMailEntity": null,\r
			"DoiAccountEntity": null,\r
			"DoiRelation": []\r
		}, {\r
			"entityType": "3001",\r
			"originId": "000115426_Rep_SG_47154",\r
			"listId": "ORG_GLOBAL/ORG_AE/AE_CORP/REP",\r
			"legalStatus": "N",\r
			"fullName": " AHMADMOHAMAD ABDULLAH",\r
			"sex": null,\r
			"function": null,\r
			"profOccupation": null,\r
			"activityCode": null,\r
			"businessCode": null,\r
			"dob": "27/7/1968 00:00:00.000000",\r
			"startDtg": null,\r
			"placeOfBirth": null,\r
			"cityOfBirth": null,\r
			"countryOfBirth": null,\r
			"legalForm": null,\r
			"customerStatus": null,\r
			"vatNumber": null,\r
			"giin": null,\r
			"tin": "",\r
			"DoiNickname": null,\r
			"DoiPersonPhysChar": null,\r
			"DoiIdentificationDocEntity": [{\r
				"entityType": "18",\r
				"originId": "000115426_Rep_SG_47154_4",\r
				"listId": "ORG_GLOBAL/ORG_AE/AE_CORP/REP_ID",\r
				"type": "PAS",\r
				"issuingCountry": null,\r
				"number": null,\r
				"collectDate": null,\r
				"startDtg": null,\r
				"endDtg": ""\r
			}],\r
			"DoiLocation": null,\r
			"DoiPhoneEntity": [{\r
				"entityType": "10",\r
				"originId": "000115426_Rep_SG_47154_1",\r
				"listId": "ORG_GLOBAL/ORG_AE/AE_CORP/REP_4N",\r
				"phoneIdentifierFull": null,\r
				"number": "+971-332456765",\r
				"countryPrefix": null,\r
				"country": null,\r
				"type": null\r
			}],\r
			"DoiEMailEntity": [{\r
				"entityType": "16",\r
				"originId": "000115426_Rep_SG_47154_2",\r
				"listId": "ORG_GLOBAL/ORG_AE/AE_CORP/REP_EMAIL",\r
				"email": "testcycle16data4004@ghjk.com",\r
				"emailType": null\r
			}],\r
			"DoiAccountEntity": null,\r
			"DoiRelation": []\r
		}]\r
	},\r
	"SignOnRq": {\r
		"LogId": "31da9036-1c75-4b08-b1f3-33dd77c311ff",\r
		"DateTime": "2020-03-19 05:03:08",\r
		"ChannelId": "20",\r
		"OurBranchId": "01"\r
	}\r
}</con:request>
          <con:credentials>
            <con:selectedAuthProfile>No Authorization</con:selectedAuthProfile>
            <con:authType>No Authorization</con:authType>
          </con:credentials>
          <con:parameters>
            <entry key="Content-Type" value="application/json" xmlns="http://eviware.com/soapui/config"/>
          </con:parameters>
          <con:parameterOrder>
            <con:entry>Content-Type</con:entry>
          </con:parameterOrder>
        </con:request>
      </con:method>
    </con:resource>
    <con:resource name="ComplianceCaseManagementCloseCase" path="/api/CRM/ComplianceCaseManagementCloseCase" id="9c980854-ae00-4c90-b25e-0abb633a4288">
      <con:settings/>
      <con:parameters/>
      <con:method name="ComplianceCaseManagementCloseCase" id="8fec7099-d56e-4119-ab03-acf697d1574f" method="POST">
        <con:settings/>
        <con:parameters>
          <con:parameter>
            <con:name>Content-Type</con:name>
            <con:value>application/json</con:value>
            <con:style>HEADER</con:style>
            <con:default/>
            <con:path xsi:nil="true"/>
            <con:description xsi:nil="true"/>
          </con:parameter>
        </con:parameters>
        <con:representation type="FAULT">
          <con:mediaType>application/json; charset=utf-8</con:mediaType>
          <con:status>400</con:status>
          <con:params/>
          <con:element xmlns:com="https://waqfepayment.gslb.uat.eradahcapital.com/api/CRM/ComplianceCaseManagementCloseCase">com:Fault</con:element>
        </con:representation>
        <con:representation type="REQUEST">
          <con:mediaType>application/json</con:mediaType>
          <con:params/>
        </con:representation>
        <con:request name="ComplianceCaseManagementCloseCase" id="5f95a2ac-55f4-4a33-b121-4fd5975e0ef2" mediaType="application/json" postQueryString="false">
          <con:settings/>
          <con:endpoint>http://${#Project#url}</con:endpoint>
          <con:request>{
    "signOnRq": {
        "LogId": "e0ccbe1a-dfdd-4753-a4c7-acc6fb0665e3",
        "DateTime": "2019-03-06T00:00:00",
        "ChannelId": "5",
        "OurBranchId": "01"
    },
    "RootObject": {
        "Data": "{ \"caseId\":\"0001\", \"caseDescription\": \"description text\" }"
    }
}</con:request>
          <con:credentials>
            <con:selectedAuthProfile>No Authorization</con:selectedAuthProfile>
            <con:authType>No Authorization</con:authType>
          </con:credentials>
          <con:jmsConfig JMSDeliveryMode="PERSISTENT"/>
          <con:parameters>
            <entry key="Content-Type" value="application/json" xmlns="http://eviware.com/soapui/config"/>
          </con:parameters>
          <con:parameterOrder>
            <con:entry>Content-Type</con:entry>
          </con:parameterOrder>
        </con:request>
      </con:method>
    </con:resource>
    <con:resource name="ComplianceCaseManagementCreateCase" path="/api/CRM/ComplianceCaseManagementCreateCase" id="8cd346bd-a48f-4086-b373-3b9f5b902d2d">
      <con:settings/>
      <con:parameters/>
      <con:method name="ComplianceCaseManagementCreateCase" id="f9f0b895-0579-4e63-bb8f-94c6e2c5ff3d" method="POST">
        <con:settings/>
        <con:parameters>
          <con:parameter>
            <con:name>Content-Type</con:name>
            <con:value>application/json</con:value>
            <con:style>HEADER</con:style>
            <con:default/>
            <con:path xsi:nil="true"/>
            <con:description xsi:nil="true"/>
          </con:parameter>
        </con:parameters>
        <con:representation type="REQUEST">
          <con:mediaType>application/json</con:mediaType>
          <con:params/>
        </con:representation>
        <con:representation type="FAULT">
          <con:mediaType>text/html;charset=utf-8</con:mediaType>
          <con:status>403</con:status>
          <con:params/>
          <con:element>html</con:element>
        </con:representation>
        <con:representation type="FAULT">
          <con:mediaType>application/json; charset=utf-8</con:mediaType>
          <con:status>400</con:status>
          <con:params/>
          <con:element xmlns:com="http://null/api/CRM/ComplianceCaseManagementCreateCase">com:Fault</con:element>
        </con:representation>
        <con:request name="ComplianceCaseManagementCreateCase" id="8e1f51c4-57e7-4136-897a-b7f2fed35e9b" mediaType="application/json" postQueryString="false">
          <con:settings/>
          <con:endpoint>http://${#Project#url}</con:endpoint>
          <con:request>{
    "signOnRq": {
        "LogId": "e0ccbe1a-pfdd-4753-a4c7-acc6pp0665e3",
        "DateTime": "2019-03-06T00:00:00",
        "ChannelId": "13",
        "OurBranchId": "01"
    },
    "RootObject": {
	"Data": "{ \"caseId\": \"0091\", \"customerId\": \"000000031\", \"caseType\": 1, \"caseDescription\": \"description text\", \"questions\": [{ \"questionId\": \"0001\", \"questionText\": \"question 1\" }] }"
}
}</con:request>
          <con:credentials>
            <con:selectedAuthProfile>No Authorization</con:selectedAuthProfile>
            <con:authType>No Authorization</con:authType>
          </con:credentials>
          <con:jmsConfig JMSDeliveryMode="PERSISTENT"/>
          <con:parameters>
            <entry key="Content-Type" value="application/json" xmlns="http://eviware.com/soapui/config"/>
          </con:parameters>
          <con:parameterOrder>
            <con:entry>Content-Type</con:entry>
          </con:parameterOrder>
        </con:request>
      </con:method>
    </con:resource>
    <con:resource name="ComplianceCaseManagementCreatePhoneCall" path="/api/CRM/ComplianceCaseManagementCreatePhoneCall" id="02516ebd-da00-434c-ba13-9d8ea53594ef">
      <con:settings/>
      <con:parameters/>
      <con:method name="ComplianceCaseManagementCreatePhoneCall" id="d7a2c8f4-c79d-4fe3-ade4-dbc2eb4aeee4" method="POST">
        <con:settings/>
        <con:parameters>
          <con:parameter>
            <con:name>Content-Type</con:name>
            <con:value>application/json</con:value>
            <con:style>HEADER</con:style>
            <con:default/>
            <con:path xsi:nil="true"/>
            <con:description xsi:nil="true"/>
          </con:parameter>
        </con:parameters>
        <con:representation type="FAULT">
          <con:mediaType>application/json; charset=utf-8</con:mediaType>
          <con:status>400</con:status>
          <con:params/>
          <con:element xmlns:com="https://waqfepayment.gslb.uat.eradahcapital.com/api/CRM/ComplianceCaseManagementCreatePhoneCall">com:Fault</con:element>
        </con:representation>
        <con:representation type="REQUEST">
          <con:mediaType>application/json</con:mediaType>
          <con:params/>
        </con:representation>
        <con:request name="ComplianceCaseManagementCreatePhoneCall" id="0ad925ed-148d-4283-8431-1e090024345c" mediaType="application/json" postQueryString="false">
          <con:settings/>
          <con:endpoint>http://${#Project#url}</con:endpoint>
          <con:request>{
    "signOnRq": {
        "LogId": "e0ccbe1a-dfdd-4753-a4c7-acc6fb0665e3",
        "DateTime": "2019-03-06T00:00:00",
        "ChannelId": "5",
        "OurBranchId": "01"
    },
    "RootObject": {
        "Data": "{ \"caseId\": \"0001\", \"questions\": [{ \"questionId\": \"0001\", \"questionText\": \"question 1\" }] }"
    }
}</con:request>
          <con:credentials>
            <con:selectedAuthProfile>No Authorization</con:selectedAuthProfile>
            <con:authType>No Authorization</con:authType>
          </con:credentials>
          <con:jmsConfig JMSDeliveryMode="PERSISTENT"/>
          <con:parameters>
            <entry key="Content-Type" value="application/json" xmlns="http://eviware.com/soapui/config"/>
          </con:parameters>
          <con:parameterOrder>
            <con:entry>Content-Type</con:entry>
          </con:parameterOrder>
        </con:request>
      </con:method>
    </con:resource>
    <con:resource name="EDCFraudCaseManagementUpdateCase" path="" id="405cefbd-6da5-446f-98f8-65ab9df6f281">
      <con:settings/>
      <con:parameters/>
      <con:resource name="Copy of EDCFraudCaseManagementUpdateCase" path="/api/CRM/EDCFraudCaseManagementUpdateCase" id="5631484d-7398-4729-8064-38926917bcb9">
        <con:settings/>
        <con:parameters/>
        <con:method name="EDCFraudCaseManagementUpdateCase" id="659378fa-125a-46c4-b081-1562bc68ab53" method="POST">
          <con:settings/>
          <con:parameters>
            <con:parameter>
              <con:name>Content-Type</con:name>
              <con:value>application/json</con:value>
              <con:style>HEADER</con:style>
              <con:default/>
              <con:path xsi:nil="true"/>
              <con:description xsi:nil="true"/>
            </con:parameter>
          </con:parameters>
          <con:representation type="FAULT">
            <con:mediaType>text/html;charset=utf-8</con:mediaType>
            <con:status>403</con:status>
            <con:params/>
            <con:element>html</con:element>
          </con:representation>
          <con:representation type="REQUEST">
            <con:mediaType>application/json</con:mediaType>
            <con:params/>
          </con:representation>
          <con:representation type="FAULT">
            <con:mediaType>application/json; charset=utf-8</con:mediaType>
            <con:status>400</con:status>
            <con:params/>
            <con:element xmlns:edc="http://https/waqfepayment.gslb.uat.eradahcapital.com/api/CRM/EDCFraudCaseManagementUpdateCase">edc:Fault</con:element>
          </con:representation>
          <con:request name="EDCFraudCaseManagementUpdateCase" id="f5ce2bd9-6eff-4863-acee-2178bffc05a7" mediaType="application/json">
            <con:settings/>
            <con:endpoint>http://${#Project#url}</con:endpoint>
            <con:request>{
    "signOnRq": {
        "LogId": "e0ccbe1a-dfdd-4753-a4c7-acc6fb0665e3",
        "DateTime": "2019-03-06T00:00:00",
        "ChannelId": "5",
        "OurBranchId": "01"
    },
    "RootObject": {
        "CaseId": "448fb0c6-8be3-48bc-9aff-3ad3acb4ef89",
        "Description": "description text",
        "Status": 0
    }
}</con:request>
            <con:credentials>
              <con:selectedAuthProfile>No Authorization</con:selectedAuthProfile>
              <con:authType>No Authorization</con:authType>
            </con:credentials>
            <con:parameters>
              <entry key="Content-Type" value="application/json" xmlns="http://eviware.com/soapui/config"/>
            </con:parameters>
            <con:parameterOrder>
              <con:entry>Content-Type</con:entry>
            </con:parameterOrder>
          </con:request>
        </con:method>
      </con:resource>
    </con:resource>
    <con:resource name="EDCFraudCaseManagementUpdateCase" path="" id="f97d8bc1-1166-4e02-aa72-379f66f42925">
      <con:settings/>
      <con:parameters/>
      <con:resource name="Copy of EDCFraudCaseManagementUpdateCase" path="/api/CRM/EDCFraudCaseManagementUpdateCase" id="5631484d-7398-4729-8064-38926917bcb9">
        <con:settings/>
        <con:parameters/>
        <con:method name="EDCFraudCaseManagementUpdateCase" id="659378fa-125a-46c4-b081-1562bc68ab53" method="POST">
          <con:settings/>
          <con:parameters>
            <con:parameter>
              <con:name>Content-Type</con:name>
              <con:value>application/json</con:value>
              <con:style>HEADER</con:style>
              <con:default/>
              <con:path xsi:nil="true"/>
              <con:description xsi:nil="true"/>
            </con:parameter>
          </con:parameters>
          <con:request name="EDCFraudCaseManagementUpdateCase" id="f5ce2bd9-6eff-4863-acee-2178bffc05a7" mediaType="application/json">
            <con:settings/>
            <con:endpoint>http://${#Project#url}</con:endpoint>
            <con:request>{
    "signOnRq": {
        "LogId": "e0ccbe1a-dfdd-4753-a4c7-acc6fb0665e3",
        "DateTime": "2019-03-06T00:00:00",
        "ChannelId": "5",
        "OurBranchId": "01"
    },
    "RootObject": {
        "CaseId": "448fb0c6-8be3-48bc-9aff-3ad3acb4ef89",
        "Description": "description text",
        "Status": 0
    }
}</con:request>
            <con:credentials>
              <con:selectedAuthProfile>No Authorization</con:selectedAuthProfile>
              <con:authType>No Authorization</con:authType>
            </con:credentials>
            <con:parameters>
              <entry key="Content-Type" value="application/json" xmlns="http://eviware.com/soapui/config"/>
            </con:parameters>
            <con:parameterOrder>
              <con:entry>Content-Type</con:entry>
            </con:parameterOrder>
          </con:request>
        </con:method>
      </con:resource>
    </con:resource>
  </con:interface>
  <con:testSuite id="56f1afaa-4039-4ad8-b6fa-68fb9cb00ac8" name="CRM">
    <con:settings/>
    <con:savedRecentRuns>1</con:savedRecentRuns>
    <con:runType>SEQUENTIAL</con:runType>
    <con:testCase id="2b1fa98e-6523-43d6-a630-11c1c923ce40" discardOkResults="false" failOnError="false" failTestCaseOnErrors="true" keepSession="false" name="CRM" searchProperties="true" timeout="0" wsrmEnabled="false" wsrmVersion="1.0" wsrmAckTo="" amfAuthorisation="false" amfEndpoint="" amfLogin="" amfPassword="" zephyrTestName="" zephyrTestId="">
      <con:settings/>
      <con:savedRecentRuns>1</con:savedRecentRuns>
      <con:testStep type="restrequest" name="ComplianceCaseManagementCreateCase" id="fba980ba-bdea-4a65-b7a3-66c44d035cf5">
        <con:settings/>
        <con:config service="http://${#Project#url}" resourcePath="/api/CRM/ComplianceCaseManagementCreateCase" methodName="ComplianceCaseManagementCreateCase" xsi:type="con:RestRequestStep" xmlns:xsi="http://www.w3.org/2001/XMLSchema-instance">
          <con:restRequest name="ComplianceCaseManagementCreateCase" id="8e1f51c4-57e7-4136-897a-b7f2fed35e9b" mediaType="application/json" postQueryString="false">
            <con:settings>
              <con:setting id="com.eviware.soapui.impl.wsdl.WsdlRequest@request-headers">&lt;xml-fragment/></con:setting>
            </con:settings>
            <con:endpoint>${#Project#url}</con:endpoint>
            <con:request>{
    "signOnRq": {
        "LogId": "${=java.util.UUID.randomUUID()}",
        "DateTime": "2019-03-06T00:00:00",
        "ChannelId": "13",
        "OurBranchId": "01"
    },
    "RootObject": {
	"Data": "{ \"caseId\": \"0096\", \"customerId\": \"000013688\", \"caseType\": 1, \"caseDescription\": \"description text\", \"questions\": [{ \"questionId\": \"0008\", \"questionText\": \"question 1\" }] }"
}
}</con:request>
            <con:originalUri>http://null/api/CRM/ComplianceCaseManagementCreateCase</con:originalUri>
            <con:assertion type="Valid HTTP Status Codes" id="91b18f09-3e8a-4d15-87d7-ff6efc7e4cda" name="Valid HTTP Status Codes">
              <con:settings/>
              <con:configuration>
                <codes>200</codes>
              </con:configuration>
            </con:assertion>
            <con:assertion type="Response SLA Assertion" id="18c116c2-0aef-49b9-a333-871f6670a657" name="Response SLA">
              <con:configuration>
                <SLA>200</SLA>
              </con:configuration>
            </con:assertion>
            <con:credentials>
              <con:username>vendor13-erc</con:username>
              <con:password>P@ssw0rd13</con:password>
              <con:selectedAuthProfile>Basic</con:selectedAuthProfile>
              <con:preemptive>true</con:preemptive>
              <con:addedBasicAuthenticationTypes>Basic</con:addedBasicAuthenticationTypes>
              <con:authType>Preemptive</con:authType>
            </con:credentials>
            <con:jmsConfig JMSDeliveryMode="PERSISTENT"/>
            <con:parameters>
              <entry key="Content-Type" value="application/json" xmlns="http://eviware.com/soapui/config"/>
            </con:parameters>
            <con:parameterOrder>
              <con:entry>Content-Type</con:entry>
            </con:parameterOrder>
          </con:restRequest>
        </con:config>
      </con:testStep>
      <con:testStep type="restrequest" name="ComplianceCaseManagementCreatePhoneCall" id="6509a8de-e305-4b96-92da-409894070545">
        <con:settings/>
        <con:config service="http://${#Project#url}" resourcePath="/api/CRM/ComplianceCaseManagementCreatePhoneCall" methodName="ComplianceCaseManagementCreatePhoneCall" xsi:type="con:RestRequestStep" xmlns:xsi="http://www.w3.org/2001/XMLSchema-instance">
          <con:restRequest name="ComplianceCaseManagementCreatePhoneCall" id="0ad925ed-148d-4283-8431-1e090024345c" mediaType="application/json" postQueryString="false">
            <con:settings>
              <con:setting id="com.eviware.soapui.impl.wsdl.WsdlRequest@request-headers">&lt;xml-fragment/></con:setting>
            </con:settings>
            <con:endpoint>${#Project#url}</con:endpoint>
            <con:request>{\r
   "signOnRq" : {\r
      "LogId" : "${=java.util.UUID.randomUUID()}",\r
      "DateTime" : "2019-03-06T00:00:00",\r
      "ChannelId" : "13",\r
      "OurBranchId" : "01"\r
   },\r
   "RootObject" : {\r
      "Data" : "{ \"caseId\": \"0001\", \"questions\": [{ \"questionId\": \"0001\", \"questionText\": \"question 1\" }] }"\r
   }\r
}</con:request>
            <con:originalUri>https://waqfepayment.gslb.uat.eradahcapital.com/api/CRM/ComplianceCaseManagementCreatePhoneCall</con:originalUri>
            <con:assertion type="Valid HTTP Status Codes" id="0ddf4b1c-8b29-4e92-bd73-40090fa72480" name="Valid HTTP Status Codes">
              <con:settings/>
              <con:configuration>
                <codes>200</codes>
              </con:configuration>
            </con:assertion>
            <con:assertion type="Response SLA Assertion" id="9e642569-d733-4f63-bf8f-c46b2ba0a1ff" name="Response SLA">
              <con:configuration>
                <SLA>200</SLA>
              </con:configuration>
            </con:assertion>
            <con:credentials>
              <con:username>vendor13-erc</con:username>
              <con:password>P@ssw0rd13</con:password>
              <con:selectedAuthProfile>Basic</con:selectedAuthProfile>
              <con:preemptive>true</con:preemptive>
              <con:addedBasicAuthenticationTypes>Basic</con:addedBasicAuthenticationTypes>
              <con:authType>Preemptive</con:authType>
            </con:credentials>
            <con:jmsConfig JMSDeliveryMode="PERSISTENT"/>
            <con:parameters>
              <entry key="Content-Type" value="application/json" xmlns="http://eviware.com/soapui/config"/>
            </con:parameters>
            <con:parameterOrder>
              <con:entry>Content-Type</con:entry>
            </con:parameterOrder>
          </con:restRequest>
        </con:config>
      </con:testStep>
      <con:testStep type="restrequest" name="ComplianceCaseManagementCloseCase" id="f0bf6427-e5fd-46dd-8cba-af38040919f1">
        <con:settings/>
        <con:config service="http://${#Project#url}" resourcePath="/api/CRM/ComplianceCaseManagementCloseCase" methodName="ComplianceCaseManagementCloseCase" xsi:type="con:RestRequestStep" xmlns:xsi="http://www.w3.org/2001/XMLSchema-instance">
          <con:restRequest name="ComplianceCaseManagementCloseCase" id="5f95a2ac-55f4-4a33-b121-4fd5975e0ef2" mediaType="application/json" postQueryString="false">
            <con:settings>
              <con:setting id="com.eviware.soapui.impl.wsdl.WsdlRequest@request-headers">&lt;xml-fragment/></con:setting>
            </con:settings>
            <con:endpoint>${#Project#url}</con:endpoint>
            <con:request>{
    "signOnRq": {
        "LogId": "${=java.util.UUID.randomUUID()}",
        "DateTime": "2019-03-06T00:00:00",
        "ChannelId": "13",
        "OurBranchId": "01"
    },
    "RootObject": {
        "Data": "{ \"caseId\":\"0001\", \"caseDescription\": \"description text\" }"
    }
}</con:request>
            <con:originalUri>https://waqfepayment.gslb.uat.eradahcapital.com/api/CRM/ComplianceCaseManagementCloseCase</con:originalUri>
            <con:assertion type="Valid HTTP Status Codes" id="e1948bc9-1284-49c9-9300-0ab55b440f88" name="Valid HTTP Status Codes">
              <con:settings/>
              <con:configuration>
                <codes>200</codes>
              </con:configuration>
            </con:assertion>
            <con:assertion type="Response SLA Assertion" id="1e98bfda-b995-4e1e-9e61-daa5271e97bf" name="Response SLA">
              <con:configuration>
                <SLA>200</SLA>
              </con:configuration>
            </con:assertion>
            <con:credentials>
              <con:username>vendor13-erc</con:username>
              <con:password>P@ssw0rd13</con:password>
              <con:selectedAuthProfile>Basic</con:selectedAuthProfile>
              <con:preemptive>true</con:preemptive>
              <con:addedBasicAuthenticationTypes>Basic</con:addedBasicAuthenticationTypes>
              <con:authType>Preemptive</con:authType>
            </con:credentials>
            <con:jmsConfig JMSDeliveryMode="PERSISTENT"/>
            <con:parameters>
              <entry key="Content-Type" value="application/json" xmlns="http://eviware.com/soapui/config"/>
            </con:parameters>
            <con:parameterOrder>
              <con:entry>Content-Type</con:entry>
            </con:parameterOrder>
          </con:restRequest>
        </con:config>
      </con:testStep>
      <con:testStep type="restrequest" name="EDCFraudCaseManagementUpdateCase" id="0c45de13-5df5-4533-8744-480e9566ed47">
        <con:settings/>
        <con:config service="http://${#Project#url}" resourcePath="/api/CRM/EDCFraudCaseManagementUpdateCase" methodName="EDCFraudCaseManagementUpdateCase" xsi:type="con:RestRequestStep" xmlns:xsi="http://www.w3.org/2001/XMLSchema-instance">
          <con:restRequest name="EDCFraudCaseManagementUpdateCase" id="f5ce2bd9-6eff-4863-acee-2178bffc05a7" mediaType="application/json" postQueryString="false">
            <con:settings>
              <con:setting id="com.eviware.soapui.impl.wsdl.WsdlRequest@request-headers">&lt;xml-fragment/></con:setting>
            </con:settings>
            <con:endpoint>${#Project#url}</con:endpoint>
            <con:request>{
    "signOnRq": {
        "LogId": "e0ccbe1a-dfdd-4753-a4c7-acc6fb0665e3",
        "DateTime": "2019-03-06T00:00:00",
        "ChannelId": "13",
        "OurBranchId": "01"
    },
    "RootObject": {
        "CaseId": "448fb0c6-8be3-48bc-9aff-3ad3acb4ef89",
        "Description": "description text",
        "Status": 0
    }
}</con:request>
            <con:originalUri>http://https/waqfepayment.gslb.uat.eradahcapital.com/api/CRM/EDCFraudCaseManagementUpdateCase</con:originalUri>
            <con:assertion type="Valid HTTP Status Codes" id="4cdc4e11-6dfe-4034-bcfb-3cdb3e16e3cc" name="Valid HTTP Status Codes">
              <con:settings/>
              <con:configuration>
                <codes>200</codes>
              </con:configuration>
            </con:assertion>
            <con:assertion type="Response SLA Assertion" id="cf261def-0521-4d52-bf94-83f2c07785f4" name="Response SLA">
              <con:configuration>
                <SLA>200</SLA>
              </con:configuration>
            </con:assertion>
            <con:credentials>
              <con:username>vendor13-erc</con:username>
              <con:password>P@ssw0rd13</con:password>
              <con:selectedAuthProfile>Basic</con:selectedAuthProfile>
              <con:preemptive>true</con:preemptive>
              <con:addedBasicAuthenticationTypes>Basic</con:addedBasicAuthenticationTypes>
              <con:authType>Preemptive</con:authType>
            </con:credentials>
            <con:jmsConfig JMSDeliveryMode="PERSISTENT"/>
            <con:parameters>
              <entry key="Content-Type" value="application/json" xmlns="http://eviware.com/soapui/config"/>
            </con:parameters>
            <con:parameterOrder>
              <con:entry>Content-Type</con:entry>
            </con:parameterOrder>
          </con:restRequest>
        </con:config>
      </con:testStep>
      <con:properties/>
      <con:reportParameters/>
      <con:breakPoints>
        <con:testStepId>f0bf6427-e5fd-46dd-8cba-af38040919f1</con:testStepId>
        <con:status>NONE</con:status>
        <con:properties/>
      </con:breakPoints>
    </con:testCase>
    <con:properties/>
    <con:reportParameters/>
  </con:testSuite>
  <con:savedRecentRuns>1</con:savedRecentRuns>
  <con:requirements/>
  <con:properties>
    <con:property>
      <con:name>url</con:name>
      <con:value>https://waqfepayment.gslb.uat.eradahcapital.com</con:value>
    </con:property>
  </con:properties>
  <con:wssContainer/>
  <con:databaseConnectionContainer/>
  <con:jmsConnectionContainer/>
  <con:oAuth2ProfileContainer/>
  <con:oAuth1ProfileContainer/>
  <con:reporting>
    <con:xmlTemplates/>
    <con:parameters/>
  </con:reporting>
  <con:eventHandlers type="RequestFilter.filterRequest" name="RequestFilter.filterRequest">
    <con:script>// Sample event script to add custom HTTP header to all outgoing REST, SOAP and HTTP(S) calls
// This code is often used for adding custom authentication to SoapUI Pro tests

// If hardcoding the token, uncomment and change line 5
// def token = '4567'

// If your token is parameterized in Project level custom property, uncomment line 8
// def token = request.parent.testCase.testSuite.project.getProperty('auth_token').getValue()

// To modify all outgoing calls, remove comments from lines 11 to 16
// def headers = request.requestHeaders
// if (headers.containsKey('auth_token2') == false) {
//   headers.put('auth_token2', token)
//   request.requestHeaders = headers
// }</con:script>
  </con:eventHandlers>
  <con:eventHandlers type="TestRunListener.afterStep" name="TestRunListener.afterStep">
    <con:script>// Save all test step results into files
// Change the directory path in line 5 to a location where you want to store details
// then uncomment lines 5 to 10

// filePath = 'C:\\tempOutputDirectory\\'
// fos = new FileOutputStream(filePath + testStepResult.testStep.label + '.txt', true)
// pw = new PrintWriter(fos)
// testStepResult.writeTo(pw)
// pw.close()
// fos.close()</con:script>
  </con:eventHandlers>
  <con:authRepository/>
  <con:tags/>
</con:soapui-project>
