<?xml version="1.0" encoding="UTF-8"?>
<con:soapui-project id="6ab6a5ac-94c4-4a97-87c8-29a44cee5af4" created="3.0.0" activeEnvironment="Default environment" name="ERC-CorporateAPIS copy" updated="3.9.1 2021-07-21T11:56:24Z" encryptionMode="Not encrypted" resourceRoot="" xmlns:con="http://eviware.com/soapui/config">
  <con:settings/>
  <con:interface xsi:type="con:RestService" id="1e6bda4b-2bc7-46a9-8d32-08ae91773d57" wadlVersion="http://wadl.dev.java.net/2009/02" name="http://${#Project#url}" type="rest" xmlns:xsi="http://www.w3.org/2001/XMLSchema-instance">
    <con:settings/>
    <con:definitionCache type="TEXT" rootPart=""/>
    <con:endpoints>
      <con:endpoint>http://${#Project#url}</con:endpoint>
    </con:endpoints>
    <con:resource name="StatusUpdate" path="/api/ECSFin/StatusUpdate" id="d3e6b550-31fe-4b62-8f26-b1b3997de959">
      <con:settings/>
      <con:parameters/>
      <con:method name="StatusUpdate" id="081ecd02-ced0-4998-900f-fb97ef067121" method="POST">
        <con:settings/>
        <con:parameters>
          <con:parameter>
            <con:name>Content-Type</con:name>
            <con:value>application/json</con:value>
            <con:style>HEADER</con:style>
            <con:default/>
            <con:path xsi:nil="true"/>
            <con:description xsi:nil="true"/>
          </con:parameter>
        </con:parameters>
        <con:request name="StatusUpdate  WPS Portal Copy" id="56e92577-660b-4158-8977-5d930dbedbe9" mediaType="application/json">
          <con:settings/>
          <con:endpoint>http://${#Project#url}</con:endpoint>
          <con:request>{
    "SignOnRq": {
        "ChannelId": "9",
        "DateTime": "2019-10-20T09:46:50",
        "LogId": "a44532ef-bc58-4133-8fba-08d735948cf9",
        "OurBranchId": "01"
    },
    "vendorProcessStatus": {
        "channelID": "14",
        "cif": "000000662",
        "origRequestDoc": "",
        "origResponseDoc": "",
        "provCode": "OTHER",
        "provStatusCode": "ERR0000",
        "provStatusDesc": "",
        "statusCode": "0",
        "statusDesc": "Successfully validated",
        "statusType": "PAYMENTS",
        "transReference": "12301001"
    }
}</con:request>
          <con:credentials>
            <con:selectedAuthProfile>No Authorization</con:selectedAuthProfile>
            <con:authType>No Authorization</con:authType>
          </con:credentials>
          <con:parameters>
            <con:entry key="Content-Type" value="application/json"/>
          </con:parameters>
          <con:parameterOrder>
            <con:entry>Content-Type</con:entry>
          </con:parameterOrder>
        </con:request>
      </con:method>
      <con:method name="StatusUpdate 2" id="43865e54-0ed8-4d2b-b0dd-148d00bf35b7" method="POST">
        <con:settings/>
        <con:parameters>
          <con:parameter>
            <con:name>Content-Type</con:name>
            <con:value>application/json</con:value>
            <con:style>HEADER</con:style>
            <con:default/>
            <con:path xsi:nil="true"/>
            <con:description xsi:nil="true"/>
          </con:parameter>
        </con:parameters>
        <con:request name="StatusUpdate Retail" id="5a5f982c-e687-440e-b052-329354676e07" mediaType="application/json">
          <con:settings/>
          <con:endpoint>http://${#Project#url}</con:endpoint>
          <con:request>{
    "SignOnRq": {
        "LogId": "e0ccbe1a-dfdd-4753-a4c7-acc6fb0665e3",
        "DateTime": "2019-03-06T00:00:00",
        "ChannelId": "9",
        "OurBranchId": "01"
    },
    "VendorProcessStatus": {
        "transReference": "R-13809206196666",
        "channelID": "1",
        "statusType": "PAYMENTS",
        "cif": "000001446",
        "statusCode": "1",
        "statusDesc": "qweqweqweqwq",
        "provCode": "1300",
        "provStatusCode": "210",
        "provStatusDesc":"test",
        "origRequestDoc": "125",
        "origResponseDoc": "asfasfasfasafasf"
    }
}</con:request>
          <con:credentials>
            <con:selectedAuthProfile>No Authorization</con:selectedAuthProfile>
            <con:authType>No Authorization</con:authType>
          </con:credentials>
          <con:parameters>
            <con:entry key="Content-Type" value="application/json"/>
          </con:parameters>
          <con:parameterOrder>
            <con:entry>Content-Type</con:entry>
          </con:parameterOrder>
        </con:request>
      </con:method>
      <con:method name="StatusUpdate 3" id="5257df0f-5292-4ef2-bf43-ebc4cadf24b9" method="POST">
        <con:settings/>
        <con:parameters>
          <con:parameter>
            <con:name>Content-Type</con:name>
            <con:value>application/json</con:value>
            <con:style>HEADER</con:style>
            <con:default/>
            <con:path xsi:nil="true"/>
            <con:description xsi:nil="true"/>
          </con:parameter>
        </con:parameters>
        <con:request name="StatusUpdate IMTF" id="b7a7715b-74e8-4f71-a591-5ef073d3c6b1" mediaType="application/json">
          <con:settings/>
          <con:endpoint>http://${#Project#url}</con:endpoint>
          <con:request>{
    "signOnRq": {
        "logId": "e0ccbe1a-dfdd-4753-a4c7-acc6fb06gh5e3",
        "dateTime": "2019-08-27T09:35:35.435Z",
        "channelId": "13",
        "ourBranchId": "01"
    },
    "vendorProcessStatus": {
        "transReference": "35354311315",
        "statusType": "PAYMENTS",
        "statusCode": "1",
        "statusDesc": "this is transaction desc"
    }
}</con:request>
          <con:credentials>
            <con:selectedAuthProfile>No Authorization</con:selectedAuthProfile>
            <con:authType>No Authorization</con:authType>
          </con:credentials>
          <con:parameters>
            <con:entry key="Content-Type" value="application/json"/>
          </con:parameters>
          <con:parameterOrder>
            <con:entry>Content-Type</con:entry>
          </con:parameterOrder>
        </con:request>
      </con:method>
      <con:method name="StatusUpdate 4" id="1d9942ee-2d14-469f-9617-590f96a0fd52" method="POST">
        <con:settings/>
        <con:parameters>
          <con:parameter>
            <con:name>Content-Type</con:name>
            <con:value>application/json</con:value>
            <con:style>HEADER</con:style>
            <con:default/>
            <con:path xsi:nil="true"/>
            <con:description xsi:nil="true"/>
          </con:parameter>
        </con:parameters>
        <con:request name="StatusUpdate  WPS Portal" id="f54970c6-abb4-4d77-a77a-2ec2b691bbf0" mediaType="application/json">
          <con:settings/>
          <con:endpoint>http://${#Project#url}</con:endpoint>
          <con:request>{
    "SignOnRq": {
        "ChannelId": "9",
        "DateTime": "2019-10-20T09:46:50",
        "LogId": "a44532ef-bc58-4133-8fba-08d735948cf9",
        "OurBranchId": "01"
    },
      "vendorProcessStatus": {
        "channelID": "14",
        "cif": "000000662",
        "origRequestDoc": "",
        "origResponseDoc": "",
        "provCode": "OTHER",
        "provStatusCode": "ERR0000",
        "provStatusDesc": "",
        "statusCode": "0",
        "statusDesc": "Successfully validated",
        "statusType": "PAYMENTS",
        "transReference": "12301001"
    }
}</con:request>
          <con:credentials>
            <con:selectedAuthProfile>No Authorization</con:selectedAuthProfile>
            <con:authType>No Authorization</con:authType>
          </con:credentials>
          <con:parameters>
            <con:entry key="Content-Type" value="application/json"/>
          </con:parameters>
          <con:parameterOrder>
            <con:entry>Content-Type</con:entry>
          </con:parameterOrder>
        </con:request>
      </con:method>
      <con:method name="StatusUpdate 5" id="859cb6ff-3a93-4882-8ad9-cd84e0807c34" method="POST">
        <con:settings/>
        <con:parameters>
          <con:parameter>
            <con:name>Content-Type</con:name>
            <con:value>application/json</con:value>
            <con:style>HEADER</con:style>
            <con:default/>
            <con:path xsi:nil="true"/>
            <con:description xsi:nil="true"/>
          </con:parameter>
        </con:parameters>
        <con:request name="StatusUpdate Corporate" id="badf2e19-fbbe-4528-9680-1d7e27515c2e" mediaType="application/json">
          <con:settings/>
          <con:endpoint>http://${#Project#url}</con:endpoint>
          <con:request>{
    "SignOnRq": {
        "LogId": "e0ccbe1a-dfdd-4753-a4c7-acc6fb0665e3",
        "DateTime": "2019-03-06T00:00:00",
        "ChannelId": "9",
        "OurBranchId": "01"
    },
    "VendorProcessStatus": {
        "transReference": "23824475560",
        "channelID": "10",
        "statusType": "PAYMENTS",
        "cif": "000001446",
        "statusCode": "1",
        "statusDesc": "qweqweqweqwq",
        "provCode": "1300",
        "provStatusCode": "210",
        "provStatusDesc":"test",
        "origRequestDoc": "125",
        "origResponseDoc": "asfasfasfasafasf"
    }
}</con:request>
          <con:credentials>
            <con:selectedAuthProfile>No Authorization</con:selectedAuthProfile>
            <con:authType>No Authorization</con:authType>
          </con:credentials>
          <con:parameters>
            <con:entry key="Content-Type" value="application/json"/>
          </con:parameters>
          <con:parameterOrder>
            <con:entry>Content-Type</con:entry>
          </con:parameterOrder>
        </con:request>
      </con:method>
    </con:resource>
    <con:resource name="InValidateSSOSession" path="/api/ERCCorporate/InValidateSSOSession" id="cc136fbc-49fd-4421-9de8-d4d502ef0917">
      <con:settings/>
      <con:parameters/>
      <con:method name="InValidateSSOSession" id="53856118-1bc7-451e-891d-1c3bd9c27599" method="POST">
        <con:settings/>
        <con:parameters>
          <con:parameter>
            <con:name>Content-Type</con:name>
            <con:value>application/json</con:value>
            <con:style>HEADER</con:style>
            <con:default/>
            <con:path xsi:nil="true"/>
            <con:description xsi:nil="true"/>
          </con:parameter>
        </con:parameters>
        <con:representation type="REQUEST">
          <con:mediaType>application/json</con:mediaType>
          <con:params/>
        </con:representation>
        <con:representation type="FAULT">
          <con:mediaType xsi:nil="true"/>
          <con:status>401</con:status>
          <con:params/>
          <con:element>data</con:element>
        </con:representation>
        <con:representation type="FAULT">
          <con:mediaType>application/json; charset=utf-8</con:mediaType>
          <con:status>400</con:status>
          <con:params/>
          <con:element xmlns:inv="http://10.4.128.10/api/ERCCorporate/InValidateSSOSession">inv:Fault</con:element>
        </con:representation>
        <con:representation type="FAULT">
          <con:mediaType>application/json</con:mediaType>
          <con:status>401</con:status>
          <con:params/>
          <con:element xmlns:inv="http://10.4.128.10/api/ERCCorporate/InValidateSSOSession">inv:Fault</con:element>
        </con:representation>
        <con:request name="InValidate SSO Session" id="bba5a80a-c1d9-4293-957d-a38e518cf30e" mediaType="application/json" postQueryString="false">
          <con:settings>
            <con:setting id="com.eviware.soapui.impl.wsdl.WsdlRequest@request-headers">&lt;xml-fragment/></con:setting>
          </con:settings>
          <con:endpoint>http://${#Project#url}</con:endpoint>
          <con:request>{
	"SignOnRq":{
               "LogId": "e0ccbe1a-dfdd-4753-a4c7-acc6fb0665e3",
                  "DateTime":"2019-03-06T00:00:00",
                 "ChannelId":"5",
               "OurBranchId":"01"
	
	},
	"RootObject":{
		  "Reference_No" : "IB191124141128618"
	}
	
}</con:request>
          <con:originalUri>http://10.4.128.10/api/ERCCorporate/InValidateSSOSession</con:originalUri>
          <con:credentials>
            <con:selectedAuthProfile>No Authorization</con:selectedAuthProfile>
            <con:authType>No Authorization</con:authType>
          </con:credentials>
          <con:jmsConfig JMSDeliveryMode="PERSISTENT"/>
          <con:parameters>
            <con:entry key="Content-Type" value="application/json"/>
          </con:parameters>
          <con:parameterOrder>
            <con:entry>Content-Type</con:entry>
          </con:parameterOrder>
        </con:request>
      </con:method>
    </con:resource>
    <con:resource name="InquireFacilites" path="/api/JCREDIT/inquireFacilites" id="256fd3b9-c96a-43d1-9f60-1ec9dbeb7ef5">
      <con:settings/>
      <con:parameters/>
      <con:method name="InquireFacilites" id="e60eda37-e01d-4f6f-bb5f-ebafcf821bc1" method="POST">
        <con:settings/>
        <con:parameters>
          <con:parameter>
            <con:name>Content-Type</con:name>
            <con:value>application/json</con:value>
            <con:style>HEADER</con:style>
            <con:default/>
            <con:path xsi:nil="true"/>
            <con:description xsi:nil="true"/>
          </con:parameter>
        </con:parameters>
        <con:representation type="REQUEST">
          <con:mediaType>application/json</con:mediaType>
          <con:params/>
        </con:representation>
        <con:representation type="FAULT">
          <con:mediaType>application/json</con:mediaType>
          <con:status>400</con:status>
          <con:params/>
          <con:element xmlns:inq="https://waqfepayment.gslb.uat.eradahcapital.com/api/JCREDIT/inquireFacilites">inq:Fault</con:element>
        </con:representation>
        <con:representation type="FAULT">
          <con:mediaType>application/json; charset=utf-8</con:mediaType>
          <con:status>400</con:status>
          <con:params/>
          <con:element xmlns:inq="https://waqfepayment.gslb.uat.eradahcapital.com/api/JCREDIT/inquireFacilites">inq:Fault</con:element>
        </con:representation>
        <con:request name="inquire Facilites" id="e37a3eb4-798e-4d1f-ba52-9e79135ec630" mediaType="application/json" postQueryString="false">
          <con:settings/>
          <con:endpoint>http://${#Project#url}</con:endpoint>
          <con:request>{
     "SignOnRq":{ 
               "LogId": "e0ccbe1a-dfdd-4753-a4c7-acc6fb0665e3",
                  "DateTime":"2019-03-06T00:00:00",
                 "ChannelId":"5",
               "OurBranchId":"01"},
               "token":"f6fb824684d968d2058284db8753aaaed9c4eb43",
               "RootObject":{
	"clientID":"000000317"
}
}</con:request>
          <con:credentials>
            <con:selectedAuthProfile>No Authorization</con:selectedAuthProfile>
            <con:authType>No Authorization</con:authType>
          </con:credentials>
          <con:jmsConfig JMSDeliveryMode="PERSISTENT"/>
          <con:parameters>
            <con:entry key="Content-Type" value="application/json"/>
          </con:parameters>
          <con:parameterOrder>
            <con:entry>Content-Type</con:entry>
          </con:parameterOrder>
        </con:request>
      </con:method>
    </con:resource>
    <con:resource name="UpdatedrawdownStatus" path="/api/ERCCorporate/UpdatedrawdownStatus" id="d68fc687-8810-4d20-b3eb-717832a014ec">
      <con:settings/>
      <con:parameters/>
      <con:method name="UpdatedrawdownStatus" id="563fc96f-1dae-458b-9230-8171037e977e" method="POST">
        <con:settings/>
        <con:parameters>
          <con:parameter>
            <con:name>Content-Type</con:name>
            <con:value>application/json</con:value>
            <con:style>HEADER</con:style>
            <con:default/>
            <con:path xsi:nil="true"/>
            <con:description xsi:nil="true"/>
          </con:parameter>
        </con:parameters>
        <con:representation type="RESPONSE">
          <con:mediaType>application/json; charset=utf-8</con:mediaType>
          <con:status>200</con:status>
          <con:params/>
          <con:element xmlns:upd="http://10.4.128.10/api/ERCCorporate/UpdatedrawdownStatus">upd:Response</con:element>
        </con:representation>
        <con:representation type="REQUEST">
          <con:mediaType>application/json</con:mediaType>
          <con:params/>
        </con:representation>
        <con:representation type="RESPONSE">
          <con:mediaType xsi:nil="true"/>
          <con:status>0</con:status>
          <con:params/>
          <con:element>data</con:element>
        </con:representation>
        <con:request name="Update draw down Status" id="0d50caaa-f91a-4d5e-b9c9-83266dada8cd" mediaType="application/json" postQueryString="false">
          <con:settings/>
          <con:endpoint>http://${#Project#url}</con:endpoint>
          <con:request>{
     "SignOnRq":{ 
               "LogId": "e0ccbe1a-dfdd-4753-a4c7-acc6fb0665e3",
                  "DateTime":"2019-03-06T00:00:00",
                 "ChannelId":"5",
               "OurBranchId":"01"},
               "RootObject":{
	"CaseId" : "test-123456",
	"Status": "true",
	"Message": "Test check of Drawdown API"
}
}</con:request>
          <con:credentials>
            <con:selectedAuthProfile>No Authorization</con:selectedAuthProfile>
            <con:authType>No Authorization</con:authType>
          </con:credentials>
          <con:jmsConfig JMSDeliveryMode="PERSISTENT"/>
          <con:parameters>
            <con:entry key="Content-Type" value="application/json"/>
          </con:parameters>
          <con:parameterOrder>
            <con:entry>Content-Type</con:entry>
          </con:parameterOrder>
        </con:request>
      </con:method>
    </con:resource>
    <con:resource name="Drawdowncreate" path="/api/JCREDIT/drawdowncreate" id="8ea17a5e-e696-48b4-93e7-9b93a1417e2d">
      <con:settings/>
      <con:parameters/>
      <con:method name="Drawdowncreate" id="15115631-5aa5-4f63-a682-6aee14a9e809" method="POST">
        <con:settings/>
        <con:parameters>
          <con:parameter>
            <con:name>Content-Type</con:name>
            <con:value>application/json</con:value>
            <con:style>HEADER</con:style>
            <con:default/>
            <con:path xsi:nil="true"/>
            <con:description xsi:nil="true"/>
          </con:parameter>
        </con:parameters>
        <con:representation type="REQUEST">
          <con:mediaType>application/json</con:mediaType>
          <con:params/>
        </con:representation>
        <con:representation type="RESPONSE">
          <con:mediaType xsi:nil="true"/>
          <con:status>0</con:status>
          <con:params/>
          <con:element>data</con:element>
        </con:representation>
        <con:representation type="FAULT">
          <con:mediaType>application/json</con:mediaType>
          <con:status>400</con:status>
          <con:params/>
          <con:element xmlns:draw="http://null/api/JCREDIT/drawdowncreate">draw:Fault</con:element>
        </con:representation>
        <con:representation type="FAULT">
          <con:mediaType>application/json; charset=utf-8</con:mediaType>
          <con:status>400</con:status>
          <con:params/>
          <con:element xmlns:draw="http://null/api/JCREDIT/drawdowncreate">draw:Fault</con:element>
        </con:representation>
        <con:request name="draw down create" id="6268bea2-860b-4054-a0c3-0a0edd8be7c2" mediaType="application/json" postQueryString="false">
          <con:settings/>
          <con:endpoint>http://${#Project#url}</con:endpoint>
          <con:request>{
     "SignOnRq":{ 
               "LogId": "e0ccbe1a-dfdd-4753-a4c7-acc6fb0665e3",
                  "DateTime":"2019-03-06T00:00:00",
                 "ChannelId":"5",
               "OurBranchId":"01"},
               "token":"f6fb824684d968d2058284db8753aaaed9c4eb43",
               "RootObject":{
"facID": "MpNZHtXbrtqNn6a44CJ7f1cbd",
"prodID": "TL001",
"amount": 60,
"accountNo": "112232512151",
"feesRecoveryAcct": "1234513151321",
"principleRepayAcct": "451231561321",
"interestRepayAcct": "121512131531",
"PPCNo": "12345",
"PPCDate": "2019-11-18",
"purpose": "Drawdown for Customer A",
"dayOfPayment": "20"

}
}</con:request>
          <con:credentials>
            <con:selectedAuthProfile>No Authorization</con:selectedAuthProfile>
            <con:authType>No Authorization</con:authType>
          </con:credentials>
          <con:jmsConfig JMSDeliveryMode="PERSISTENT"/>
          <con:parameters>
            <con:entry key="Content-Type" value="application/json"/>
          </con:parameters>
          <con:parameterOrder>
            <con:entry>Content-Type</con:entry>
          </con:parameterOrder>
        </con:request>
      </con:method>
    </con:resource>
    <con:resource name="QueueForAuth" path="/api/ERCCorporate/QueueForAuth" id="dd495630-3b00-49aa-949a-c6218e06f65b">
      <con:settings/>
      <con:parameters/>
      <con:method name="QueueForAuth" id="a9968372-e41c-493a-be1d-497c58ee01ba" method="POST">
        <con:settings/>
        <con:parameters>
          <con:parameter>
            <con:name>Content-Type</con:name>
            <con:value>application/json</con:value>
            <con:style>HEADER</con:style>
            <con:default/>
            <con:path xsi:nil="true"/>
            <con:description xsi:nil="true"/>
          </con:parameter>
        </con:parameters>
        <con:representation type="FAULT">
          <con:mediaType>text/html;charset=utf-8</con:mediaType>
          <con:status>403</con:status>
          <con:params/>
          <con:element>html</con:element>
        </con:representation>
        <con:representation type="REQUEST">
          <con:mediaType>application/json</con:mediaType>
          <con:params/>
        </con:representation>
        <con:representation type="RESPONSE">
          <con:mediaType>application/json; charset=utf-8</con:mediaType>
          <con:status>200</con:status>
          <con:params/>
          <con:element xmlns:que="http://https/waqfepayment.gslb.uat.eradahcapital.com:443/api/ERCCorporate/QueueForAuth">que:Response</con:element>
        </con:representation>
        <con:request name="QueueForAuth" id="eb8ac26d-0420-4a59-a18b-46c4217428c4" mediaType="application/json" postQueryString="false">
          <con:settings/>
          <con:endpoint>http://${#Project#url}</con:endpoint>
          <con:request>{
    "SignOnRq": {
        "LogId": "e0ccbe1a-dfdd-4753-a4c7-acc6fb0665e3",
        "DateTime": "2019-03-06T00:00:00",
        "ChannelId": "8",
        "OurBranchId": "01"
    },
    "RootObjectRequest": {
        "CIF": "000000036",
        "AccountNumber": "1234567000000036",
        "TranType": "WPSWPSWPSWPS",
        "Remarks": "Test wps",
        "CurrencyCode": "AED",
        "CORELATIONID":"234234"
    }
}</con:request>
          <con:credentials>
            <con:selectedAuthProfile>No Authorization</con:selectedAuthProfile>
            <con:authType>No Authorization</con:authType>
          </con:credentials>
          <con:jmsConfig JMSDeliveryMode="PERSISTENT"/>
          <con:parameters>
            <con:entry key="Content-Type" value="application/json"/>
          </con:parameters>
          <con:parameterOrder>
            <con:entry>Content-Type</con:entry>
          </con:parameterOrder>
        </con:request>
      </con:method>
    </con:resource>
    <con:resource name="ListOfRMs" path="/api/ERCCorporate/ListOfRMs" id="ef284c9a-cee9-4fb2-9e94-8bf0162b7eb4">
      <con:settings/>
      <con:parameters/>
      <con:method name="ListOfRMs" id="ac8aa153-003e-4b01-b5e0-2b80d117a88b" method="POST">
        <con:settings/>
        <con:parameters>
          <con:parameter>
            <con:name>Content-Type</con:name>
            <con:value>application/json</con:value>
            <con:style>HEADER</con:style>
            <con:default/>
            <con:path xsi:nil="true"/>
            <con:description xsi:nil="true"/>
          </con:parameter>
        </con:parameters>
        <con:representation type="REQUEST">
          <con:mediaType>application/json</con:mediaType>
          <con:params/>
        </con:representation>
        <con:representation type="FAULT">
          <con:mediaType xsi:nil="true"/>
          <con:status>401</con:status>
          <con:params/>
          <con:element>data</con:element>
        </con:representation>
        <con:representation type="FAULT">
          <con:mediaType>application/json; charset=utf-8</con:mediaType>
          <con:status>400</con:status>
          <con:params/>
          <con:element xmlns:lis="http://10.4.128.10/api/ERCCorporate/ListOfRMs">lis:Fault</con:element>
        </con:representation>
        <con:representation type="RESPONSE">
          <con:mediaType>application/json; charset=utf-8</con:mediaType>
          <con:status>200</con:status>
          <con:params/>
          <con:element xmlns:lis="http://10.4.128.10/api/ERCCorporate/ListOfRMs">lis:Response</con:element>
        </con:representation>
        <con:request name="List Of RMs" id="3cb69d7f-6aba-4d7d-a5dc-92e61f80c22b" mediaType="application/json" postQueryString="false">
          <con:settings>
            <con:setting id="com.eviware.soapui.impl.wsdl.WsdlRequest@request-headers">&lt;xml-fragment/></con:setting>
          </con:settings>
          <con:endpoint>http://${#Project#url}</con:endpoint>
          <con:request>{
	"SignOnRq":{
               "LogId": "e0ccbe1a-dfdd-4753-a4c7-acc6fb0665e3",
                  "DateTime":"2019-03-06T00:00:00",
                 "ChannelId":"5",
               "OurBranchId":"01"
		
	}
}</con:request>
          <con:originalUri>http://10.4.128.10/api/ERCCorporate/ListOfRMs</con:originalUri>
          <con:credentials>
            <con:selectedAuthProfile>No Authorization</con:selectedAuthProfile>
            <con:authType>No Authorization</con:authType>
          </con:credentials>
          <con:jmsConfig JMSDeliveryMode="PERSISTENT"/>
          <con:parameters>
            <con:entry key="Content-Type" value="application/json"/>
          </con:parameters>
          <con:parameterOrder>
            <con:entry>Content-Type</con:entry>
          </con:parameterOrder>
        </con:request>
      </con:method>
    </con:resource>
    <con:resource name="Token" path="/api/JCREDIT/token" id="63bc75eb-e887-461b-8cd5-4399fd8c6c99">
      <con:settings/>
      <con:parameters/>
      <con:method name="Token" id="274c4e88-f513-4ad5-a651-08ba8da854fb" method="POST">
        <con:settings/>
        <con:parameters>
          <con:parameter>
            <con:name>Content-Type</con:name>
            <con:value>application/json</con:value>
            <con:style>HEADER</con:style>
            <con:default/>
            <con:path xsi:nil="true"/>
            <con:description xsi:nil="true"/>
          </con:parameter>
        </con:parameters>
        <con:representation type="RESPONSE">
          <con:mediaType>application/json; charset=utf-8</con:mediaType>
          <con:status>200</con:status>
          <con:params/>
          <con:element xmlns:tok="https://waqfepayment.gslb.uat.eradahcapital.com/api/JCREDIT/token">tok:Response</con:element>
        </con:representation>
        <con:representation type="REQUEST">
          <con:mediaType>application/json</con:mediaType>
          <con:params/>
        </con:representation>
        <con:representation type="FAULT">
          <con:mediaType>application/json</con:mediaType>
          <con:status>401</con:status>
          <con:params/>
          <con:element xmlns:tok="https://waqfepayment.gslb.uat.eradahcapital.com/api/JCREDIT/token">tok:Fault</con:element>
        </con:representation>
        <con:request name="token" id="e6170149-f641-40b8-a8cf-c96e065e2ab5" mediaType="application/json" postQueryString="false">
          <con:settings/>
          <con:endpoint>http://${#Project#url}</con:endpoint>
          <con:request>{
     "SignOnRq":{ 
               "LogId": "e0ccbe1a-dfdd-4753-a4c7-acc6fb0665e3",
                  "DateTime":"2019-03-06T00:00:00",
                 "ChannelId":"5",
               "OurBranchId":"01"}
}</con:request>
          <con:credentials>
            <con:selectedAuthProfile>No Authorization</con:selectedAuthProfile>
            <con:authType>No Authorization</con:authType>
          </con:credentials>
          <con:jmsConfig JMSDeliveryMode="PERSISTENT"/>
          <con:parameters>
            <con:entry key="Content-Type" value="application/json"/>
          </con:parameters>
          <con:parameterOrder>
            <con:entry>Content-Type</con:entry>
          </con:parameterOrder>
        </con:request>
      </con:method>
    </con:resource>
    <con:resource name="ValidateTOTP" path="/api/ERCCorporate/ValidateTOTP" id="bd5c4e2a-db55-42f2-add3-3701e7b02db2">
      <con:settings/>
      <con:parameters/>
      <con:method name="ValidateTOTP" id="1fa97893-f9ee-4a0b-89ed-eb27ad1f0bd4" method="POST">
        <con:settings/>
        <con:parameters>
          <con:parameter>
            <con:name>Content-Type</con:name>
            <con:value>application/json</con:value>
            <con:style>HEADER</con:style>
            <con:default/>
            <con:path xsi:nil="true"/>
            <con:description xsi:nil="true"/>
          </con:parameter>
        </con:parameters>
        <con:representation type="FAULT">
          <con:mediaType>application/json</con:mediaType>
          <con:status>400</con:status>
          <con:params/>
          <con:element xmlns:val="https://waqfepayment.gslb.uat.eradahcapital.com/api/ERCCorporate/ValidateTOTP">val:Fault</con:element>
        </con:representation>
        <con:representation type="REQUEST">
          <con:mediaType>application/json</con:mediaType>
          <con:params/>
        </con:representation>
        <con:representation type="FAULT">
          <con:mediaType>application/json; charset=utf-8</con:mediaType>
          <con:status>400</con:status>
          <con:params/>
          <con:element xmlns:val="https://waqfepayment.gslb.uat.eradahcapital.com/api/ERCCorporate/ValidateTOTP">val:Fault</con:element>
        </con:representation>
        <con:request name="Validatet OTP" id="5e96a7a5-a4fc-4870-a5b4-29fd88f538e3" mediaType="application/json" postQueryString="false">
          <con:settings/>
          <con:endpoint>http://${#Project#url}</con:endpoint>
          <con:request>{
    "SignOnRq": {
        "LogId": "e0ccbe1a-dfdd-4753-a4c7-acc6fb0665e3",
        "DateTime": "2019-03-06T00:00:00",
        "ChannelId": "10",
        "OurBranchId": "01"
    },
    "ValidateTOTP": {
        "UserId": "Admin",
        "token": "123456"
    }
}</con:request>
          <con:credentials>
            <con:selectedAuthProfile>No Authorization</con:selectedAuthProfile>
            <con:authType>No Authorization</con:authType>
          </con:credentials>
          <con:jmsConfig JMSDeliveryMode="PERSISTENT"/>
          <con:parameters>
            <con:entry key="Content-Type" value="application/json"/>
          </con:parameters>
          <con:parameterOrder>
            <con:entry>Content-Type</con:entry>
          </con:parameterOrder>
        </con:request>
      </con:method>
    </con:resource>
    <con:resource name="CreateOnBoardingApplication" path="/api/ERCCorporate/CreateOnBoardingApplication" id="97cb2449-69f2-4988-a9b5-aade994cafaa">
      <con:settings/>
      <con:parameters/>
      <con:method name="CreateOnBoardingApplication" id="810fdd17-4781-42bd-9ffa-56ecddaf676a" method="POST">
        <con:settings/>
        <con:parameters>
          <con:parameter>
            <con:name>Content-Type</con:name>
            <con:value>application/json</con:value>
            <con:style>HEADER</con:style>
            <con:default/>
            <con:path xsi:nil="true"/>
            <con:description xsi:nil="true"/>
          </con:parameter>
        </con:parameters>
        <con:representation type="REQUEST">
          <con:mediaType>application/json</con:mediaType>
          <con:params/>
        </con:representation>
        <con:representation type="RESPONSE">
          <con:mediaType xsi:nil="true"/>
          <con:status>0</con:status>
          <con:params/>
          <con:element>data</con:element>
        </con:representation>
        <con:representation type="FAULT">
          <con:mediaType>application/json; charset=utf-8</con:mediaType>
          <con:status>400</con:status>
          <con:params/>
          <con:element xmlns:cre="http://null/api/ERCCorporate/CreateOnBoardingApplication">cre:Fault</con:element>
        </con:representation>
        <con:representation type="RESPONSE">
          <con:mediaType>application/json; charset=utf-8</con:mediaType>
          <con:status>200</con:status>
          <con:params/>
          <con:element xmlns:cre="http://null/api/ERCCorporate/CreateOnBoardingApplication">cre:Response</con:element>
        </con:representation>
        <con:request name="Create OnBoarding Application" id="6f7b33b6-7b7b-4ebd-b31c-ba2e45ad31ab" mediaType="application/json" postQueryString="false">
          <con:settings/>
          <con:endpoint>http://${#Project#url}</con:endpoint>
          <con:request>{
     "SignOnRq":{ 
               "LogId": "e0ccbe1a-dfdd-4753-a4c7-acc6fb0665e3",
                  "DateTime":"2019-03-06T00:00:00",
                 "ChannelId":"5",
               "OurBranchId":"01"},
               "RootObject":{
	"Email" : "test123@jomcom.com",
	"Name": "test JomCom",
	"RMUSERID": 230
	
}
}</con:request>
          <con:credentials>
            <con:selectedAuthProfile>No Authorization</con:selectedAuthProfile>
            <con:authType>No Authorization</con:authType>
          </con:credentials>
          <con:jmsConfig JMSDeliveryMode="PERSISTENT"/>
          <con:parameters>
            <con:entry key="Content-Type" value="application/json"/>
          </con:parameters>
          <con:parameterOrder>
            <con:entry>Content-Type</con:entry>
          </con:parameterOrder>
        </con:request>
      </con:method>
    </con:resource>
    <con:resource name="ListOfWPSAccounts" path="/api/ERCCorporate/ListOfWPSAccounts" id="eda34613-1de7-49e8-9534-25311644e676">
      <con:settings/>
      <con:parameters/>
      <con:method name="ListOfWPSAccounts" id="d176322a-0d24-4996-a71e-b89dcb8f51ae" method="POST">
        <con:settings/>
        <con:parameters>
          <con:parameter>
            <con:name>Content-Type</con:name>
            <con:value>application/json</con:value>
            <con:style>HEADER</con:style>
            <con:default/>
            <con:path xsi:nil="true"/>
            <con:description xsi:nil="true"/>
          </con:parameter>
        </con:parameters>
        <con:representation type="RESPONSE">
          <con:mediaType>application/json; charset=utf-8</con:mediaType>
          <con:status>200</con:status>
          <con:params/>
          <con:element xmlns:lis="https://waqfepayment.gslb.uat.eradahcapital.com/api/ERCCorporate/ListOfWPSAccounts">lis:Response</con:element>
        </con:representation>
        <con:representation type="REQUEST">
          <con:mediaType>application/json</con:mediaType>
          <con:params/>
        </con:representation>
        <con:request name="ListOfWPSAccounts" id="643372b6-d37c-49a8-ba68-8469707c9850" mediaType="application/json" postQueryString="false">
          <con:settings/>
          <con:endpoint>http://${#Project#url}</con:endpoint>
          <con:request>{
     "SignOnRq":{ 
               "LogId": "e0ccbe1a-dfdd-4753-a4c7-acc6fb0665e3",
                  "DateTime":"2019-03-06T00:00:00",
                 "ChannelId":"14",
               "OurBranchId":"01"},
               "RootObjectRequest":{
	"CIF": "000000079"
               }
}</con:request>
          <con:credentials>
            <con:selectedAuthProfile>No Authorization</con:selectedAuthProfile>
            <con:authType>No Authorization</con:authType>
          </con:credentials>
          <con:jmsConfig JMSDeliveryMode="PERSISTENT"/>
          <con:parameters>
            <con:entry key="Content-Type" value="application/json"/>
          </con:parameters>
          <con:parameterOrder>
            <con:entry>Content-Type</con:entry>
          </con:parameterOrder>
        </con:request>
      </con:method>
    </con:resource>
  </con:interface>
  <con:testSuite id="34180ecc-b5f7-4b8d-8c9c-20f38e65962b" name="Cycle-12">
    <con:settings/>
    <con:savedRecentRuns>1</con:savedRecentRuns>
    <con:runType>SEQUENTIAL</con:runType>
    <con:testCase id="0c3603f1-b55c-449b-bf6e-1e70cd1b4d8c" discardOkResults="false" failOnError="true" failTestCaseOnErrors="true" keepSession="false" name="CreateOnBoardingApplication" searchProperties="true" timeout="0">
      <con:settings/>
      <con:savedRecentRuns>1</con:savedRecentRuns>
      <con:testStep type="restrequest" name="CreateOnBoardingApplication" id="c24469b1-d885-4112-8dfd-33efd7d3bd76">
        <con:settings/>
        <con:config service="http://${#Project#url}" resourcePath="/api/ERCCorporate/CreateOnBoardingApplication" methodName="CreateOnBoardingApplication" xsi:type="con:RestRequestStep" xmlns:xsi="http://www.w3.org/2001/XMLSchema-instance">
          <con:restRequest name="CreateOnBoardingApplication" id="6f7b33b6-7b7b-4ebd-b31c-ba2e45ad31ab" mediaType="application/json" postQueryString="false">
            <con:settings>
              <con:setting id="com.eviware.soapui.impl.wsdl.WsdlRequest@request-headers">&lt;xml-fragment/></con:setting>
            </con:settings>
            <con:endpoint>${#Project#url}</con:endpoint>
            <con:request>{
     "SignOnRq":{ 
               "LogId": "${=java.util.UUID.randomUUID()}",
                  "DateTime":"2019-03-06T00:00:00",
                 "ChannelId":"2",
               "OurBranchId":"02"},
               "RootObject":{
	"Email" : "ravindher.kotte@capgemini.com",
	"Name": "test JomCom",
	"RMUSERID": 230,
	"RMEmail": "ravindher.kotte@capgemini.com"
	
}
}</con:request>
            <con:originalUri>http://null/api/ERCCorporate/CreateOnBoardingApplication</con:originalUri>
            <con:assertion type="Valid HTTP Status Codes" id="26b428cd-5eb5-4d81-a756-f600fe91e43d" name="Valid HTTP Status Codes">
              <con:settings/>
              <con:configuration>
                <codes>200</codes>
              </con:configuration>
            </con:assertion>
            <con:assertion type="Response SLA Assertion" id="f38897dd-135c-4e89-8011-018dae3da547" name="Response SLA">
              <con:configuration>
                <SLA>200</SLA>
              </con:configuration>
            </con:assertion>
            <con:credentials>
              <con:username>vendor2-erc</con:username>
              <con:password>aA1!asdf</con:password>
              <con:selectedAuthProfile>Basic</con:selectedAuthProfile>
              <con:preemptive>true</con:preemptive>
              <con:addedBasicAuthenticationTypes>Basic</con:addedBasicAuthenticationTypes>
              <con:authType>Preemptive</con:authType>
            </con:credentials>
            <con:jmsConfig JMSDeliveryMode="PERSISTENT"/>
            <con:parameters>
              <con:entry key="Content-Type" value="application/json"/>
            </con:parameters>
            <con:parameterOrder>
              <con:entry>Content-Type</con:entry>
            </con:parameterOrder>
          </con:restRequest>
        </con:config>
      </con:testStep>
      <con:properties/>
      <con:reportParameters/>
    </con:testCase>
    <con:testCase id="9dc0c37d-52f1-4038-8054-4b5cb92c8876" discardOkResults="false" failOnError="true" failTestCaseOnErrors="true" keepSession="false" name="UpdatedrawdownStatus" searchProperties="true" timeout="0">
      <con:settings/>
      <con:testStep type="restrequest" name="UpdatedrawdownStatus" id="299634b5-4227-4f3e-8b70-e1466147aaad">
        <con:settings/>
        <con:config service="http://${#Project#url}" resourcePath="/api/ERCCorporate/UpdatedrawdownStatus" methodName="UpdatedrawdownStatus" xsi:type="con:RestRequestStep" xmlns:xsi="http://www.w3.org/2001/XMLSchema-instance">
          <con:restRequest name="UpdatedrawdownStatus" id="0d50caaa-f91a-4d5e-b9c9-83266dada8cd" mediaType="application/json" postQueryString="false">
            <con:settings>
              <con:setting id="com.eviware.soapui.impl.wsdl.WsdlRequest@request-headers">&lt;xml-fragment/></con:setting>
            </con:settings>
            <con:endpoint>${#Project#url}</con:endpoint>
            <con:request>{
     "SignOnRq":{ 
               "LogId": "${=java.util.UUID.randomUUID()}",
                  "DateTime":"2019-03-06T00:00:00",
                 "ChannelId":"2",
               "OurBranchId":"03"},
               "RootObject":{
	"CaseId" : "test-123456",
	"Status": "true",
	"Message": "Test check of Drawdown API"
}
}</con:request>
            <con:originalUri>http://10.4.128.10/api/ERCCorporate/UpdatedrawdownStatus</con:originalUri>
            <con:assertion type="Valid HTTP Status Codes" id="f6608956-2f9c-41b7-a252-066630a57f5d" name="Valid HTTP Status Codes">
              <con:settings/>
              <con:configuration>
                <codes>200</codes>
              </con:configuration>
            </con:assertion>
            <con:credentials>
              <con:username>vendor2-erc</con:username>
              <con:password>aA1!asdf</con:password>
              <con:selectedAuthProfile>Basic</con:selectedAuthProfile>
              <con:preemptive>true</con:preemptive>
              <con:addedBasicAuthenticationTypes>Basic</con:addedBasicAuthenticationTypes>
              <con:authType>Preemptive</con:authType>
            </con:credentials>
            <con:jmsConfig JMSDeliveryMode="PERSISTENT"/>
            <con:parameters>
              <con:entry key="Content-Type" value="application/json"/>
            </con:parameters>
            <con:parameterOrder>
              <con:entry>Content-Type</con:entry>
            </con:parameterOrder>
          </con:restRequest>
        </con:config>
      </con:testStep>
      <con:properties/>
      <con:reportParameters/>
    </con:testCase>
    <con:testCase id="04c49516-c045-48d0-82ce-c4a8372e0cba" discardOkResults="false" failOnError="true" failTestCaseOnErrors="true" keepSession="false" name="ListOfRMs" searchProperties="true" timeout="0">
      <con:settings/>
      <con:savedRecentRuns>1</con:savedRecentRuns>
      <con:testStep type="restrequest" name="ListOfRMs" id="37801212-be4b-4776-8b09-fc5127c5f875">
        <con:settings/>
        <con:config service="http://${#Project#url}" resourcePath="/api/ERCCorporate/ListOfRMs" methodName="ListOfRMs" xsi:type="con:RestRequestStep" xmlns:xsi="http://www.w3.org/2001/XMLSchema-instance">
          <con:restRequest name="ListOfRMs" id="3cb69d7f-6aba-4d7d-a5dc-92e61f80c22b" mediaType="application/json" postQueryString="false">
            <con:settings>
              <con:setting id="com.eviware.soapui.impl.wsdl.WsdlRequest@request-headers">&lt;xml-fragment/></con:setting>
            </con:settings>
            <con:endpoint>${#Project#url}</con:endpoint>
            <con:request>{
	"SignOnRq":{
               "LogId": "${=java.util.UUID.randomUUID()}",
                  "DateTime":"2019-03-06T00:00:00",
                 "ChannelId":"2",
               "OurBranchId":"03"
		
	}
}</con:request>
            <con:originalUri>http://10.4.128.10/api/ERCCorporate/ListOfRMs</con:originalUri>
            <con:assertion type="Valid HTTP Status Codes" id="80957627-536f-43e7-b131-d850190aee47" name="Valid HTTP Status Codes">
              <con:settings/>
              <con:configuration>
                <codes>200</codes>
              </con:configuration>
            </con:assertion>
            <con:assertion type="Response SLA Assertion" id="b2289169-9c48-489c-9ade-20c09ac3067d" name="Response SLA">
              <con:configuration>
                <SLA>200</SLA>
              </con:configuration>
            </con:assertion>
            <con:credentials>
              <con:username>vendor2-erc</con:username>
              <con:password>aA1!asdf</con:password>
              <con:selectedAuthProfile>Basic</con:selectedAuthProfile>
              <con:preemptive>true</con:preemptive>
              <con:addedBasicAuthenticationTypes>Basic</con:addedBasicAuthenticationTypes>
              <con:authType>Preemptive</con:authType>
            </con:credentials>
            <con:jmsConfig JMSDeliveryMode="PERSISTENT"/>
            <con:parameters>
              <con:entry key="Content-Type" value="application/json"/>
            </con:parameters>
            <con:parameterOrder>
              <con:entry>Content-Type</con:entry>
            </con:parameterOrder>
          </con:restRequest>
        </con:config>
      </con:testStep>
      <con:properties/>
      <con:reportParameters/>
    </con:testCase>
    <con:testCase id="aca6de62-1e2e-4b01-b981-6300f43ceb05" discardOkResults="false" failOnError="true" failTestCaseOnErrors="true" keepSession="false" name="InValidateSSOSession" searchProperties="true" timeout="0">
      <con:settings/>
      <con:savedRecentRuns>1</con:savedRecentRuns>
      <con:testStep type="restrequest" name="InValidateSSOSession" id="a7e52d5e-2288-4e89-ab20-0b20c33eee5a">
        <con:settings/>
        <con:config service="http://${#Project#url}" resourcePath="/api/ERCCorporate/InValidateSSOSession" methodName="InValidateSSOSession" xsi:type="con:RestRequestStep" xmlns:xsi="http://www.w3.org/2001/XMLSchema-instance">
          <con:restRequest name="InValidateSSOSession" id="bba5a80a-c1d9-4293-957d-a38e518cf30e" mediaType="application/json" postQueryString="false">
            <con:settings>
              <con:setting id="com.eviware.soapui.impl.wsdl.WsdlRequest@request-headers">&lt;xml-fragment/></con:setting>
            </con:settings>
            <con:endpoint>${#Project#url}</con:endpoint>
            <con:request>{
	"SignOnRq":{
               "LogId": "${=java.util.UUID.randomUUID()}",
                  "DateTime":"2019-03-06T00:00:00",
                 "ChannelId":"1",
               "OurBranchId":"01"
	
	},
	"RootObject":{
		  "Reference_No" : "IB191124141128618"
	}
	
}</con:request>
            <con:originalUri>http://10.4.128.10/api/ERCCorporate/InValidateSSOSession</con:originalUri>
            <con:assertion type="Response SLA Assertion" id="03460cde-bd65-4623-a096-083bb8306558" name="Response SLA">
              <con:configuration>
                <SLA>200</SLA>
              </con:configuration>
            </con:assertion>
            <con:credentials>
              <con:username>vendor1-erc</con:username>
              <con:password>Lkjh123!@#</con:password>
              <con:selectedAuthProfile>Basic</con:selectedAuthProfile>
              <con:preemptive>true</con:preemptive>
              <con:addedBasicAuthenticationTypes>Basic</con:addedBasicAuthenticationTypes>
              <con:authType>Preemptive</con:authType>
            </con:credentials>
            <con:jmsConfig JMSDeliveryMode="PERSISTENT"/>
            <con:parameters>
              <con:entry key="Content-Type" value="application/json"/>
            </con:parameters>
            <con:parameterOrder>
              <con:entry>Content-Type</con:entry>
            </con:parameterOrder>
          </con:restRequest>
        </con:config>
      </con:testStep>
      <con:properties/>
      <con:reportParameters/>
    </con:testCase>
    <con:testCase id="8a8d8675-09a5-4afe-af92-b5eeaf8b6ed8" discardOkResults="false" failOnError="true" failTestCaseOnErrors="true" keepSession="false" name="Token" searchProperties="true" timeout="0" disabled="true">
      <con:settings/>
      <con:savedRecentRuns>1</con:savedRecentRuns>
      <con:testStep type="restrequest" name="Token" id="966be16c-5d28-47bc-a802-ccd2b6a1f094">
        <con:settings/>
        <con:config service="http://${#Project#url}" resourcePath="/api/JCREDIT/token" methodName="Token" xsi:type="con:RestRequestStep" xmlns:xsi="http://www.w3.org/2001/XMLSchema-instance">
          <con:restRequest name="Token" id="e6170149-f641-40b8-a8cf-c96e065e2ab5" mediaType="application/json" postQueryString="false">
            <con:settings>
              <con:setting id="com.eviware.soapui.impl.wsdl.WsdlRequest@request-headers">&lt;xml-fragment/></con:setting>
            </con:settings>
            <con:endpoint>${#Project#url}</con:endpoint>
            <con:request>{
     "SignOnRq":{ 
               "LogId": "${=java.util.UUID.randomUUID()}",
        "DateTime": "2019-03-06T00:00:00",
                 "ChannelId":"10",
               "OurBranchId":"03"}
}</con:request>
            <con:originalUri>https://waqfepayment.gslb.uat.eradahcapital.com/api/JCREDIT/token</con:originalUri>
            <con:assertion type="Valid HTTP Status Codes" id="556d7e0b-3978-46e5-9687-9e09841a806b" name="Valid HTTP Status Codes">
              <con:settings/>
              <con:configuration>
                <codes>200</codes>
              </con:configuration>
            </con:assertion>
            <con:credentials>
              <con:username>vendor10-erc</con:username>
              <con:password>P@ssw0rd10</con:password>
              <con:selectedAuthProfile>Basic</con:selectedAuthProfile>
              <con:preemptive>true</con:preemptive>
              <con:addedBasicAuthenticationTypes>Basic</con:addedBasicAuthenticationTypes>
              <con:authType>Preemptive</con:authType>
            </con:credentials>
            <con:jmsConfig JMSDeliveryMode="PERSISTENT"/>
            <con:parameters>
              <con:entry key="Content-Type" value="application/json"/>
            </con:parameters>
            <con:parameterOrder>
              <con:entry>Content-Type</con:entry>
            </con:parameterOrder>
          </con:restRequest>
        </con:config>
      </con:testStep>
      <con:properties/>
      <con:reportParameters/>
    </con:testCase>
    <con:properties/>
    <con:reportParameters/>
  </con:testSuite>
  <con:testSuite id="7ebfd58b-aec4-4b5a-bd15-f028b03c455d" name="Cycle-19">
    <con:settings/>
    <con:savedRecentRuns>1</con:savedRecentRuns>
    <con:runType>SEQUENTIAL</con:runType>
    <con:testCase id="ce25de3e-60b0-4990-abcc-fcac202e3d12" discardOkResults="false" failOnError="true" failTestCaseOnErrors="true" keepSession="false" name="ListOfWPSAccounts" searchProperties="true" timeout="0">
      <con:settings/>
      <con:savedRecentRuns>1</con:savedRecentRuns>
      <con:testStep type="restrequest" name="ListOfWPSAccounts" id="3f933c57-5ac8-4c0d-affd-6b23d4aac047">
        <con:settings/>
        <con:config service="http://${#Project#url}" resourcePath="/api/ERCCorporate/ListOfWPSAccounts" methodName="ListOfWPSAccounts" xsi:type="con:RestRequestStep" xmlns:xsi="http://www.w3.org/2001/XMLSchema-instance">
          <con:restRequest name="ListOfWPSAccounts" id="643372b6-d37c-49a8-ba68-8469707c9850" mediaType="application/json" postQueryString="false">
            <con:settings>
              <con:setting id="com.eviware.soapui.impl.wsdl.WsdlRequest@request-headers">&lt;xml-fragment/></con:setting>
            </con:settings>
            <con:endpoint>${#Project#url}</con:endpoint>
            <con:request>{
     "SignOnRq":{ 
              "LogId": "${=java.util.UUID.randomUUID()}",
        "DateTime": "9/8/2019 7:18:34 PM",
                 "ChannelId":"14",
               "OurBranchId":"03"},
               "RootObjectRequest":{
	"CIF": "000264451"
               }
}</con:request>
            <con:originalUri>https://waqfepayment.gslb.uat.eradahcapital.com/api/ERCCorporate/ListOfWPSAccounts</con:originalUri>
            <con:assertion type="Valid HTTP Status Codes" id="c64d3604-049a-4b1d-a38f-4a4a937e4faa" name="Valid HTTP Status Codes">
              <con:settings/>
              <con:configuration>
                <codes>200</codes>
              </con:configuration>
            </con:assertion>
            <con:credentials>
              <con:username>vendor14-erc</con:username>
              <con:password>P@ssw0rd14</con:password>
              <con:selectedAuthProfile>Basic</con:selectedAuthProfile>
              <con:preemptive>true</con:preemptive>
              <con:addedBasicAuthenticationTypes>Basic</con:addedBasicAuthenticationTypes>
              <con:authType>Preemptive</con:authType>
            </con:credentials>
            <con:jmsConfig JMSDeliveryMode="PERSISTENT"/>
            <con:parameters>
              <con:entry key="Content-Type" value="application/json"/>
            </con:parameters>
            <con:parameterOrder>
              <con:entry>Content-Type</con:entry>
            </con:parameterOrder>
          </con:restRequest>
        </con:config>
      </con:testStep>
      <con:properties/>
      <con:reportParameters/>
    </con:testCase>
    <con:testCase id="ed47df6c-03d5-4e1a-99ec-5c2f5e4afdd2" discardOkResults="false" failOnError="true" failTestCaseOnErrors="true" keepSession="false" name="QueueForAuth" searchProperties="true" timeout="0">
      <con:settings/>
      <con:savedRecentRuns>1</con:savedRecentRuns>
      <con:testStep type="restrequest" name="QueueForAuth" id="28d44241-6d5e-4eca-b132-703bd66151b9">
        <con:settings/>
        <con:config service="http://${#Project#url}" resourcePath="/api/ERCCorporate/QueueForAuth" methodName="QueueForAuth" xsi:type="con:RestRequestStep" xmlns:xsi="http://www.w3.org/2001/XMLSchema-instance">
          <con:restRequest name="QueueForAuth" id="eb8ac26d-0420-4a59-a18b-46c4217428c4" mediaType="application/json" postQueryString="false">
            <con:settings>
              <con:setting id="com.eviware.soapui.impl.wsdl.WsdlRequest@request-headers">&lt;xml-fragment/></con:setting>
            </con:settings>
            <con:endpoint>${#Project#url}</con:endpoint>
            <con:request>{
    "SignOnRq": {
       "LogId": "${=java.util.UUID.randomUUID()}",
        "DateTime": "9/8/2019 7:18:34 PM",
        "ChannelId": "8",
        "OurBranchId": "03"
    },
    "RootObjectRequest": {
        "CIF": "000264453",
        "AccountNumber": "0310100026445301",
        "TranType": "WPSWPSWPSWPS",
        "Remarks": "Test wps",
        "CurrencyCode": "AED",
        "CORELATIONID":"234234"
    }
}</con:request>
            <con:originalUri>http://https/waqfepayment.gslb.uat.eradahcapital.com:443/api/ERCCorporate/QueueForAuth</con:originalUri>
            <con:assertion type="Valid HTTP Status Codes" id="b64f2a52-4028-4ea8-b5c3-6fd4ece567bf" name="Valid HTTP Status Codes">
              <con:settings/>
              <con:configuration>
                <codes>200</codes>
              </con:configuration>
            </con:assertion>
            <con:assertion type="Response SLA Assertion" id="26b66210-12a1-4062-ac41-a88dd525f853" name="Response SLA">
              <con:configuration>
                <SLA>200</SLA>
              </con:configuration>
            </con:assertion>
            <con:credentials>
              <con:username>vendor8-erc</con:username>
              <con:password>P@ssw0rd8</con:password>
              <con:selectedAuthProfile>Basic</con:selectedAuthProfile>
              <con:preemptive>true</con:preemptive>
              <con:addedBasicAuthenticationTypes>Basic</con:addedBasicAuthenticationTypes>
              <con:authType>Preemptive</con:authType>
            </con:credentials>
            <con:jmsConfig JMSDeliveryMode="PERSISTENT"/>
            <con:parameters>
              <con:entry key="Content-Type" value="application/json"/>
            </con:parameters>
            <con:parameterOrder>
              <con:entry>Content-Type</con:entry>
            </con:parameterOrder>
          </con:restRequest>
        </con:config>
      </con:testStep>
      <con:properties/>
      <con:reportParameters/>
    </con:testCase>
    <con:testCase id="1cfa5cc0-1d34-4051-b440-9924f6af2093" discardOkResults="false" failOnError="true" failTestCaseOnErrors="true" keepSession="false" name="ValidateTOTP" searchProperties="true" timeout="0">
      <con:settings/>
      <con:testStep type="restrequest" name="ValidateTOTP" id="7bdba393-07b9-4ede-b4c8-8b583ed43c13">
        <con:settings/>
        <con:config service="http://${#Project#url}" resourcePath="/api/ERCCorporate/ValidateTOTP" methodName="ValidateTOTP" xsi:type="con:RestRequestStep" xmlns:xsi="http://www.w3.org/2001/XMLSchema-instance">
          <con:restRequest name="ValidateTOTP" id="5e96a7a5-a4fc-4870-a5b4-29fd88f538e3" mediaType="application/json" postQueryString="false">
            <con:settings>
              <con:setting id="com.eviware.soapui.impl.wsdl.WsdlRequest@request-headers">&lt;xml-fragment/></con:setting>
            </con:settings>
            <con:endpoint>${#Project#url}</con:endpoint>
            <con:request>{
    "SignOnRq": {
        "LogId": "${=java.util.UUID.randomUUID()}",
        "DateTime": "9/8/2019 7:18:34 PM",
        "ChannelId": "10",
        "OurBranchId": "02"
    },
    "ValidateTOTP": {
        "UserId": "Admin",
        "token": "123456"
    }
}</con:request>
            <con:originalUri>https://waqfepayment.gslb.uat.eradahcapital.com/api/ERCCorporate/ValidateTOTP</con:originalUri>
            <con:assertion type="Valid HTTP Status Codes" id="9451df5f-9af0-46bb-9cc8-214fd5bc88a3" name="Valid HTTP Status Codes">
              <con:settings/>
              <con:configuration>
                <codes>200</codes>
              </con:configuration>
            </con:assertion>
            <con:assertion type="Response SLA Assertion" id="8ae52f8c-67e4-4b2b-ba6a-050b329cfe9f" name="Response SLA">
              <con:configuration>
                <SLA>200</SLA>
              </con:configuration>
            </con:assertion>
            <con:credentials>
              <con:username>vendor10-erc</con:username>
              <con:password>P@ssw0rd10</con:password>
              <con:selectedAuthProfile>Basic</con:selectedAuthProfile>
              <con:preemptive>true</con:preemptive>
              <con:addedBasicAuthenticationTypes>Basic</con:addedBasicAuthenticationTypes>
              <con:authType>Preemptive</con:authType>
            </con:credentials>
            <con:jmsConfig JMSDeliveryMode="PERSISTENT"/>
            <con:parameters>
              <con:entry key="Content-Type" value="application/json"/>
            </con:parameters>
            <con:parameterOrder>
              <con:entry>Content-Type</con:entry>
            </con:parameterOrder>
          </con:restRequest>
        </con:config>
      </con:testStep>
      <con:properties/>
      <con:reportParameters/>
    </con:testCase>
    <con:properties/>
    <con:reportParameters/>
  </con:testSuite>
  <con:properties>
    <con:property>
      <con:name>url</con:name>
      <con:value>https://waqfepayment.gslb.uat.eradahcapital.com</con:value>
    </con:property>
  </con:properties>
  <con:wssContainer/>
  <con:databaseConnectionContainer/>
  <con:jmsConnectionContainer/>
  <con:oAuth2ProfileContainer/>
  <con:oAuth1ProfileContainer/>
  <con:reporting>
    <con:reportTemplates/>
    <con:xmlTemplates/>
    <con:xmlTemplates/>
    <con:parameters/>
    <con:parameters/>
  </con:reporting>
  <con:reporting/>
  <con:eventHandlers type="RequestFilter.filterRequest" name="RequestFilter.filterRequest">
    <con:script>// Sample event script to add custom HTTP header to all outgoing REST, SOAP and HTTP(S) calls
// This code is often used for adding custom authentication to SoapUI Pro tests

// If hardcoding the token, uncomment and change line 5
// def token = '4567'

// If your token is parameterized in Project level custom property, uncomment line 8
// def token = request.parent.testCase.testSuite.project.getProperty('auth_token').getValue()

// To modify all outgoing calls, remove comments from lines 11 to 16
// def headers = request.requestHeaders
// if (headers.containsKey('auth_token2') == false) {
//   headers.put('auth_token2', token)
//   request.requestHeaders = headers
// }</con:script>
  </con:eventHandlers>
  <con:eventHandlers type="TestRunListener.afterStep" name="TestRunListener.afterStep">
    <con:script>// Save all test step results into files
// Change the directory path in line 5 to a location where you want to store details
// then uncomment lines 5 to 10

// filePath = 'C:\\tempOutputDirectory\\'
// fos = new FileOutputStream(filePath + testStepResult.testStep.label + '.txt', true)
// pw = new PrintWriter(fos)
// testStepResult.writeTo(pw)
// pw.close()
// fos.close()</con:script>
  </con:eventHandlers>
  <con:authRepository/>
  <con:tags/>
</con:soapui-project>