<?xml version="1.0" encoding="UTF-8"?>
<con:testCase id="e64cd7c8-760c-4ddf-b23f-4ec27fb93dfa" discardOkResults="false" failOnError="false" failTestCaseOnErrors="true" keepSession="false" name="Facility" searchProperties="true" timeout="0" wsrmEnabled="false" wsrmVersion="1.0" wsrmAckTo="" amfAuthorisation="false" amfEndpoint="" amfLogin="" amfPassword="" zephyrTestName="" zephyrTestId="" maxResults="0" xmlns:con="http://eviware.com/soapui/config">
  <con:settings>
    <con:setting id="e64cd7c8-760c-4ddf-b23f-4ec27fb93dfafileName">Facility</con:setting>
  </con:settings>
  <con:savedRecentRuns>1</con:savedRecentRuns>
  <con:testStep type="groovy" name="TodayDate" id="034cb80a-96a2-498c-a9ca-c597dbe8adb6">
    <con:settings/>
    <con:config>
      <script>import groovy.time.TimeCategory
def today = new Date();
today= today.format("YYYY-MM-dd'T'HH:mm:ss")</script>
    </con:config>
  </con:testStep>
  <con:testStep type="groovy" name="Groovy Script" id="7a634558-c1d1-4dd0-be12-4ccdaf464ceb">
    <con:settings/>
    <con:config>
      <script>import groovy.time.TimeCategory
def today = new Date()+2;
tomorrow= today.format("YYYY-MM-dd")</script>
    </con:config>
  </con:testStep>
  <con:testStep type="transfer" name="Property Transfer" id="a8bf51de-0234-49c6-a8b3-a9a8b689e706">
    <con:settings/>
    <con:config xsi:type="con:PropertyTransfersStep" xmlns:xsi="http://www.w3.org/2001/XMLSchema-instance">
      <con:transfers setNullOnMissingSource="true" transferTextContent="true" failOnError="true" ignoreEmpty="false" transferToAll="false" entitize="false" transferChildNodes="false">
        <con:name>Date</con:name>
        <con:sourceType>result</con:sourceType>
        <con:sourceStep>Groovy Script</con:sourceStep>
        <con:sourcePath/>
        <con:targetType>Date</con:targetType>
        <con:targetStep>#TestCase#</con:targetStep>
        <con:targetPath/>
        <con:upgraded>true</con:upgraded>
      </con:transfers>
    </con:config>
  </con:testStep>
  <con:testStep type="restrequest" name="CreateCorporateCIF" id="8fbb52e5-87df-434e-aa39-8503614fe59b">
    <con:settings/>
    <con:config service="http://waqfedev.northeurope.cloudapp.azure.com:2181" resourcePath="/api/BankSmart/CreateCorporateCIF" methodName="CreateCorporateCIF" xsi:type="con:RestRequestStep" xmlns:xsi="http://www.w3.org/2001/XMLSchema-instance">
      <con:restRequest name="CreateCorporateCIF" id="5d62baed-678d-4062-9083-7ab192d5d64e" mediaType="application/json" postQueryString="false">
        <con:settings>
          <con:setting id="com.eviware.soapui.impl.wsdl.WsdlRequest@request-headers">&lt;xml-fragment/></con:setting>
        </con:settings>
        <con:endpoint>${#Project#pURL}</con:endpoint>
        <con:request>{\r
   "signOnRq" : {\r
      "LogId" : "${=java.util.UUID.randomUUID()}",\r
      "DateTime" : "${TodayDate#result}",\r
      "ChannelId" : "10",\r
      "OurBranchId" : "03"\r
   },\r
   "Cust" : {\r
      "Name" : "API HC ${=org.apache.commons.lang.RandomStringUtils.randomAlphabetic(6)}",\r
      "CategoryId" : "Corporate",\r
      "GroupCode" : "LCORP",\r
      "RManager" : "006",\r
      "RiskProfile" : "Low",\r
      "EntityNameCorp" : "Limited Liability Company",\r
      "EntityTypeCorp" : "LLC",\r
      "YearofestablishmentCorp" : "2020/01/08",\r
      "RegisteredAddressCorp" : "Bruj Khalifa ${=org.apache.commons.lang.RandomStringUtils.randomNumeric(3)}",\r
      "ContactName1Corp" : "API_HC_Ahmad Ali Mohamad ${=org.apache.commons.lang.RandomStringUtils.randomNumeric(3)}",\r
      "ContactID1Corp" : "${=org.apache.commons.lang.RandomStringUtils.randomAlphanumeric(10)}",\r
      "IDTypeCorp" : "TLL",\r
      "Address1Corp" : "Bruj Khalifa ${=org.apache.commons.lang.RandomStringUtils.randomNumeric(3)}",\r
      "PhoneNumberCorp" : "${=org.apache.commons.lang.RandomStringUtils.randomNumeric(10)}",\r
      "AlternatePhonenumberCorp" : "${=org.apache.commons.lang.RandomStringUtils.randomNumeric(10)}",\r
      "EmailIDCorp" : "${=org.apache.commons.lang.RandomStringUtils.randomAlphanumeric(10)}@eradahcapital.com",\r
      "ContactName2Corp" : "",\r
      "ContactID2Corp" : "",\r
      "IDType2" : "",\r
      "Address2Corp" : "",\r
      "PhoneNumber2Corp" : "",\r
      "AlternatePhonenumber2Corp" : "",\r
      "EmailID2Corp" : "",\r
      "BusinessActivity" : "0111",\r
      "SICCodesCorp" : "0112",\r
      "IndustryCorp" : "MFT",\r
      "PresenceinCISCountryCorp" : "Y",\r
      "DealingwithCISCountryCorp" : "Y",\r
      "TradeLicenseNumberCorp" : "${=org.apache.commons.lang.RandomStringUtils.randomAlphanumeric(10)}",\r
      "CountryofIncorporationCorp" : "ARE",\r
      "TradeLicenseIssuedateCorp" : "2020/03/12",\r
      "TradeLicenseExpirydateCorp" : "2022/03/06",\r
      "TradeLicenseIssuanceAuthorityCorp" : "Dubai",\r
      "TRNNoCorp" : "0090909",\r
      "PEPCorp" : "N",\r
      "BlackListCorp" : "N",\r
      "KYCReviewDateCorp" : "2022-12-31",\r
      "FATCARelevantCorp" : "N",\r
      "CRSRelevantCorp" : "N",\r
      "USAEntityCorp" : "SUP",\r
      "FFICorp" : "N",\r
      "FFICategoryCorp" : "PFI",\r
      "GIINNoCorp" : "${=org.apache.commons.lang.RandomStringUtils.randomNumeric(9)}",\r
      "GIINNACorp" : "001",\r
      "SponsorNameCorp" : "API_HC_${=org.apache.commons.lang.RandomStringUtils.randomAlphabetic(9)}",\r
      "SponsorGIIN" : "${=org.apache.commons.lang.RandomStringUtils.randomAlphabetic(9)}",\r
      "NFFECorp" : "005",\r
      "StockExchangeCorp" : "${=org.apache.commons.lang.RandomStringUtils.randomAlphabetic(9)}",\r
      "TradingSymbolCorp" : "${=org.apache.commons.lang.RandomStringUtils.randomAlphabetic(9)}",\r
      "USAORUAECorp" : "N",\r
      "TINAvailableCorp" : "Y",\r
      "TinNo1Corp" : "1",\r
      "TaxCountry1Corp" : "ARE",\r
      "TinNo2Corp" : "1",\r
      "TaxCountry2Corp" : "ARE",\r
      "TinNo3Corp" : "1",\r
      "TaxCountry3Corp" : "ARE",\r
      "TinNo4Corp" : "1",\r
      "TaxCountry4Corp" : "ARE",\r
      "TinNo5Corp" : "1",\r
      "TaxCountry5Corp" : "ARE",\r
      "FATCANoReasonCorp" : "Reason A",\r
      "ReasonBCorp" : "${=org.apache.commons.lang.RandomStringUtils.randomAlphabetic(9)}",\r
      "CompanyWebsite" : "${=org.apache.commons.lang.RandomStringUtils.randomAlphanumeric(10)}@eradahcapital.com",\r
      "CompCashIntensive" : "Y",\r
      "PubLimCompCorp" : "Y",\r
      "RegAddCountryCorp" : "ARE",\r
      "REGADDSTATECORP" : "006",\r
      "RegAddCityCorp" : "00014",\r
      "Add1CountryCorp" : "ARE",\r
      "Add1StateCorp" : "006",\r
      "Add1CityCorp" : "00014",\r
      "Add2CountryCorp" : "ARE",\r
      "Add2StateCorp" : "006",\r
      "Add2CityCorp" : "00014",\r
      "JurEmiratesID" : "001",\r
      "JurTypeID" : "001",\r
      "JurAuthorityID" : "001",\r
      "POBox" : "2344"\r
   },\r
   "ShareHolders" : [\r
      {\r
         "ShareHolderName" : "API_Saif Al Ghurair${=org.apache.commons.lang.RandomStringUtils.randomNumeric(3)}",\r
         "ShareHolderAddress" : "Burj Khalifa${=org.apache.commons.lang.RandomStringUtils.randomNumeric(2)}",\r
         "ShareholderType" : "IND",\r
         "ShareholdersIDtype" : "EID",\r
         "ShareholdersIDNo" : "7841968${=org.apache.commons.lang.RandomStringUtils.randomNumeric(7)}1",\r
         "ShareholdersIDExpirydate" : "2022-12-31",\r
         "CountryofIncorporation" : "ARE",\r
         "BoardMember" : "Y",\r
         "AuthorisedSignatory" : "Y",\r
         "BeneficialOwner" : "Y",\r
         "ResidentNonResident" : "N",\r
         "CountryofResidence" : "ARE",\r
         "OwnershipPercentage" : "100",\r
         "Blacklist" : "N",\r
         "PEP" : "N",\r
         "FATCARelevant" : "N",\r
         "CRSRelevant" : "N",\r
         "USCitizen" : "N",\r
         "AreyouaUSTaxResident" : "N",\r
         "WereyoubornintheUS" : "N",\r
         "USAEntity" : "SUP",\r
         "FFI" : "Y",\r
         "FFICategory" : "PFI",\r
         "GIINNo" : "${=org.apache.commons.lang.RandomStringUtils.randomAlphabetic(3)}",\r
         "GIINNA" : "001",\r
         "SponsorName" : "API_HC_${=org.apache.commons.lang.RandomStringUtils.randomAlphabetic(3)}",\r
         "SponsorGIIN" : "${=org.apache.commons.lang.RandomStringUtils.randomAlphabetic(3)}",\r
         "NFFE" : "005",\r
         "StockExchange" : "${=org.apache.commons.lang.RandomStringUtils.randomAlphabetic(3)}",\r
         "TradingSymbol" : "${=org.apache.commons.lang.RandomStringUtils.randomAlphabetic(3)}",\r
         "USAORUAE" : "N",\r
         "TINAvailable" : "Y",\r
         "TinNo1" : "1",\r
         "TaxCountry1" : "ARE",\r
         "TinNo2" : "1",\r
         "TaxCountry2" : "ARE",\r
         "TinNo3" : "1",\r
         "TaxCountry3" : "ARE",\r
         "TinNo4" : "1",\r
         "TaxCountry4" : "ARE",\r
         "TinNo5" : "1",\r
         "TaxCountry5" : "ARE",\r
         "FATCANoReason" : "Reason A",\r
         "ReasonB" : "${=org.apache.commons.lang.RandomStringUtils.randomAlphabetic(9)}",\r
         "SHCity" : "00014",\r
         "SHState" : "006",\r
         "SHCountry" : "ARE",\r
         "SHIDIssuanceCountry" : "ARE",\r
         "IDGender" : "M",\r
         "DateOfBirth" : "2001/09/08",\r
         "IDNationality" : "ARE"\r
      }\r
   ],\r
   "Authignatories" : [\r
      {\r
         "AuthorisedsignatoriesName" : "API_HC_Sunny Varkey${=org.apache.commons.lang.RandomStringUtils.randomNumeric(3)}",\r
         "PhoneNumber" : "${=org.apache.commons.lang.RandomStringUtils.randomNumeric(10)}",\r
         "EmailID" : "${=org.apache.commons.lang.RandomStringUtils.randomAlphanumeric(10)}@eradahcapital.com",\r
         "CorrespondenceAddress" : "Burj khlifa ${=org.apache.commons.lang.RandomStringUtils.randomNumeric(3)}",\r
         "AuthorisedsignatoryIDtype1" : "PAS",\r
         "AuthorisedsignatoryIDNumber1" : "${=org.apache.commons.lang.RandomStringUtils.randomAlphanumeric(9)}",\r
         "AuthorisedsignatoryIDExpirydate1" : "2022-12-31",\r
         "AuthorisedsignatoryIDIssueCountry1" : "PAK",\r
         "AuthorisedsignatoryIDtype2" : "EID",\r
         "AuthorisedsignatoryIDNumber2" : "7841968${=org.apache.commons.lang.RandomStringUtils.randomNumeric(7)}1",\r
         "AuthorisedsignatoryIDExpirydate2" : "2022-12-31",\r
         "AuthorisedsignatoryIDIssueCountry2" : "ARE",\r
         "AuthorisedsignatoryVisaIssuedby" : "UAE",\r
         "AuthorisedsignatoryVisaNumber" : "${=org.apache.commons.lang.RandomStringUtils.randomNumeric(8)}",\r
         "AuthorisedsignatoryVisaExpiry" : "2022-05-30 16:53",\r
         "Remarks" : "API${=org.apache.commons.lang.RandomStringUtils.randomAlphabetic(9)}",\r
         "Blacklist" : "N",\r
         "PEP" : "N",\r
         "FATCARelevant" : "N",\r
         "CRSRelevant" : "N",\r
         "AreyouaUSCitizen" : "N",\r
         "AreyouaUSTaxResident" : "N",\r
         "WereyoubornintheUS" : "N",\r
         "USAORUAE" : "N",\r
         "TINAvailable" : "Y",\r
         "TinNo1" : "1",\r
         "TaxCountry1" : "ARE",\r
         "TinNo2" : "1",\r
         "TaxCountry2" : "ARE",\r
         "TinNo3" : "1",\r
         "TaxCountry3" : "ARE",\r
         "TinNo4" : "1",\r
         "TaxCountry4" : "ARE",\r
         "TinNo5" : "1",\r
         "TaxCountry5" : "ARE",\r
         "FATCANoReason" : "Reason A",\r
         "ReasonB" : "${=org.apache.commons.lang.RandomStringUtils.randomAlphabetic(9)}",\r
         "ASCity" : "00014",\r
         "ASState" : "006",\r
         "ASCountry" : "ARE",\r
         "IDGender" : "M",\r
         "DateOfBirth" : "2001/09/08",\r
         "IDNationality" : "PAK",\r
         "GroupID" : "OD312",\r
         "SignUpload" : "${=org.apache.commons.lang.RandomStringUtils.randomAlphabetic(9)}"\r
      }\r
   ],\r
   "BoardDirectors" : [\r
      {\r
         "BoardDirectorName" : "API_HC_Micky Jagtiani${=org.apache.commons.lang.RandomStringUtils.randomNumeric(3)}",\r
         "Designation" : "Director",\r
         "BoardDirectorAddress" : "Dubai${=org.apache.commons.lang.RandomStringUtils.randomNumeric(3)}",\r
         "BoardDirectorIDExpirydate" : "2022/09/08",\r
         "ResidentNonResident" : "N",\r
         "CountryofResidence" : "ARE",\r
         "BoardDirectorIDtype" : "PAS",\r
         "BoardDirectorIDNo" : "${=org.apache.commons.lang.RandomStringUtils.randomAlphanumeric(9)}",\r
         "Blacklist" : "N",\r
         "PEP" : "N",\r
         "FATCARelevant" : "N",\r
         "CRSRelevant" : "N",\r
         "AreyouaUSCitizen" : "N",\r
         "AreyouaUSTaxResident" : "N",\r
         "WereyoubornintheUS" : "N",\r
         "USAORUAE" : "N",\r
         "TINAvailable" : "Y",\r
         "TinNo1" : "1",\r
         "TaxCountry1" : "ARE",\r
         "TinNo2" : "1",\r
         "TaxCountry2" : "ARE",\r
         "TinNo3" : "1",\r
         "TaxCountry3" : "ARE",\r
         "TinNo4" : "1",\r
         "TaxCountry4" : "ARE",\r
         "TinNo5" : "1",\r
         "TaxCountry5" : "ARE",\r
         "FATCANoReason" : "Reason A",\r
         "ReasonB" : "${=org.apache.commons.lang.RandomStringUtils.randomAlphabetic(9)}",\r
         "BDCity" : "00014",\r
         "BDState" : "006",\r
         "BDCountry" : "ARE",\r
         "IDGender" : "M",\r
         "DateOfBirth" : "2001/09/08",\r
         "IDNationality" : "ARE"\r
      }\r
   ],\r
   "BeneficialOwners" : [\r
      {\r
         "BeneficialName" : "API_HC_Faiza${=org.apache.commons.lang.RandomStringUtils.randomNumeric(3)}",\r
         "BeneficialAddress" : "Dubai Mall",\r
         "BeneficialIDNo" : "7841968${=org.apache.commons.lang.RandomStringUtils.randomNumeric(7)}1",\r
         "BeneficialIDExpirydate" : "2022-12-31",\r
         "ResidentNonResident" : "N",\r
         "CountryOfResidence" : "ARE",\r
         "BeneficialIDtype" : "EID",\r
         "Blacklist" : "N",\r
         "PEP" : "N",\r
         "FATCARelevant" : "N",\r
         "CRSRelevant" : "N",\r
         "AreyouaUSCitizen" : "N",\r
         "AreyouaUSTaxResident" : "N",\r
         "WereyoubornintheUS" : "N",\r
         "USAORUAE" : "N",\r
         "TINAvailable" : "Y",\r
         "TinNo1" : "1",\r
         "TaxCountry1" : "ARE",\r
         "TinNo2" : "1",\r
         "TaxCountry2" : "ARE",\r
         "TinNo3" : "1",\r
         "TaxCountry3" : "ARE",\r
         "TinNo4" : "1",\r
         "TaxCountry4" : "ARE",\r
         "TinNo5" : "1",\r
         "TaxCountry5" : "ARE",\r
         "FATCANoReason" : "Reason A",\r
         "ReasonB" : "${=org.apache.commons.lang.RandomStringUtils.randomAlphabetic(5)}",\r
         "BOCity" : "00014",\r
         "BOState" : "006",\r
         "BOCountry" : "ARE",\r
         "IDGender" : "M",\r
         "DateOfBirth" : "2001/09/08",\r
         "IDNationality" : "ARE"\r
      }\r
   ]\r
}</con:request>
        <con:originalUri>http://10.4.128.8/api/BankSmart/CreateCorporateCIF</con:originalUri>
        <con:assertion type="JsonPath Match" id="b4d1e844-1e4e-4c22-8210-67bc84b5e7d1" name="JSONPath Match">
          <con:configuration>
            <path>$['status']['statusMessage']</path>
            <content>"Success"</content>
            <allowWildcards>false</allowWildcards>
            <ignoreNamspaceDifferences>false</ignoreNamspaceDifferences>
            <ignoreComments>false</ignoreComments>
          </con:configuration>
        </con:assertion>
        <con:credentials>
          <con:username>vendor10-erc</con:username>
          <con:password>P@ssw0rd10</con:password>
          <con:selectedAuthProfile>Basic</con:selectedAuthProfile>
          <con:preemptive>true</con:preemptive>
          <con:addedBasicAuthenticationTypes>Basic</con:addedBasicAuthenticationTypes>
          <con:authType>Preemptive</con:authType>
        </con:credentials>
        <con:jmsConfig JMSDeliveryMode="PERSISTENT"/>
        <con:parameters>
          <con:entry key="Authorization" value="Basic dmVuZG9yNS1lcmM6UEBzc3cwcmQ1"/>
          <con:entry key="Content-Type" value="application/json"/>
        </con:parameters>
        <con:parameterOrder>
          <con:entry>Content-Type</con:entry>
          <con:entry>Authorization</con:entry>
        </con:parameterOrder>
      </con:restRequest>
    </con:config>
  </con:testStep>
  <con:testStep type="restrequest" name="CreateCorporateAccount" id="aa793594-3382-4d44-b477-b7d434e4492b">
    <con:settings/>
    <con:config service="http://waqfedev.northeurope.cloudapp.azure.com:2181" resourcePath="/api/BankSmart/CreateCorporateAccount" methodName="CreateCorporateAccount" xsi:type="con:RestRequestStep" xmlns:xsi="http://www.w3.org/2001/XMLSchema-instance">
      <con:restRequest name="CreateCorporateAccount" id="b10fce92-1844-4f95-a0b5-faf1e9b9dc48" mediaType="application/json" postQueryString="false">
        <con:settings>
          <con:setting id="com.eviware.soapui.impl.wsdl.WsdlRequest@request-headers">&lt;xml-fragment/></con:setting>
        </con:settings>
        <con:endpoint>${#Project#pURL}</con:endpoint>
        <con:request>{\r
   "SignOnRq" : {\r
      "LogId" : "${=java.util.UUID.randomUUID()}",\r
      "DateTime" : "2019-03-06T00:00:00",\r
      "ChannelId" : "10",\r
      "OurBranchId" : "03"\r
   },\r
   "SignatureInstructions" : "this is to allow all",\r
   "Acc" : {\r
      "ClientID" : "${CreateCorporateCIF#Response#$['content']['clientID']}",\r
      "ProductID" : "CCAAED",\r
      "Name" : "${CreateCorporateCIF#RawRequest#$['Cust']['Name']}",\r
      "Address" : "${CreateCorporateCIF#RawRequest#$['Cust']['RegisteredAddressCorp']}",\r
      "CountryID" : "ARE",\r
      "StateID" : "006",\r
      "CityID" : "00014",\r
      "StatementFrequency" : "Y",\r
      "HoldMail" : 1,\r
      "ZakatExemption" : 1,\r
      "ContactPersonName" : "${CreateCorporateCIF#RawRequest#$['Cust']['ContactName1Corp']}",\r
      "Designation" : "",\r
      "Phone1" : "${CreateCorporateCIF#RawRequest#$['Cust']['PhoneNumberCorp']}",\r
      "Phone2" : "${CreateCorporateCIF#RawRequest#$['Cust']['AlternatePhonenumberCorp']}",\r
      "MobileNo" : "${=org.apache.commons.lang.RandomStringUtils.randomNumeric(10)}",\r
      "Fax" : "${=org.apache.commons.lang.RandomStringUtils.randomNumeric(10)}",\r
      "EmailID" : "${CreateCorporateCIF#RawRequest#$['Cust']['EmailIDCorp']}",\r
      "IntroducerAccountNo" : "${=org.apache.commons.lang.RandomStringUtils.randomNumeric(10)}",\r
      "IntroducedBy" : "API_HC_${=org.apache.commons.lang.RandomStringUtils.randomNumeric(3)}",\r
      "IntroducerAddress" : "Freser Suite${=org.apache.commons.lang.RandomStringUtils.randomNumeric(2)}",\r
      "IntroducerCityID" : "00014",\r
      "IntroducerStateID" : "006",\r
      "IntroducerCountryID" : "ARE",\r
      "ModeOfOperation" : "Company Mandate",\r
      "Reminder" : "API_HC_Reminder${=org.apache.commons.lang.RandomStringUtils.randomNumeric(3)}",\r
      "Notes" : "API_HC_Reminder Notes${=org.apache.commons.lang.RandomStringUtils.randomNumeric(3)}",\r
      "NatureID" : "0101",\r
      "RelationshipCode" : "CAD",\r
      "AllowCreditTransaction" : 0,\r
      "AllowDebitTransaction" : 0,\r
      "NotServiceCharges" : 1,\r
      "NotStopPaymentCharges" : 1,\r
      "NotChequeBookCharges" : 1,\r
      "TurnOver" : "Above 10M",\r
      "NoOfDrTrx" : 1,\r
      "NoOfCrTrx" : 1,\r
      "DrThresholdLimit" : 1,\r
      "CrThresholdLimit" : 1,\r
      "ProductCash" : 1,\r
      "ProductClearing" : 1,\r
      "ProductCollection" : 1,\r
      "ProductRemittance" : 1,\r
      "ProductCross" : 1,\r
      "ProductOthers" : 1,\r
      "ProductOthersDesc" : "API_HC_Remarks${=org.apache.commons.lang.RandomStringUtils.randomNumeric(3)}"\r
   }\r
}</con:request>
        <con:originalUri>http://10.4.128.8/api/BankSmart/CreateCorporateAccount</con:originalUri>
        <con:assertion type="JsonPath Match" id="35ba3203-16ff-4c09-a4a9-8bf72514f30c" name="JSONPath Match">
          <con:configuration>
            <path>$['status']['statusMessage']</path>
            <content>"Success"</content>
            <allowWildcards>false</allowWildcards>
            <ignoreNamspaceDifferences>false</ignoreNamspaceDifferences>
            <ignoreComments>false</ignoreComments>
          </con:configuration>
        </con:assertion>
        <con:credentials>
          <con:username>vendor10-erc</con:username>
          <con:password>P@ssw0rd10</con:password>
          <con:selectedAuthProfile>Basic</con:selectedAuthProfile>
          <con:preemptive>true</con:preemptive>
          <con:addedBasicAuthenticationTypes>Basic</con:addedBasicAuthenticationTypes>
          <con:authType>Preemptive</con:authType>
        </con:credentials>
        <con:jmsConfig JMSDeliveryMode="PERSISTENT"/>
        <con:parameters>
          <con:entry key="Authorization" value="Basic dmVuZG9yNS1lcmM6UEBzc3cwcmQ1"/>
          <con:entry key="Content-Type" value="application/json"/>
        </con:parameters>
        <con:parameterOrder>
          <con:entry>Content-Type</con:entry>
          <con:entry>Authorization</con:entry>
        </con:parameterOrder>
      </con:restRequest>
    </con:config>
  </con:testStep>
  <con:testStep type="restrequest" name="ScreeningLegalPersonModel" id="fb7b1dd8-fa91-4c9e-9afd-fd16225ef3e3">
    <con:settings/>
    <con:config service="http://waqfedev.northeurope.cloudapp.azure.com:2181" resourcePath="/api/IMTF/ScreeningLegalPersonModel" methodName="ScreeningLegalPersonModel" xsi:type="con:RestRequestStep" xmlns:xsi="http://www.w3.org/2001/XMLSchema-instance">
      <con:restRequest name="ScreeningLegalPersonModel" id="fb269761-0750-49ef-b1ce-71e6da1eb3a1" mediaType="application/json" postQueryString="false">
        <con:settings>
          <con:setting id="com.eviware.soapui.impl.wsdl.WsdlRequest@request-headers">&lt;xml-fragment/></con:setting>
        </con:settings>
        <con:endpoint>${#Project#pURL}</con:endpoint>
        <con:request>{
    "SignOnRq": {
        "LogId": "${=java.util.UUID.randomUUID()}",
        "DateTime": "2019-03-06T00:00:00",
        "ChannelId": "10",
        "OurBranchId": "03"
    },
    "RootObject": {
        "RequestMetaData": {
            "type": "NBK_SCR_CRP",
            "sendTime": "22/01/2020 05:01:32.203714",
            "timeZone": "4",
            "userId": "SYSTEM",
            "requestUid": "${=java.util.UUID.randomUUID()}",
            "orgUnit": "ORG_GLOBAL/ORG_AE/AE_CORP",
            "branchCompanyId": "HAS",
            "branchLocationId": "784101",
            "systemId": "10",
            "serviceId": "NBK_SCR_CRP"
        },
        "RequestDataObject": {
            "DoiPerson": [
                {
                    "entityType": "3001",
                    "originId": "${CreateCorporateCIF#Response#$['content']['clientID']}",
                    "listId": "ORG_GLOBAL/ORG_AE/AE_CORP/CUS",
                    "legalStatus": "L",
                    "lastName": "${CreateCorporateAccount#Response#$['content']['name']}",
                    "activityCode": "${CreateCorporateCIF#RawRequest#$['Cust']['GroupCode']}",
				"businessCode": "${CreateCorporateCIF#RawRequest#$['Cust']['BusinessActivity']}",
                    "startDtg": "1/5/2006 00:00:00.000000",
                    "giin": "5645645",
                    "tin": "546546456",
                    "DoiPersonPhysChar": [
                        {
                            "originId": "${CreateCorporateCIF#Response#$['content']['clientID']}",
                            "listId": "ORG_GLOBAL/ORG_AE/AE_CORP/CUS",
                            "nationality": "ARE"
                        },
                        {
                            "originId": "${CreateCorporateCIF#Response#$['content']['clientID']}_SIC_4",
                            "listId": "ORG_GLOBAL/ORG_AE/AE_CORP/CUS",
                            "businessCode": "${CreateCorporateCIF#RawRequest#$['Cust']['BusinessActivity']}"
                        }
                    ],
                    "DoiIdentificationDocEntity": [
                        {
                            "entityType": "18",
                            "originId": "${CreateCorporateCIF#Response#$['content']['clientID']}_1",
                            "listId": "ORG_GLOBAL/ORG_AE/AE_CORP/CUS_ID",
                            "type": "TLL",
                            "issuingCountry": "ARE",
                            "number": "${CreateCorporateCIF#RawRequest#$['Cust']['TradeLicenseNumberCorp']}",
                            "startDtg": "1/5/2006 00:00:00.000000",
                            "endDtg": "30/4/2020 00:00:00.000000"
                        }
                    ],
                    "DoiLocation": [
                        {
                            "entityType": "21",
                            "originId": "${CreateCorporateCIF#Response#$['content']['clientID']}_2",
                            "listId": "ORG_GLOBAL/ORG_AE/AE_CORP/CUS_ADR",
                            "fullStreetAddress": "${CreateCorporateCIF#RawRequest#$['Cust']['RegisteredAddressCorp']}",
                            "country": "ARE",
                            "addressPurposeId": "001",
                            "city": "Dubai City"
                        }
                    ],
                    "DoiPhoneEntity": [
                        {
                            "entityType": "10",
                            "originId": "${CreateCorporateCIF#Response#$['content']['clientID']}_3",
                            "listId": "ORG_GLOBAL/ORG_AE/AE_CORP/CUS_4N",
                            "number": "${CreateCorporateCIF#RawRequest#$['Cust']['PhoneNumberCorp']}"
                        }
                    ],
                    "DoiEMailEntity": [
                        {
                            "entityType": "16",
                            "originId": "${CreateCorporateCIF#Response#$['content']['clientID']}_5",
                            "listId": "ORG_GLOBAL/ORG_AE/AE_CORP/CUS_EMAIL",
                            "email": "${CreateCorporateCIF#RawRequest#$['Cust']['EmailIDCorp']}"
                        }
                    ],
                    "DoiRelation": [
                        {
                            "entityType": "2000",
                            "originId": "${CreateCorporateCIF#Response#$['content']['clientID']}_REL1",
                            "listId": "ORG_GLOBAL/ORG_AE/AE_CORP/RELAT",
                            "originIdEnd2": "${CreateCorporateCIF#Response#$['content']['clientID']}_Contact",
                            "linkDirection": "0",
                            "description": "API_HC_ContactName",
                            "originIdEnd1": "${CreateCorporateCIF#Response#$['content']['clientID']}"
                        },
                        {
                            "entityType": "2000",
                            "originId": "${CreateCorporateCIF#Response#$['content']['clientID']}_REL2",
                            "listId": "ORG_GLOBAL/ORG_AE/AE_CORP/RELAT",
                            "originIdEnd2": "${CreateCorporateCIF#Response#$['content']['clientID']}_Rep_SH_${CreateCorporateCIF#Response#$['content']['shareHolderID'][0]['id']}",
                            "linkDirection": "0",
                            "linkWeight": "100.00",
                            "description": "API_HC_ShareHolder",
                            "originIdEnd1": "${CreateCorporateCIF#Response#$['content']['clientID']}"
                        },
                        {
                            "entityType": "2000",
                            "originId": "${CreateCorporateCIF#Response#$['content']['clientID']}_REL3",
                            "listId": "ORG_GLOBAL/ORG_AE/AE_CORP/RELAT",
                            "originIdEnd2": "${CreateCorporateCIF#Response#$['content']['clientID']}_Rep_SG_${CreateCorporateCIF#Response#$['content']['authorisedSignatorieID'][0]['id']}",
                            "linkDirection": "0",
                            "description": "API_HC_Authorised Signatories",
                            "originIdEnd1": "${CreateCorporateCIF#Response#$['content']['clientID']}"
                        },
                        {
                            "entityType": "2000",
                            "originId": "${CreateCorporateCIF#Response#$['content']['clientID']}_REL4",
                            "listId": "ORG_GLOBAL/ORG_AE/AE_CORP/RELAT",
                            "originIdEnd2": "${CreateCorporateCIF#Response#$['content']['clientID']}_Rep_BD_${CreateCorporateCIF#Response#$['content']['boardDirectors'][0]['id']}",
                            "linkDirection": "0",
                            "description": "API_HC_Board Director",
                            "originIdEnd1": "${CreateCorporateCIF#Response#$['content']['clientID']}"
                        },
                        {
                            "entityType": "2000",
                            "originId": "${CreateCorporateCIF#Response#$['content']['clientID']}_REL5",
                            "listId": "ORG_GLOBAL/ORG_AE/AE_CORP/RELAT",
                            "originIdEnd2": "${CreateCorporateCIF#Response#$['content']['clientID']}_Rep_BO_${CreateCorporateCIF#Response#$['content']['beneficialOwner'][0]['id']}",
                            "linkDirection": "0",
                            "description": "API_HC_Beneficial Owners",
                            "originIdEnd1": "${CreateCorporateCIF#Response#$['content']['clientID']}"
                        }
                    ],
                    "DoiAccountEntity": [
                        {
                            "entityType": "4",
                            "originId": "${CreateCorporateAccount#Response#$['content']['accountID']}",
                            "listId": "ORG_GLOBAL/ORG_AE/AE_CORP/CUS_ACC",
                            "accountType": "${CreateCorporateAccount#RawRequest#$['Acc']['ProductID']}",
                            "accountNumber": "${CreateCorporateAccount#Response#$['content']['accountID']}",
                            "bankIban": "${CreateCorporateAccount#Response#$['content']['iban']}",
                            "branchCountry": "AE",
                            "status": "InActive",
                            "openingDate": "22/01/2020 05:01:32.644816",
                            "DoiAccountBalance": [
                                {
                                    "originId": "${CreateCorporateAccount#Response#$['content']['accountID']}",
                                    "listId": "ORG_GLOBAL/ORG_AE/AE_CORP/CUS_ACC",
                                    "baseAmountBalance": "0",
                                    "baseCurrency": "AED",
                                    "balanceDate": "22/01/2020 05:01:32.644816"
                                }
                            ]
                        }
                    ],
                    "fullName": "${CreateCorporateAccount#Response#$['content']['name']}",
                    "DoiRisk": [
                        {
                            "originId": "${CreateCorporateCIF#Response#$['content']['clientID']}_BLK",
                            "listId": "ORG_GLOBAL/ORG_AE/AE_CORP/CUS",
                            "riskCategory": "16) Blacklist Flag",
                            "riskSubCategory": "Confirmed Blacklist",
                            "riskScoring": 0
                        },
                        {
                            "originId": "${CreateCorporateCIF#Response#$['content']['clientID']}_PEP",
                            "listId": "ORG_GLOBAL/ORG_AE/AE_CORP/CUS",
                            "riskCategory": "15) PEP Flag",
                            "riskSubCategory": "Confirmed PEP",
                            "riskScoring": 0
                        }
                    ]
                },
                {
                    "entityType": "3001",
                    "originId": "${CreateCorporateCIF#Response#$['content']['clientID']}_Contact",
                    "listId": "ORG_GLOBAL/ORG_AE/AE_CORP/REP",
                    "legalStatus": "L",
                    "DoiRelation": [],
                    "fullName": "${CreateCorporateAccount#Response#$['content']['name']}"
                },
                {
                    "entityType": "3001",
                    "originId": "${CreateCorporateCIF#Response#$['content']['clientID']}_Rep_SH_${CreateCorporateCIF#Response#$['content']['shareHolderID'][0]['id']}",
                    "listId": "ORG_GLOBAL/ORG_AE/AE_CORP/REP",
                    "legalStatus": "N",
                    "tin": "",
                    "DoiIdentificationDocEntity": [
                        {
                            "entityType": "18",
                            "originId": "${CreateCorporateCIF#Response#$['content']['clientID']}_Rep_SH_${CreateCorporateCIF#Response#$['content']['shareHolderID'][0]['id']}",
                            "listId": "ORG_GLOBAL/ORG_AE/AE_CORP/REP_ID",
                            "type": "EID",
                            "issuingCountry": "ARE",
                            "number": "${CreateCorporateCIF#RawRequest#$['ShareHolders'][0]['ShareholdersIDNo']}",
                            "endDtg": "27/02/2022 00: 02:00.000000"
                        }
                    ],
                    "DoiRelation": [],
                    "fullName": "${CreateCorporateCIF#Response#$['content']['shareHolderID'][0]['name']}",
                    "dob": "08/09/1975 00:00:00.000000"
                },
                {
                    "entityType": "3001",
                    "originId": "${CreateCorporateCIF#Response#$['content']['clientID']}_Rep_SG_${CreateCorporateCIF#Response#$['content']['authorisedSignatorieID'][0]['id']}",
                    "listId": "ORG_GLOBAL/ORG_AE/AE_CORP/REP",
                    "legalStatus": "N",
                    "tin": "",
                    "DoiIdentificationDocEntity": [
                        {
                            "entityType": "18",
                            "originId": "${CreateCorporateCIF#Response#$['content']['clientID']}_Rep_SG_${CreateCorporateCIF#Response#$['content']['authorisedSignatorieID'][0]['id']}",
                            "listId": "ORG_GLOBAL/ORG_AE/AE_CORP/REP_ID",
                            "type": "PAS",
                            "issuingCountry": "ARE",
                            "number": "${CreateCorporateCIF#RawRequest#$['Authignatories'][0]['AuthorisedsignatoryIDNumber1']}",
                            "endDtg": "04/12/2022 00: 12:00.000000"
                        }
                    ],
                    "DoiPhoneEntity": [
                        {
                            "entityType": "10",
                            "originId": "${CreateCorporateCIF#Response#$['content']['clientID']}_Rep_SG_${CreateCorporateCIF#Response#$['content']['authorisedSignatorieID'][0]['id']}",
                            "listId": "ORG_GLOBAL/ORG_AE/AE_CORP/REP_4N",
                            "number": "${CreateCorporateCIF#RawRequest#$['Authignatories'][0]['PhoneNumber']}"
                        }
                    ],
                    "DoiEMailEntity": [
                        {
                            "entityType": "16",
                            "originId": "${CreateCorporateCIF#Response#$['content']['clientID']}_Rep_SG_${CreateCorporateCIF#Response#$['content']['authorisedSignatorieID'][0]['id']}",
                            "listId": "ORG_GLOBAL/ORG_AE/AE_CORP/REP_EMAIL",
                            "email": "${CreateCorporateCIF#RawRequest#$['Authignatories'][0]['EmailID']}"
                        }
                    ],
                    "DoiRelation": [],
                    "fullName": "${CreateCorporateCIF#Response#$['content']['authorisedSignatorieID'][0]['name']}",
                    "dob": "08/09/1975 00:00:00.000000"
                },
                {
                    "entityType": "3001",
                    "originId": "${CreateCorporateCIF#Response#$['content']['clientID']}_Rep_BD_${CreateCorporateCIF#Response#$['content']['boardDirectors'][0]['id']}",
                    "listId": "ORG_GLOBAL/ORG_AE/AE_CORP/REP",
                    "legalStatus": "N",
                    "tin": "",
                    "DoiIdentificationDocEntity": [
                        {
                            "entityType": "18",
                            "originId": "${CreateCorporateCIF#Response#$['content']['clientID']}_Rep_BD_${CreateCorporateCIF#Response#$['content']['boardDirectors'][0]['id']}",
                            "listId": "ORG_GLOBAL/ORG_AE/AE_CORP/REP_ID",
                            "type": "PAS",
                            "issuingCountry": "ARE",
                            "number": "${CreateCorporateCIF#RawRequest#$['BoardDirectors'][0]['BoardDirectorIDNo']}",
                            "endDtg": "27/02/2021 00:02:00.000000"
                        }
                    ],
                    "DoiLocation": [
                        {
                            "entityType": "21",
                            "originId": "${CreateCorporateCIF#Response#$['content']['clientID']}_Rep_BD_${CreateCorporateCIF#Response#$['content']['boardDirectors'][0]['id']}",
                            "listId": "ORG_GLOBAL/ORG_AE/AE_CORP/REP_ADR",
                            "country": "ARE"
                        }
                    ],
                    "DoiRelation": [],
                    "fullName": "${CreateCorporateCIF#Response#$['content']['boardDirectors'][0]['name']}",
                    "dob": "08/09/1975 00:02:00.000000"
                },
				{
                    "entityType": "3001",
                    "originId": "${CreateCorporateCIF#Response#$['content']['clientID']}_Rep_BO_${CreateCorporateCIF#Response#$['content']['boardDirectors'][0]['id']}",
                    "listId": "ORG_GLOBAL/ORG_AE/AE_CORP/REP",
                    "legalStatus": "N",
                    "tin": "",
                    "DoiIdentificationDocEntity": [
                        {
                            "entityType": "18",
                            "originId": "${CreateCorporateCIF#Response#$['content']['clientID']}_Rep_BO_${CreateCorporateCIF#Response#$['content']['beneficialOwner'][0]['id']}",
                            "listId": "ORG_GLOBAL/ORG_AE/AE_CORP/REP_ID",
                            "type": "EID",
                            "issuingCountry": "ARE",
                            "number": "${CreateCorporateCIF#RawRequest#$['BeneficialOwners'][0]['BeneficialIDNo']}",
                            "endDtg": "27/02/2022 00:02:00.000000"
                        }
                    ],
                    "DoiLocation": [
                        {
                            "entityType": "21",
                            "originId": "${CreateCorporateCIF#Response#$['content']['clientID']}_Rep_BO_${CreateCorporateCIF#Response#$['content']['beneficialOwner'][0]['id']}",
                            "listId": "ORG_GLOBAL/ORG_AE/AE_CORP/REP_ADR",
                            "country": "ARE"
                        }
                    ],
                    "DoiRelation": [],
                    "fullName": "${CreateCorporateCIF#RawRequest#$['BoardDirectors'][0]['BoardDirectorName']}",
                    "dob": "08/09/1975 00:02:00.000000"
                }
            ]
        }
    }
}</con:request>
        <con:originalUri>http://10.4.128.8/api/IMTF/ScreeningLegalPersonModel</con:originalUri>
        <con:assertion type="Valid HTTP Status Codes" id="955bb9ab-4478-430f-b478-d9455ef22803" name="Valid HTTP Status Codes">
          <con:settings/>
          <con:configuration>
            <codes>200</codes>
          </con:configuration>
        </con:assertion>
        <con:credentials>
          <con:username>vendor10-erc</con:username>
          <con:password>P@ssw0rd10</con:password>
          <con:selectedAuthProfile>Basic</con:selectedAuthProfile>
          <con:preemptive>true</con:preemptive>
          <con:addedBasicAuthenticationTypes>Basic</con:addedBasicAuthenticationTypes>
          <con:authType>Preemptive</con:authType>
        </con:credentials>
        <con:jmsConfig JMSDeliveryMode="PERSISTENT"/>
        <con:parameters>
          <con:entry key="Content-Type" value="application/json"/>
        </con:parameters>
        <con:parameterOrder>
          <con:entry>Content-Type</con:entry>
        </con:parameterOrder>
      </con:restRequest>
    </con:config>
  </con:testStep>
  <con:testStep type="restrequest" name="UpdateAccountStatus" id="5e702e1a-8825-48bf-add7-b3c4afb0b395">
    <con:settings/>
    <con:config service="http://waqfedev.northeurope.cloudapp.azure.com:2181" resourcePath="/api/BankSmart/UpdateAccountStatus" methodName="UpdateAccountStatus" xsi:type="con:RestRequestStep" xmlns:xsi="http://www.w3.org/2001/XMLSchema-instance">
      <con:restRequest name="UpdateAccountStatus" id="c9f0e968-f1a1-43af-b948-6c364c153869" mediaType="application/json" postQueryString="false">
        <con:settings>
          <con:setting id="com.eviware.soapui.impl.wsdl.WsdlRequest@request-headers">&lt;xml-fragment/></con:setting>
        </con:settings>
        <con:endpoint>${#Project#pURL}</con:endpoint>
        <con:request>{
                 "signOnRq":{ 
                "LogId": "${=java.util.UUID.randomUUID()}",
                  "DateTime":"2019-09-03T00:00:00",
                  "ChannelId":"10",
                 "OurBranchId":"03"},
				"AccountID":"${CreateCorporateAccount#Response#$['content']['accountID']}",
				"Status":""
     }</con:request>
        <con:originalUri>http://10.4.128.8/api/BankSmart/UpdateAccountStatus</con:originalUri>
        <con:assertion type="JsonPath Match" id="6872b6af-c509-47e1-9729-c42061c1a61c" name="JSONPath Match">
          <con:configuration>
            <path>$['status']['statusMessage']</path>
            <content>"Success"</content>
            <allowWildcards>false</allowWildcards>
            <ignoreNamspaceDifferences>false</ignoreNamspaceDifferences>
            <ignoreComments>false</ignoreComments>
          </con:configuration>
        </con:assertion>
        <con:credentials>
          <con:username>vendor10-erc</con:username>
          <con:password>P@ssw0rd10</con:password>
          <con:selectedAuthProfile>Basic</con:selectedAuthProfile>
          <con:preemptive>true</con:preemptive>
          <con:addedBasicAuthenticationTypes>Basic</con:addedBasicAuthenticationTypes>
          <con:authType>Preemptive</con:authType>
        </con:credentials>
        <con:jmsConfig JMSDeliveryMode="PERSISTENT"/>
        <con:parameters>
          <con:entry key="Authorization" value="Basic dmVuZG9yNS1lcmM6UEBzc3cwcmQ1"/>
          <con:entry key="Content-Type" value="application/json"/>
        </con:parameters>
        <con:parameterOrder>
          <con:entry>Content-Type</con:entry>
          <con:entry>Authorization</con:entry>
        </con:parameterOrder>
      </con:restRequest>
    </con:config>
  </con:testStep>
  <con:testStep type="restrequest" name="FacilityCreate" id="81ae1cf1-ed94-4499-b224-c86759c13b35">
    <con:settings/>
    <con:config service="http://waqfedev.northeurope.cloudapp.azure.com:2181" resourcePath="/api/BankSmart/FacilityCreate" methodName="FacilityCreate" xsi:type="con:RestRequestStep" xmlns:xsi="http://www.w3.org/2001/XMLSchema-instance">
      <con:restRequest name="FacilityCreate" id="2a852ba6-ada1-45bb-b33e-408f221f2733" mediaType="application/json" postQueryString="false">
        <con:settings>
          <con:setting id="com.eviware.soapui.impl.wsdl.WsdlRequest@request-headers">&lt;xml-fragment/></con:setting>
        </con:settings>
        <con:endpoint>${#Project#pURL}</con:endpoint>
        <con:request>{
    "SignOnRq": {
        "LogId": "${=java.util.UUID.randomUUID()}",
        "DateTime": "2018-06-25 18:16:23",
        "ChannelId": "2",
        "OurBranchId": "03"
    },
    "ClientID": "${CreateCorporateCIF#Response#$['content']['clientID']}",
    "ReviewDate": "2020-12-31",
    "ExpiryDate": "2022-12-31",
    "LimitSecuredType": "Secured",
    "LimitType": "Fixed",
    "Description": "API_HC",
    "FacilityRefNo": "${=org.apache.commons.lang.RandomStringUtils.randomNumeric(6)}",
    "AskingLimit": 1000000,
    "Products": [
        {
            "ProductID": "CCAAED",
            "LimitType": "Fixed",
            "Limit": "1000000"
        }
    ],
        "Collaterals": [
//        {
//            "CollateralID": "DYs0U74s1UqJWgaPIBfWPHUx"
//        }
    ]
}</con:request>
        <con:originalUri>http://waqfedev.northeurope.cloudapp.azure.com/api/BankSmart/FacilityCreate</con:originalUri>
        <con:assertion type="Simple Contains" id="452772fc-2193-4d06-b4bd-c8dac3d96782" name="Contains">
          <con:configuration>
            <token>Success</token>
            <ignoreCase>false</ignoreCase>
            <useRegEx>false</useRegEx>
          </con:configuration>
        </con:assertion>
        <con:assertion type="JsonPath Match" id="5e21c81b-7b99-4db0-8f25-212365e50e8c" name="JSONPath Match">
          <con:configuration>
            <path>$['status']['code']</path>
            <content>MSG-000000</content>
            <allowWildcards>false</allowWildcards>
            <ignoreNamspaceDifferences>false</ignoreNamspaceDifferences>
            <ignoreComments>false</ignoreComments>
          </con:configuration>
        </con:assertion>
        <con:credentials>
          <con:username>vendor2-erc</con:username>
          <con:password>aA1!asdf</con:password>
          <con:selectedAuthProfile>Basic</con:selectedAuthProfile>
          <con:preemptive>true</con:preemptive>
          <con:addedBasicAuthenticationTypes>Basic</con:addedBasicAuthenticationTypes>
          <con:authType>Preemptive</con:authType>
        </con:credentials>
        <con:jmsConfig JMSDeliveryMode="PERSISTENT"/>
        <con:parameters>
          <con:entry key="Content-Type" value="application/json"/>
        </con:parameters>
        <con:parameterOrder>
          <con:entry>Content-Type</con:entry>
        </con:parameterOrder>
      </con:restRequest>
    </con:config>
  </con:testStep>
  <con:testStep type="restrequest" name="CollateralCreate" id="a04299c0-ac55-466d-97a1-4f6920794fe9">
    <con:settings/>
    <con:config service="http://waqfedev.northeurope.cloudapp.azure.com:2181" resourcePath="/api/BankSmart/CollateralCreate" methodName="CollateralCreate" xsi:type="con:RestRequestStep" xmlns:xsi="http://www.w3.org/2001/XMLSchema-instance">
      <con:restRequest name="CollateralCreate" id="d0e953ef-cc37-41bc-851f-e14ae7289e18" mediaType="application/json" postQueryString="false">
        <con:settings>
          <con:setting id="com.eviware.soapui.impl.wsdl.WsdlRequest@request-headers">&lt;xml-fragment/></con:setting>
        </con:settings>
        <con:endpoint>${#Project#pURL}</con:endpoint>
        <con:request>{
    "SignOnRq": {
        "LogId": "${=java.util.UUID.randomUUID()}",
        "DateTime": "2018-06-25 18:16:23",
        "ChannelId": "2",
        "OurBranchId": "03"
    },
    "ClientID": "${CreateCorporateCIF#Response#$['content']['clientID']}",
    "CurrencyID": "AED",
    "Description": "API_HC",
    "CollateralTypeID": "COLL_ASSIGN",
    "CollateralStatusID": "05",
    "CollateralValue": "1000000",
    "ExRate": "1.00",
    "LocalEq": "1000000",
    "Margin": "20",
    "ReviewDate": "2021-01-31",
    "ExpiryDate": "2022-12-09"
}</con:request>
        <con:originalUri>http://waqfedev.northeurope.cloudapp.azure.com/api/BankSmart/CollateralCreate</con:originalUri>
        <con:assertion type="Simple Contains" id="59447b5c-2867-4ab4-8d92-b61dae5afd00" name="Contains">
          <con:configuration>
            <token>Success</token>
            <ignoreCase>false</ignoreCase>
            <useRegEx>false</useRegEx>
          </con:configuration>
        </con:assertion>
        <con:credentials>
          <con:username>vendor2-erc</con:username>
          <con:password>aA1!asdf</con:password>
          <con:selectedAuthProfile>Basic</con:selectedAuthProfile>
          <con:preemptive>true</con:preemptive>
          <con:addedBasicAuthenticationTypes>Basic</con:addedBasicAuthenticationTypes>
          <con:authType>Preemptive</con:authType>
        </con:credentials>
        <con:jmsConfig JMSDeliveryMode="PERSISTENT"/>
        <con:parameters>
          <con:entry key="Content-Type" value="${DataSource#Content-Type}"/>
        </con:parameters>
        <con:parameterOrder>
          <con:entry>Content-Type</con:entry>
        </con:parameterOrder>
      </con:restRequest>
    </con:config>
  </con:testStep>
  <con:testStep type="restrequest" name="CollateralUpdate" id="093f9b1b-7b23-40ce-aa60-f52890c886a2">
    <con:settings/>
    <con:config service="http://waqfedev.northeurope.cloudapp.azure.com:2181" resourcePath="/api/BankSmart/CollateralUpdate" methodName="CollateralUpdate" xsi:type="con:RestRequestStep" xmlns:xsi="http://www.w3.org/2001/XMLSchema-instance">
      <con:restRequest name="CollateralUpdate" id="3e1329ee-9bdb-4e93-ba4a-234f6b50f8eb" mediaType="application/json" postQueryString="false">
        <con:settings>
          <con:setting id="com.eviware.soapui.impl.wsdl.WsdlRequest@request-headers">&lt;xml-fragment/></con:setting>
        </con:settings>
        <con:endpoint>${#Project#pURL}</con:endpoint>
        <con:request>{
	"SignOnRq":{
		"LogId": "${=java.util.UUID.randomUUID()}",
		"DateTime": "2018-06-25 18:16:23",
		"ChannelId": "2",
		"OurBranchId": "03"
	},
	"CollateralID": "${CollateralCreate#Response#$['content']['collateralID']}",
	"ClientID": "${CreateCorporateCIF#Response#$['content']['clientID']}",
	"SerialNo": "3",
	"CurrencyID": "AED",
	"Description": "API_HC",
	"CapitalRelief": "No",
	"CollateralTypeID": "COLL_CASH",
	"CollateralStatusID": "05",
	"CollateralValue": "1000000",
	"ExRate": "1.00",
	"LocalEq": "1000000",
	"Margin": "20",
	"ReviewDate": "2019-06-25",
	"ExpiryDate": "2020-06-25"
}</con:request>
        <con:originalUri>http://waqfedev.northeurope.cloudapp.azure.com/api/BankSmart/CollateralUpdate</con:originalUri>
        <con:assertion type="Simple Contains" id="1295ffa6-dc00-4228-b62b-1c00599ba4c1" name="Contains">
          <con:configuration>
            <token>Success</token>
            <ignoreCase>false</ignoreCase>
            <useRegEx>false</useRegEx>
          </con:configuration>
        </con:assertion>
        <con:assertion type="JsonPath Match" id="aacbf5b8-66e1-44ac-8089-915b0d91597a" name="JSONPath Match">
          <con:configuration>
            <path>$['status']['statusMessage']</path>
            <content>Success</content>
            <allowWildcards>false</allowWildcards>
            <ignoreNamspaceDifferences>false</ignoreNamspaceDifferences>
            <ignoreComments>false</ignoreComments>
          </con:configuration>
        </con:assertion>
        <con:credentials>
          <con:username>vendor2-erc</con:username>
          <con:password>aA1!asdf</con:password>
          <con:selectedAuthProfile>Basic</con:selectedAuthProfile>
          <con:preemptive>true</con:preemptive>
          <con:addedBasicAuthenticationTypes>Basic</con:addedBasicAuthenticationTypes>
          <con:authType>Preemptive</con:authType>
        </con:credentials>
        <con:jmsConfig JMSDeliveryMode="PERSISTENT"/>
        <con:parameters>
          <con:entry key="Content-Type" value="${DataSource#Content-Type}"/>
        </con:parameters>
        <con:parameterOrder>
          <con:entry>Content-Type</con:entry>
        </con:parameterOrder>
      </con:restRequest>
    </con:config>
  </con:testStep>
  <con:testStep type="restrequest" name="CollateralInquiry" id="029bd59b-fda0-4048-a79e-5ecd920fb4cd">
    <con:settings/>
    <con:config service="http://waqfedev.northeurope.cloudapp.azure.com:2181" resourcePath="/api/BankSmart/CollateralInquiry" methodName="CollateralInquiry" xsi:type="con:RestRequestStep" xmlns:xsi="http://www.w3.org/2001/XMLSchema-instance">
      <con:restRequest name="CollateralInquiry" id="7789e96e-2bfd-495a-b5b3-bcfb6333cf13" mediaType="application/json" postQueryString="false">
        <con:settings>
          <con:setting id="com.eviware.soapui.impl.wsdl.WsdlRequest@request-headers">&lt;xml-fragment/></con:setting>
        </con:settings>
        <con:endpoint>${#Project#pURL}</con:endpoint>
        <con:request>{
	"SignOnRq":{
		"LogId": "${=java.util.UUID.randomUUID()}",
		"DateTime": "2018-06-25 18:16:23",
		"ChannelId": "2",
		"OurBranchId": "03"
	},
	"CollateralID": "zQSnLXhhjqiffjTQGWuW3gA6"
}</con:request>
        <con:originalUri>http://waqfedev.northeurope.cloudapp.azure.com/api/BankSmart/CollateralInquiry</con:originalUri>
        <con:assertion type="Simple Contains" id="5ac78adf-0e14-450d-b198-1a80e7a81fad" name="Contains">
          <con:configuration>
            <token>Success</token>
            <ignoreCase>false</ignoreCase>
            <useRegEx>false</useRegEx>
          </con:configuration>
        </con:assertion>
        <con:credentials>
          <con:username>vendor2-erc</con:username>
          <con:password>aA1!asdf</con:password>
          <con:selectedAuthProfile>Basic</con:selectedAuthProfile>
          <con:preemptive>true</con:preemptive>
          <con:addedBasicAuthenticationTypes>Basic</con:addedBasicAuthenticationTypes>
          <con:authType>Preemptive</con:authType>
        </con:credentials>
        <con:jmsConfig JMSDeliveryMode="PERSISTENT"/>
        <con:parameters>
          <con:entry key="Content-Type" value="${DataSource#Content-Type}"/>
        </con:parameters>
        <con:parameterOrder>
          <con:entry>Content-Type</con:entry>
        </con:parameterOrder>
      </con:restRequest>
    </con:config>
  </con:testStep>
  <con:testStep type="restrequest" name="CollateralSearch" id="49e31b7b-4605-4483-8751-9815595bf2b9">
    <con:settings/>
    <con:config service="http://waqfedev.northeurope.cloudapp.azure.com:2181" resourcePath="/api/BankSmart/CollateralSearch" methodName="CollateralSearch" xsi:type="con:RestRequestStep" xmlns:xsi="http://www.w3.org/2001/XMLSchema-instance">
      <con:restRequest name="CollateralSearch" id="9d8512fc-ebed-4353-aef2-97e7f32581be" mediaType="application/json" postQueryString="false">
        <con:settings>
          <con:setting id="com.eviware.soapui.impl.wsdl.WsdlRequest@request-headers">&lt;xml-fragment/></con:setting>
        </con:settings>
        <con:endpoint>${#Project#pURL}</con:endpoint>
        <con:request>{
	"SignOnRq":{
		"LogId": "${=java.util.UUID.randomUUID()}",
		"DateTime": "2018-06-25 18:16:23",
		"ChannelId": "2",
		"OurBranchId": "03"
	},
	"ClientID": "000316289"
}</con:request>
        <con:originalUri>http://waqfedev.northeurope.cloudapp.azure.com/api/BankSmart/CollateralSearch</con:originalUri>
        <con:assertion type="Simple Contains" id="1050e848-941d-4bf8-8832-9e5987e1fb8f" name="Contains">
          <con:configuration>
            <token>Success</token>
            <ignoreCase>false</ignoreCase>
            <useRegEx>false</useRegEx>
          </con:configuration>
        </con:assertion>
        <con:credentials>
          <con:username>vendor2-erc</con:username>
          <con:password>aA1!asdf</con:password>
          <con:selectedAuthProfile>Basic</con:selectedAuthProfile>
          <con:preemptive>true</con:preemptive>
          <con:addedBasicAuthenticationTypes>Basic</con:addedBasicAuthenticationTypes>
          <con:authType>Preemptive</con:authType>
        </con:credentials>
        <con:jmsConfig JMSDeliveryMode="PERSISTENT"/>
        <con:parameters>
          <con:entry key="Content-Type" value="${DataSource#Content-Type}"/>
        </con:parameters>
        <con:parameterOrder>
          <con:entry>Content-Type</con:entry>
        </con:parameterOrder>
      </con:restRequest>
    </con:config>
  </con:testStep>
  <con:testStep type="restrequest" name="FacilityModify" id="c277cdeb-0623-4585-a4b4-e0e25a6f0c1c">
    <con:settings/>
    <con:config service="http://waqfedev.northeurope.cloudapp.azure.com:2181" resourcePath="/api/BankSmart/FacilityModify" methodName="FacilityModify" xsi:type="con:RestRequestStep" xmlns:xsi="http://www.w3.org/2001/XMLSchema-instance">
      <con:restRequest name="FacilityModify" id="f2fca4d0-e7d1-45b6-8c3b-b6c89fafc4d9" mediaType="application/json" postQueryString="false">
        <con:settings>
          <con:setting id="com.eviware.soapui.impl.wsdl.WsdlRequest@request-headers">&lt;xml-fragment/></con:setting>
        </con:settings>
        <con:endpoint>${#Project#pURL}</con:endpoint>
        <con:request>{
	"SignOnRq":{
		"LogId": "${=java.util.UUID.randomUUID()}",
		"DateTime": "2018-06-25 18:16:23",
		"ChannelId": "2",
		"OurBranchId": "03"
	},
	"FacilityID": "${FacilityCreate#Response#$['content']['facilityID']}",
	"ClientID": "${CreateCorporateCIF#Response#$['content']['clientID']}",
	"FacilityRefNo": "AMJ${=org.apache.commons.lang.RandomStringUtils.randomNumeric(3)}",
	"Description": "API_HC_Overdraft Facility",
	"LimitSecuredType": "Clean",
	"LimitType": "Fixed",
	"AskingLimit": 1000000,
	"ReviewDate": "2019-12-31",
	"ExpiryDate": "2020-12-31",
	"CreditProgramID": "",
	"Products":[{
		"ProductID": "WCAED",
		"LimitType": "Fixed",
	//	"Limit" : 1000000
	}],
	"Collaterals":[{
		"CollateralID": "${CollateralCreate#Response#$['content']['collateralID']}"
	}]
}</con:request>
        <con:originalUri>http://waqfedev.northeurope.cloudapp.azure.com/api/BankSmart/FacilityModify</con:originalUri>
        <con:assertion type="JsonPath Match" id="7eff4f50-3e19-4ba2-9ada-68e90ad885fd" name="JSONPath Match">
          <con:configuration>
            <path>$['status']['statusMessage']</path>
            <content>"Success"</content>
            <allowWildcards>false</allowWildcards>
            <ignoreNamspaceDifferences>false</ignoreNamspaceDifferences>
            <ignoreComments>false</ignoreComments>
          </con:configuration>
        </con:assertion>
        <con:credentials>
          <con:username>vendor2-erc</con:username>
          <con:password>aA1!asdf</con:password>
          <con:selectedAuthProfile>Basic</con:selectedAuthProfile>
          <con:preemptive>true</con:preemptive>
          <con:addedBasicAuthenticationTypes>Basic</con:addedBasicAuthenticationTypes>
          <con:authType>Preemptive</con:authType>
        </con:credentials>
        <con:jmsConfig JMSDeliveryMode="PERSISTENT"/>
        <con:parameters>
          <con:entry key="Content-Type" value="${DataSource#Content-Type}"/>
        </con:parameters>
        <con:parameterOrder>
          <con:entry>Content-Type</con:entry>
        </con:parameterOrder>
      </con:restRequest>
    </con:config>
  </con:testStep>
  <con:testStep type="restrequest" name="FacilityInquiry" id="ff3482f9-490e-4821-8583-d30ae18ad94a">
    <con:settings/>
    <con:config service="http://waqfedev.northeurope.cloudapp.azure.com:2181" resourcePath="/api/BankSmart/FacilityInquiry" methodName="FacilityInquiry" xsi:type="con:RestRequestStep" xmlns:xsi="http://www.w3.org/2001/XMLSchema-instance">
      <con:restRequest name="FacilityInquiry" id="ca548ae5-6ae9-46e6-9844-224e19d9fffe" mediaType="application/json" postQueryString="false">
        <con:settings>
          <con:setting id="com.eviware.soapui.impl.wsdl.WsdlRequest@request-headers">&lt;xml-fragment/></con:setting>
        </con:settings>
        <con:endpoint>${#Project#pURL}</con:endpoint>
        <con:request>{
	"SignOnRq":{
		"LogId": "${=java.util.UUID.randomUUID()}",
		"DateTime": "2018-06-25 18:16:23",
		"ChannelId": "2",
		"OurBranchId": "03"
	},
	"FacilityID": "${FacilityCreate#Response#$['content']['facilityID']}"
}</con:request>
        <con:originalUri>http://waqfedev.northeurope.cloudapp.azure.com/api/BankSmart/FacilityInquiry</con:originalUri>
        <con:assertion type="Simple Contains" id="794356a4-bcc4-4541-a683-97aaab16a6ff" name="Contains">
          <con:configuration>
            <token>Success</token>
            <ignoreCase>false</ignoreCase>
            <useRegEx>false</useRegEx>
          </con:configuration>
        </con:assertion>
        <con:assertion type="JsonPath Match" id="8c205103-d3b3-4854-a45b-aa5331b78ef8" name="JSONPath Match">
          <con:configuration>
            <path>$['status']['statusMessage']</path>
            <content>Success</content>
            <allowWildcards>false</allowWildcards>
            <ignoreNamspaceDifferences>false</ignoreNamspaceDifferences>
            <ignoreComments>false</ignoreComments>
          </con:configuration>
        </con:assertion>
        <con:credentials>
          <con:username>vendor2-erc</con:username>
          <con:password>aA1!asdf</con:password>
          <con:selectedAuthProfile>Basic</con:selectedAuthProfile>
          <con:preemptive>true</con:preemptive>
          <con:addedBasicAuthenticationTypes>Basic</con:addedBasicAuthenticationTypes>
          <con:authType>Preemptive</con:authType>
        </con:credentials>
        <con:jmsConfig JMSDeliveryMode="PERSISTENT"/>
        <con:parameters>
          <con:entry key="Content-Type" value="${#TestCase#Content-Type}"/>
        </con:parameters>
        <con:parameterOrder>
          <con:entry>Content-Type</con:entry>
        </con:parameterOrder>
      </con:restRequest>
    </con:config>
  </con:testStep>
  <con:testStep type="restrequest" name="FacilitySearch" id="4852ed0b-8d15-4084-ae5e-5b626bdc4baa">
    <con:settings/>
    <con:config service="http://waqfedev.northeurope.cloudapp.azure.com:2181" resourcePath="/api/BankSmart/FacilitySearch" methodName="FacilitySearch" xsi:type="con:RestRequestStep" xmlns:xsi="http://www.w3.org/2001/XMLSchema-instance">
      <con:restRequest name="FacilitySearch" id="70fc8527-d3e1-494e-932b-44e7bdf70d90" mediaType="application/json" postQueryString="false">
        <con:settings>
          <con:setting id="com.eviware.soapui.impl.wsdl.WsdlRequest@request-headers">&lt;xml-fragment/></con:setting>
        </con:settings>
        <con:endpoint>${#Project#pURL}</con:endpoint>
        <con:request>{
	"SignOnRq":{
		"LogId": "${=java.util.UUID.randomUUID()}",
		"DateTime": "2018-06-25 18:16:23",
		"ChannelId": "2",
		"OurBranchId": "03"
	},
	"ClientID": "${CreateCorporateCIF#Response#$['content']['clientID']}"
}</con:request>
        <con:originalUri>http://waqfedev.northeurope.cloudapp.azure.com/api/BankSmart/FacilitySearch</con:originalUri>
        <con:assertion type="JsonPath Match" id="1004ac9c-b92f-4388-a737-012ada075168" name="JSONPath Match">
          <con:configuration>
            <path>$['status']['statusMessage']</path>
            <content>"Success"</content>
            <allowWildcards>false</allowWildcards>
            <ignoreNamspaceDifferences>false</ignoreNamspaceDifferences>
            <ignoreComments>false</ignoreComments>
          </con:configuration>
        </con:assertion>
        <con:credentials>
          <con:username>vendor2-erc</con:username>
          <con:password>aA1!asdf</con:password>
          <con:selectedAuthProfile>Basic</con:selectedAuthProfile>
          <con:preemptive>true</con:preemptive>
          <con:addedBasicAuthenticationTypes>Basic</con:addedBasicAuthenticationTypes>
          <con:authType>Preemptive</con:authType>
        </con:credentials>
        <con:jmsConfig JMSDeliveryMode="PERSISTENT"/>
        <con:parameters>
          <con:entry key="Content-Type" value="${DataSource#Content-Type}"/>
        </con:parameters>
        <con:parameterOrder>
          <con:entry>Content-Type</con:entry>
        </con:parameterOrder>
      </con:restRequest>
    </con:config>
  </con:testStep>
  <con:testStep type="restrequest" name="FacilityCancel" id="a3c16ae5-2c5e-4587-aa69-9d4a8b61fc39">
    <con:settings/>
    <con:config service="http://waqfedev.northeurope.cloudapp.azure.com:2181" resourcePath="/api/BankSmart/FacilityCancel" methodName="FacilityCancel" xsi:type="con:RestRequestStep" xmlns:xsi="http://www.w3.org/2001/XMLSchema-instance">
      <con:restRequest name="FacilityCancel" id="69a28133-1513-452a-8c11-889e928cba1d" mediaType="application/json" postQueryString="false">
        <con:settings>
          <con:setting id="com.eviware.soapui.impl.wsdl.WsdlRequest@request-headers">&lt;xml-fragment/></con:setting>
        </con:settings>
        <con:endpoint>${#Project#pURL}</con:endpoint>
        <con:request>{
	"SignOnRq":{
		"LogId": "${=java.util.UUID.randomUUID()}",
		"DateTime": "2018-06-25 18:16:23",
		"ChannelId": "2",
		"OurBranchId": "03"
	},
	"FacilityID": "${FacilityCreate#Response#$['content']['facilityID']}"
}</con:request>
        <con:originalUri>http://waqfedev.northeurope.cloudapp.azure.com/api/BankSmart/FacilityCancel</con:originalUri>
        <con:assertion type="JsonPath Match" id="4212f826-094b-41fd-8d7c-a6fea6e1a9a1" name="JSONPath Match">
          <con:configuration>
            <path>$['status']['severity']</path>
            <content>"Success"</content>
            <allowWildcards>false</allowWildcards>
            <ignoreNamspaceDifferences>false</ignoreNamspaceDifferences>
            <ignoreComments>false</ignoreComments>
          </con:configuration>
        </con:assertion>
        <con:credentials>
          <con:username>vendor2-erc</con:username>
          <con:password>aA1!asdf</con:password>
          <con:selectedAuthProfile>Basic</con:selectedAuthProfile>
          <con:preemptive>true</con:preemptive>
          <con:addedBasicAuthenticationTypes>Basic</con:addedBasicAuthenticationTypes>
          <con:authType>Preemptive</con:authType>
        </con:credentials>
        <con:jmsConfig JMSDeliveryMode="PERSISTENT"/>
        <con:parameters>
          <con:entry key="Content-Type" value="${DataSource#Content-Type}"/>
        </con:parameters>
        <con:parameterOrder>
          <con:entry>Content-Type</con:entry>
        </con:parameterOrder>
      </con:restRequest>
    </con:config>
  </con:testStep>
  <con:testStep type="restrequest" name="CollateralCancel" id="7988f3ff-46e4-446e-8004-062ed81669b3">
    <con:settings/>
    <con:config service="CollateralCancel" resourcePath="/api/BankSmart/CollateralCancel" methodName="CollateralCancel" xsi:type="con:RestRequestStep" xmlns:xsi="http://www.w3.org/2001/XMLSchema-instance">
      <con:restRequest name="CollateralCancel" id="5dd21e67-a5de-4a9d-a4b5-7ed629696291" mediaType="application/json" postQueryString="false">
        <con:settings>
          <con:setting id="com.eviware.soapui.impl.wsdl.WsdlRequest@request-headers">&lt;xml-fragment/></con:setting>
        </con:settings>
        <con:endpoint>${#Project#pURL}</con:endpoint>
        <con:request>{
	"SignOnRq":{
		"LogId": "f5ac7cd2-2a89-470a-9f14-252d9f67f225",
		"DateTime": "2018-06-25 18:16:23",
		"ChannelId": "2",
		"OurBranchId": "03"
	},
	"CollateralID": "${CollateralCreate#Response#$['content']['collateralID']}"
}</con:request>
        <con:originalUri>https://waqfevendor.gslb.sit.eradahcapital.com/api/BankSmart/CollateralCancel</con:originalUri>
        <con:assertion type="Valid HTTP Status Codes" id="6835cb79-b62c-41a0-9275-642d4709a3e9" name="Valid HTTP Status Codes">
          <con:settings/>
          <con:configuration>
            <codes>200</codes>
          </con:configuration>
        </con:assertion>
        <con:credentials>
          <con:username>vendor2-erc</con:username>
          <con:password>aA1!asdf</con:password>
          <con:selectedAuthProfile>Basic</con:selectedAuthProfile>
          <con:preemptive>true</con:preemptive>
          <con:addedBasicAuthenticationTypes>Basic</con:addedBasicAuthenticationTypes>
          <con:authType>Preemptive</con:authType>
        </con:credentials>
        <con:jmsConfig JMSDeliveryMode="PERSISTENT"/>
        <con:parameters>
          <con:entry key="Content-Type" value="application/json"/>
        </con:parameters>
        <con:parameterOrder>
          <con:entry>Content-Type</con:entry>
        </con:parameterOrder>
      </con:restRequest>
    </con:config>
  </con:testStep>
  <con:properties>
    <con:property>
      <con:name>Date</con:name>
      <con:value xmlns:xsi="http://www.w3.org/2001/XMLSchema-instance">2022-02-04</con:value>
    </con:property>
  </con:properties>
  <con:reportParameters/>
  <con:breakPoints>
    <con:testStepId>a04299c0-ac55-466d-97a1-4f6920794fe9</con:testStepId>
    <con:status>NONE</con:status>
    <con:properties/>
  </con:breakPoints>
  <con:breakPoints>
    <con:testStepId>aa793594-3382-4d44-b477-b7d434e4492b</con:testStepId>
    <con:status>NONE</con:status>
    <con:properties/>
  </con:breakPoints>
  <con:breakPoints>
    <con:testStepId>fb7b1dd8-fa91-4c9e-9afd-fd16225ef3e3</con:testStepId>
    <con:status>NONE</con:status>
    <con:properties/>
  </con:breakPoints>
  <con:breakPoints>
    <con:testStepId>5e702e1a-8825-48bf-add7-b3c4afb0b395</con:testStepId>
    <con:status>NONE</con:status>
    <con:properties/>
  </con:breakPoints>
  <con:breakPoints>
    <con:testStepId>093f9b1b-7b23-40ce-aa60-f52890c886a2</con:testStepId>
    <con:status>NONE</con:status>
    <con:properties/>
  </con:breakPoints>
  <con:breakPoints>
    <con:testStepId>029bd59b-fda0-4048-a79e-5ecd920fb4cd</con:testStepId>
    <con:status>NONE</con:status>
    <con:properties/>
  </con:breakPoints>
  <con:breakPoints>
    <con:testStepId>49e31b7b-4605-4483-8751-9815595bf2b9</con:testStepId>
    <con:status>NONE</con:status>
    <con:properties/>
  </con:breakPoints>
</con:testCase>
