<?xml version="1.0" encoding="UTF-8"?>
<con:resource name="AccountLimitCancel" path="/api/BankSmart/AccountLimitCancel" id="05424d6c-4770-4f63-a78c-acf8246e290a" xmlns:xsi="http://www.w3.org/2001/XMLSchema-instance" xmlns:con="http://eviware.com/soapui/config">
  <con:settings>
    <con:setting id="05424d6c-4770-4f63-a78c-acf8246e290afileName">AccountLimitCancel</con:setting>
  </con:settings>
  <con:parameters/>
  <con:method name="Method 1" id="a7cdf76d-0268-4817-ad58-3a8c9b66304c" method="POST">
    <con:settings/>
    <con:parameters>
      <con:parameter required="true">
        <con:name>Content-Type</con:name>
        <con:value/>
        <con:style>HEADER</con:style>
        <con:default/>
      </con:parameter>
      <con:parameter required="true">
        <con:name>Authorization</con:name>
        <con:value/>
        <con:style>HEADER</con:style>
        <con:default/>
      </con:parameter>
    </con:parameters>
    <con:representation type="FAULT">
      <con:mediaType>application/json</con:mediaType>
      <con:status>401</con:status>
      <con:params/>
      <con:element xmlns:acc="https://waqfevendor.gslb.uat.eradahcapital.com/api/BankSmart/AccountLimitCancel">acc:Fault</con:element>
    </con:representation>
    <con:representation type="REQUEST">
      <con:mediaType>application/json</con:mediaType>
      <con:params/>
    </con:representation>
    <con:representation type="RESPONSE">
      <con:mediaType>application/json; charset=utf-8</con:mediaType>
      <con:status>200</con:status>
      <con:params/>
      <con:element xmlns:acc="https://waqfevendor.gslb.uat.eradahcapital.com/api/BankSmart/AccountLimitCancel">acc:Response</con:element>
    </con:representation>
    <con:request name="Request 1" id="700e4250-87ff-4331-9e97-4e74da583eaa" mediaType="application/json" postQueryString="false">
      <con:settings>
        <con:setting id="com.eviware.soapui.impl.wsdl.WsdlRequest@request-headers">&lt;xml-fragment/></con:setting>
      </con:settings>
      <con:endpoint>${#Project#pURL}</con:endpoint>
      <con:request>{
  "signOnRq": {
    "logId": "string",
    "dateTime": "2021-12-08T07:05:50.644Z",
    "channelId": "string",
    "ourBranchId": "string"
  },
  "accountLimitID": "string"
}</con:request>
      <con:credentials>
        <con:username>vendor2-erc</con:username>
        <con:password>aA1!asdf</con:password>
        <con:selectedAuthProfile>Basic</con:selectedAuthProfile>
        <con:addedBasicAuthenticationTypes>Basic</con:addedBasicAuthenticationTypes>
        <con:authType>Global HTTP Settings</con:authType>
      </con:credentials>
      <con:jmsConfig JMSDeliveryMode="PERSISTENT"/>
      <con:parameters>
        <con:entry key="Authorization" value="Basic dmVuZG9yNS1lcmM6UEBzc3cwcmQ1"/>
        <con:entry key="Content-Type" value="application/json"/>
      </con:parameters>
      <con:parameterOrder>
        <con:entry>Content-Type</con:entry>
        <con:entry>Authorization</con:entry>
      </con:parameterOrder>
    </con:request>
  </con:method>
</con:resource>
