<?xml version="1.0" encoding="UTF-8"?>
<con:resource name="Activate Account" path="" id="d479fd44-8a3a-465c-96fe-2917f82f0cce" xmlns:xsi="http://www.w3.org/2001/XMLSchema-instance" xmlns:con="http://eviware.com/soapui/config">
  <con:settings>
    <con:setting id="d479fd44-8a3a-465c-96fe-2917f82f0ccefileName">Activate-Account</con:setting>
  </con:settings>
  <con:parameters/>
  <con:resource name="Copy of UpdateAccountStatus" path="/api/BankSmart/UpdateAccountStatus" id="63757890-c074-4170-a612-d625bdc22d82">
    <con:settings/>
    <con:parameters/>
    <con:method name="UpdateAccountStatus" id="35474425-b945-4c10-a385-f6bd1d09fb62" method="POST">
      <con:settings/>
      <con:parameters>
        <con:parameter>
          <con:name>Content-Type</con:name>
          <con:value>application/json</con:value>
          <con:style>HEADER</con:style>
          <con:default/>
          <con:path xsi:nil="true"/>
          <con:description xsi:nil="true"/>
        </con:parameter>
        <con:parameter>
          <con:name>Authorization</con:name>
          <con:value>Basic dmVuZG9yNS1lcmM6UEBzc3cwcmQ1</con:value>
          <con:style>HEADER</con:style>
          <con:default/>
          <con:path xsi:nil="true"/>
          <con:description xsi:nil="true"/>
        </con:parameter>
      </con:parameters>
      <con:representation type="FAULT">
        <con:mediaType>application/json; charset=utf-8</con:mediaType>
        <con:status>400</con:status>
        <con:params/>
        <con:element xmlns:upd="http://10.4.128.8/api/BankSmart/UpdateAccountStatus">upd:Fault</con:element>
      </con:representation>
      <con:representation type="REQUEST">
        <con:mediaType>application/json</con:mediaType>
        <con:params/>
      </con:representation>
      <con:representation type="RESPONSE">
        <con:mediaType>application/json; charset=utf-8</con:mediaType>
        <con:status>200</con:status>
        <con:params/>
        <con:element xmlns:upd="http://10.4.128.8/api/BankSmart/UpdateAccountStatus">upd:Response</con:element>
      </con:representation>
      <con:representation type="FAULT">
        <con:mediaType>application/json</con:mediaType>
        <con:status>400 401</con:status>
        <con:params/>
        <con:element xmlns:upd="http://10.4.128.8/api/BankSmart/UpdateAccountStatus">upd:Fault</con:element>
      </con:representation>
      <con:representation type="RESPONSE">
        <con:mediaType xsi:nil="true"/>
        <con:status>0</con:status>
        <con:params/>
        <con:element>data</con:element>
      </con:representation>
      <con:request name="Activate Account" id="c9f0e968-f1a1-43af-b948-6c364c153869" mediaType="application/json" postQueryString="false">
        <con:settings>
          <con:setting id="com.eviware.soapui.impl.wsdl.WsdlRequest@request-headers">&lt;xml-fragment/></con:setting>
        </con:settings>
        <con:endpoint>http://${#Project#url}</con:endpoint>
        <con:request>{
                 "signOnRq":{ 
                "LogId": "e0ccbe1a-dfdd-4753-a4c7-acc6fb0665e3",
                  "DateTime":"2019-03-06T00:00:00",
                  "ChannelId":"1",
                 "OurBranchId":"01"},
				"AccountID":"0130000000004301",
				"Status":""
     }</con:request>
        <con:credentials>
          <con:selectedAuthProfile>No Authorization</con:selectedAuthProfile>
          <con:authType>No Authorization</con:authType>
        </con:credentials>
        <con:jmsConfig JMSDeliveryMode="PERSISTENT"/>
        <con:parameters>
          <con:entry key="Authorization" value="Basic dmVuZG9yNS1lcmM6UEBzc3cwcmQ1"/>
          <con:entry key="Content-Type" value="application/json"/>
        </con:parameters>
        <con:parameterOrder>
          <con:entry>Content-Type</con:entry>
          <con:entry>Authorization</con:entry>
        </con:parameterOrder>
      </con:request>
    </con:method>
  </con:resource>
</con:resource>
