<?xml version="1.0" encoding="UTF-8"?>
<con:resource name="CIFExists" path="/api/BankSmart/CIFExists" id="18aaf574-0f2d-4393-b956-56ae5f1f6c0c" xmlns:xsi="http://www.w3.org/2001/XMLSchema-instance" xmlns:con="http://eviware.com/soapui/config">
  <con:settings>
    <con:setting id="18aaf574-0f2d-4393-b956-56ae5f1f6c0cfileName">CIFExists</con:setting>
  </con:settings>
  <con:parameters/>
  <con:method name="CIFExists" id="8ed8a688-bd09-4698-a1d3-cfd8b4795fc2" method="POST">
    <con:settings/>
    <con:parameters>
      <con:parameter>
        <con:name>Content-Type</con:name>
        <con:value>application/json</con:value>
        <con:style>HEADER</con:style>
        <con:default/>
        <con:path xsi:nil="true"/>
        <con:description xsi:nil="true"/>
      </con:parameter>
    </con:parameters>
    <con:representation type="RESPONSE">
      <con:mediaType>application/json; charset=utf-8</con:mediaType>
      <con:status>200</con:status>
      <con:params/>
      <con:element xmlns:cif="http://waqfedev.northeurope.cloudapp.azure.com/api/BankSmart/CIFExists">cif:Response</con:element>
    </con:representation>
    <con:representation type="REQUEST">
      <con:mediaType>application/json</con:mediaType>
      <con:params/>
    </con:representation>
    <con:representation type="RESPONSE">
      <con:mediaType xsi:nil="true"/>
      <con:status>0</con:status>
      <con:params/>
      <con:element>data</con:element>
    </con:representation>
    <con:representation type="FAULT">
      <con:mediaType>application/json; charset=utf-8</con:mediaType>
      <con:status>400</con:status>
      <con:params/>
      <con:element xmlns:cif="http://waqfedev.northeurope.cloudapp.azure.com/api/BankSmart/CIFExists">cif:Fault</con:element>
    </con:representation>
    <con:request name="CIF Exists Copy" id="6fc71d82-299f-40cd-a571-0673deccdcfd" mediaType="application/json" postQueryString="false">
      <con:settings>
        <con:setting id="com.eviware.soapui.impl.wsdl.WsdlRequest@request-headers">&lt;xml-fragment/></con:setting>
      </con:settings>
      <con:endpoint>http://waqfedev.northeurope.cloudapp.azure.com:2181</con:endpoint>
      <con:request>{
	"SignOnRq":{
		"LogId": "f5ac7cd2-2a89-470a-9f14-252d9f67f225",
		"DateTime": "2018-06-25 18:16:23",
		"ChannelId": "2",
		"OurBranchId": "01"
	},
	"ClientID": "000000018"
}</con:request>
      <con:originalUri>http://waqfedev.northeurope.cloudapp.azure.com/api/BankSmart/CIFExists</con:originalUri>
      <con:credentials>
        <con:selectedAuthProfile>No Authorization</con:selectedAuthProfile>
        <con:authType>No Authorization</con:authType>
      </con:credentials>
      <con:jmsConfig JMSDeliveryMode="PERSISTENT"/>
      <con:parameters>
        <con:entry key="Content-Type" value="application/json"/>
      </con:parameters>
      <con:parameterOrder>
        <con:entry>Content-Type</con:entry>
      </con:parameterOrder>
    </con:request>
  </con:method>
</con:resource>
