<?xml version="1.0" encoding="UTF-8"?>
<con:resource name="CIFHierarchy" path="/api/BankSmart/CIFHierarchy" id="e40dc2c8-10cb-42d2-b07e-335687937a80" xmlns:xsi="http://www.w3.org/2001/XMLSchema-instance" xmlns:con="http://eviware.com/soapui/config">
  <con:settings>
    <con:setting id="e40dc2c8-10cb-42d2-b07e-335687937a80fileName">CIFHierarchy</con:setting>
  </con:settings>
  <con:parameters/>
  <con:method name="CIFHierarchy" id="ff151a26-61cf-4a90-bd31-3a2ccf984d96" method="POST">
    <con:settings/>
    <con:parameters>
      <con:parameter>
        <con:name>Content-Type</con:name>
        <con:value>application/json</con:value>
        <con:style>HEADER</con:style>
        <con:default/>
        <con:path xsi:nil="true"/>
        <con:description xsi:nil="true"/>
      </con:parameter>
    </con:parameters>
    <con:representation type="RESPONSE">
      <con:mediaType>application/json; charset=utf-8</con:mediaType>
      <con:status>200</con:status>
      <con:params/>
      <con:element xmlns:cif="http://waqfedev.northeurope.cloudapp.azure.com/api/BankSmart/CIFHierarchy">cif:Response</con:element>
    </con:representation>
    <con:representation type="REQUEST">
      <con:mediaType>application/json</con:mediaType>
      <con:params/>
    </con:representation>
    <con:request name="CIF Hierarchy Copy" id="797683ee-e709-49cd-8f2c-a6eba92adf80" mediaType="application/json" postQueryString="false">
      <con:settings/>
      <con:endpoint>http://waqfedev.northeurope.cloudapp.azure.com:2181</con:endpoint>
      <con:request>{
	"SignOnRq":{
		"LogId": "f5ac7cd2-2a89-470a-9f14-252d9f67f225",
		"DateTime": "2018-06-25 18:16:23",
		"ChannelId": "2",
		"OurBranchId": "01"
	},
	"ClientID": "000000018"
}</con:request>
      <con:credentials>
        <con:selectedAuthProfile>No Authorization</con:selectedAuthProfile>
        <con:authType>No Authorization</con:authType>
      </con:credentials>
      <con:jmsConfig JMSDeliveryMode="PERSISTENT"/>
      <con:parameters>
        <con:entry key="Content-Type" value="application/json"/>
      </con:parameters>
      <con:parameterOrder>
        <con:entry>Content-Type</con:entry>
      </con:parameterOrder>
    </con:request>
  </con:method>
</con:resource>
