<?xml version="1.0" encoding="UTF-8"?>
<con:resource name="CIFSearch" path="/api/BankSmart/CIFSearch" id="8e0aa278-a465-4d12-a5c8-e8cef9124651" xmlns:xsi="http://www.w3.org/2001/XMLSchema-instance" xmlns:con="http://eviware.com/soapui/config">
  <con:settings>
    <con:setting id="8e0aa278-a465-4d12-a5c8-e8cef9124651fileName">CIFSearch</con:setting>
  </con:settings>
  <con:parameters/>
  <con:method name="CIFSearch" id="19ceb970-ca12-42f4-b8d6-1636d21601b5" method="POST">
    <con:settings/>
    <con:parameters>
      <con:parameter>
        <con:name>Content-Type</con:name>
        <con:value>application/json</con:value>
        <con:style>HEADER</con:style>
        <con:default/>
        <con:path xsi:nil="true"/>
        <con:description xsi:nil="true"/>
      </con:parameter>
    </con:parameters>
    <con:representation type="REQUEST">
      <con:mediaType>application/json</con:mediaType>
      <con:params/>
    </con:representation>
    <con:representation type="RESPONSE">
      <con:mediaType>application/json; charset=utf-8</con:mediaType>
      <con:status>200</con:status>
      <con:params/>
      <con:element xmlns:cif="http://waqfedev.northeurope.cloudapp.azure.com/api/BankSmart/CIFSearch">cif:Response</con:element>
    </con:representation>
    <con:representation type="FAULT">
      <con:mediaType>application/json; charset=utf-8</con:mediaType>
      <con:status>400</con:status>
      <con:params/>
      <con:element xmlns:cif="http://waqfedev.northeurope.cloudapp.azure.com/api/BankSmart/CIFSearch">cif:Fault</con:element>
    </con:representation>
    <con:request name="CIF Search Copy" id="800ad5a5-ea80-4220-aeb1-f8ef2c640632" mediaType="application/json" postQueryString="false">
      <con:settings/>
      <con:endpoint>http://waqfedev.northeurope.cloudapp.azure.com:2181</con:endpoint>
      <con:request>{
	"SignOnRq":{
		"LogId": "f5ac7cd2-2a89-470a-9f14-252d9f67f225",
		"DateTime": "2018-06-25 18:16:23",
		"ChannelId": "2",
		"OurBranchId": "01"
	},
	"ClientID": "000000018",
	"IDNo": "",
	"Name": "",
	"PhoneNo": "",
	"MobileNo": "",
	"EmailID": "",
	"CIBCode": "",
	"RelationshipDeptID": "",
	"GroupID": ""
}</con:request>
      <con:credentials>
        <con:selectedAuthProfile>No Authorization</con:selectedAuthProfile>
        <con:authType>No Authorization</con:authType>
      </con:credentials>
      <con:jmsConfig JMSDeliveryMode="PERSISTENT"/>
      <con:parameters>
        <con:entry key="Content-Type" value="application/json"/>
      </con:parameters>
      <con:parameterOrder>
        <con:entry>Content-Type</con:entry>
      </con:parameterOrder>
    </con:request>
  </con:method>
</con:resource>
