<?xml version="1.0" encoding="UTF-8"?>
<con:resource name="CloseAccount" path="/api/BankSmart/CloseAccount" id="a0dafaca-334c-4830-bbe5-005aa296f3b7" xmlns:xsi="http://www.w3.org/2001/XMLSchema-instance" xmlns:con="http://eviware.com/soapui/config">
  <con:settings>
    <con:setting id="a0dafaca-334c-4830-bbe5-005aa296f3b7fileName">CloseAccount</con:setting>
  </con:settings>
  <con:parameters/>
  <con:method name="Method 1" id="f2701d41-5a78-4f07-923b-1fc222c9319e" method="POST">
    <con:settings/>
    <con:parameters>
      <con:parameter required="true">
        <con:name>Content-Type</con:name>
        <con:value/>
        <con:style>HEADER</con:style>
        <con:default/>
      </con:parameter>
      <con:parameter required="true">
        <con:name>Authorization</con:name>
        <con:value/>
        <con:style>HEADER</con:style>
        <con:default/>
      </con:parameter>
    </con:parameters>
    <con:representation type="FAULT">
      <con:mediaType>application/json; charset=utf-8</con:mediaType>
      <con:status>400</con:status>
      <con:params/>
      <con:element xmlns:clos="https://waqfevendor.gslb.uat.eradahcapital.com/api/BankSmart/CloseAccount">clos:Fault</con:element>
    </con:representation>
    <con:representation type="REQUEST">
      <con:mediaType>application/json</con:mediaType>
      <con:params/>
    </con:representation>
    <con:request name="Request 1" id="52b7cc15-7520-457b-b8c1-4aec2a677a43" mediaType="application/json" postQueryString="false">
      <con:settings>
        <con:setting id="com.eviware.soapui.impl.wsdl.WsdlRequest@request-headers">&lt;xml-fragment/></con:setting>
      </con:settings>
      <con:endpoint>${#Project#pURL}</con:endpoint>
      <con:request>{
  "signOnRq": {
    "logId": "${=java.util.UUID.randomUUID()}",
    "dateTime": "2021-11-22T11:48:55.804Z",
    "channelId": "10",
    "ourBranchId": "03"
  },
  "accountId": "${CreateCorporateAccount#Response#$['content']['accountID']}",
  "clientId": "${CreateCorporateCIF#Response#$['content']['clientID']}"
}</con:request>
      <con:credentials>
        <con:username>vendor10-erc</con:username>
        <con:password>P@ssw0rd10</con:password>
        <con:selectedAuthProfile>Basic</con:selectedAuthProfile>
        <con:preemptive>true</con:preemptive>
        <con:addedBasicAuthenticationTypes>Basic</con:addedBasicAuthenticationTypes>
        <con:authType>Preemptive</con:authType>
      </con:credentials>
      <con:jmsConfig JMSDeliveryMode="PERSISTENT"/>
      <con:parameters>
        <con:entry key="Authorization" value="Basic dmVuZG9yNS1lcmM6UEBzc3cwcmQ1"/>
        <con:entry key="Content-Type" value="application/json"/>
      </con:parameters>
      <con:parameterOrder>
        <con:entry>Content-Type</con:entry>
        <con:entry>Authorization</con:entry>
      </con:parameterOrder>
    </con:request>
  </con:method>
</con:resource>
