<?xml version="1.0" encoding="UTF-8"?>
<con:resource name="CollateralInquiry" path="/api/BankSmart/CollateralInquiry" id="26df8382-26e5-42da-9302-7d89816fafb5" xmlns:xsi="http://www.w3.org/2001/XMLSchema-instance" xmlns:con="http://eviware.com/soapui/config">
  <con:settings>
    <con:setting id="26df8382-26e5-42da-9302-7d89816fafb5fileName">CollateralInquiry</con:setting>
  </con:settings>
  <con:parameters/>
  <con:method name="CollateralInquiry" id="e7531020-f7c7-4567-8395-2b61ff938eb3" method="POST">
    <con:settings/>
    <con:parameters>
      <con:parameter>
        <con:name>Content-Type</con:name>
        <con:value>application/json</con:value>
        <con:style>HEADER</con:style>
        <con:default/>
        <con:path xsi:nil="true"/>
        <con:description xsi:nil="true"/>
      </con:parameter>
    </con:parameters>
    <con:representation type="RESPONSE">
      <con:mediaType>application/json; charset=utf-8</con:mediaType>
      <con:status>200</con:status>
      <con:params/>
      <con:element xmlns:col="http://waqfedev.northeurope.cloudapp.azure.com/api/BankSmart/CollateralInquiry">col:Response</con:element>
    </con:representation>
    <con:representation type="REQUEST">
      <con:mediaType>application/json</con:mediaType>
      <con:params/>
    </con:representation>
    <con:representation type="FAULT">
      <con:mediaType>application/json; charset=utf-8</con:mediaType>
      <con:status>400</con:status>
      <con:params/>
      <con:element xmlns:col="http://waqfedev.northeurope.cloudapp.azure.com/api/BankSmart/CollateralInquiry">col:Fault</con:element>
    </con:representation>
    <con:request name="Collateral Inquiry Copy" id="7789e96e-2bfd-495a-b5b3-bcfb6333cf13" mediaType="application/json" postQueryString="false">
      <con:settings/>
      <con:endpoint>http://waqfedev.northeurope.cloudapp.azure.com:2181</con:endpoint>
      <con:request>{
	"SignOnRq":{
		"LogId": "f5ac7cd2-2a89-470a-9f14-252d9f67f225",
		"DateTime": "2018-06-25 18:16:23",
		"ChannelId": "2",
		"OurBranchId": "01"
	},
	"CollateralID": "YMhA3nNoqySAO1hotZh0YvNr"
}</con:request>
      <con:credentials>
        <con:selectedAuthProfile>No Authorization</con:selectedAuthProfile>
        <con:authType>No Authorization</con:authType>
      </con:credentials>
      <con:jmsConfig JMSDeliveryMode="PERSISTENT"/>
      <con:parameters>
        <con:entry key="Content-Type" value="application/json"/>
      </con:parameters>
      <con:parameterOrder>
        <con:entry>Content-Type</con:entry>
      </con:parameterOrder>
    </con:request>
  </con:method>
</con:resource>
