<?xml version="1.0" encoding="UTF-8"?>
<con:resource name="CollateralCreate" path="/api/BankSmart/CollateralCreate" id="2022b7b4-861c-4985-aa84-e162117681b1" xmlns:xsi="http://www.w3.org/2001/XMLSchema-instance" xmlns:con="http://eviware.com/soapui/config">
  <con:settings>
    <con:setting id="2022b7b4-861c-4985-aa84-e162117681b1fileName">CollateralCreate</con:setting>
  </con:settings>
  <con:parameters/>
  <con:method name="CollateralCreate" id="cd2c88d7-ea86-4b94-b977-2bd444cc2bfb" method="POST">
    <con:settings/>
    <con:parameters>
      <con:parameter>
        <con:name>Content-Type</con:name>
        <con:value>application/json</con:value>
        <con:style>HEADER</con:style>
        <con:default/>
        <con:path xsi:nil="true"/>
        <con:description xsi:nil="true"/>
      </con:parameter>
    </con:parameters>
    <con:representation type="REQUEST">
      <con:mediaType>application/json</con:mediaType>
      <con:params/>
    </con:representation>
    <con:representation type="RESPONSE">
      <con:mediaType>application/json; charset=utf-8</con:mediaType>
      <con:status>200</con:status>
      <con:params/>
      <con:element xmlns:col="http://waqfedev.northeurope.cloudapp.azure.com/api/BankSmart/CollateralCreate">col:Response</con:element>
    </con:representation>
    <con:representation type="FAULT">
      <con:mediaType>application/json; charset=utf-8</con:mediaType>
      <con:status>400</con:status>
      <con:params/>
      <con:element xmlns:col="http://waqfedev.northeurope.cloudapp.azure.com/api/BankSmart/CollateralCreate">col:Fault</con:element>
    </con:representation>
    <con:representation type="FAULT">
      <con:mediaType>application/json</con:mediaType>
      <con:status>400 401</con:status>
      <con:params/>
      <con:element xmlns:col="http://waqfedev.northeurope.cloudapp.azure.com/api/BankSmart/CollateralCreate">col:Fault</con:element>
    </con:representation>
    <con:request name="Collateral Create Copy" id="d0e953ef-cc37-41bc-851f-e14ae7289e18" mediaType="application/json" postQueryString="false">
      <con:settings>
        <con:setting id="com.eviware.soapui.impl.wsdl.WsdlRequest@request-headers">&lt;xml-fragment/></con:setting>
      </con:settings>
      <con:endpoint>http://waqfedev.northeurope.cloudapp.azure.com:2181</con:endpoint>
      <con:request>{
	"SignOnRq":{
		"LogId": "f5ac7cd2-2a89-470a-9f14-252d9f67f225",
		"DateTime": "2018-06-25 18:16:23",
		"ChannelId": "2",
		"OurBranchId": "01"
	},
	"ClientID": "000000018",
	"CurrencyID": "AED",
	"Description": "Description of Collateral",
	"CapitalRelief": "No",
	"CollateralTypeID": "007",
	"CollateralStatusID": "05",
	"CollateralValue": "1000000",
	"ExRate": "1.00",
	"LocalEq": "1000000",
	"Margin": "20",
	"ReviewDate": "2019-06-25",
	"ExpiryDate": "2020-06-25"
}</con:request>
      <con:credentials>
        <con:selectedAuthProfile>No Authorization</con:selectedAuthProfile>
        <con:authType>No Authorization</con:authType>
      </con:credentials>
      <con:jmsConfig JMSDeliveryMode="PERSISTENT"/>
      <con:parameters>
        <con:entry key="Content-Type" value="application/json"/>
      </con:parameters>
      <con:parameterOrder>
        <con:entry>Content-Type</con:entry>
      </con:parameterOrder>
    </con:request>
  </con:method>
</con:resource>
