<?xml version="1.0" encoding="UTF-8"?>
<con:resource name="CollateralUpdate" path="/api/BankSmart/CollateralUpdate" id="06bf0594-8612-4b98-b931-4b2cf3ccd8c1" xmlns:xsi="http://www.w3.org/2001/XMLSchema-instance" xmlns:con="http://eviware.com/soapui/config">
  <con:settings>
    <con:setting id="06bf0594-8612-4b98-b931-4b2cf3ccd8c1fileName">CollateralUpdate</con:setting>
  </con:settings>
  <con:parameters/>
  <con:method name="CollateralUpdate" id="6a6fb5d1-1e68-452a-8491-70c42db5463b" method="POST">
    <con:settings/>
    <con:parameters>
      <con:parameter>
        <con:name>Content-Type</con:name>
        <con:value>application/json</con:value>
        <con:style>HEADER</con:style>
        <con:default/>
        <con:path xsi:nil="true"/>
        <con:description xsi:nil="true"/>
      </con:parameter>
    </con:parameters>
    <con:representation type="RESPONSE">
      <con:mediaType>application/json; charset=utf-8</con:mediaType>
      <con:status>200</con:status>
      <con:params/>
      <con:element xmlns:col="http://waqfedev.northeurope.cloudapp.azure.com/api/BankSmart/CollateralUpdate">col:Response</con:element>
    </con:representation>
    <con:representation type="REQUEST">
      <con:mediaType>application/json</con:mediaType>
      <con:params/>
    </con:representation>
    <con:representation type="FAULT">
      <con:mediaType>application/json; charset=utf-8</con:mediaType>
      <con:status>400</con:status>
      <con:params/>
      <con:element xmlns:col="http://waqfedev.northeurope.cloudapp.azure.com/api/BankSmart/CollateralUpdate">col:Fault</con:element>
    </con:representation>
    <con:representation type="RESPONSE">
      <con:mediaType xsi:nil="true"/>
      <con:status>0</con:status>
      <con:params/>
      <con:element>data</con:element>
    </con:representation>
    <con:request name="Collateral Update Copy" id="3e1329ee-9bdb-4e93-ba4a-234f6b50f8eb" mediaType="application/json" postQueryString="false">
      <con:settings>
        <con:setting id="com.eviware.soapui.impl.wsdl.WsdlRequest@request-headers">&lt;xml-fragment/></con:setting>
      </con:settings>
      <con:endpoint>http://waqfedev.northeurope.cloudapp.azure.com:2181</con:endpoint>
      <con:request>{
	"SignOnRq":{
		"LogId": "f5ac7cd2-2a89-470a-9f14-252d9f67f225",
		"DateTime": "2018-06-25 18:16:23",
		"ChannelId": "2",
		"OurBranchId": "01"
	},
	"CollateralID": "YMhA3nNoqySAO1hotZh0YvNr",
	"ClientID": "0000000018",
	"SerialNo": "3",
	"CurrencyID": "AED",
	"Description": "Description of Collateral",
	"CapitalRelief": "No",
	"CollateralTypeID": "007",
	"CollateralStatusID": "05",
	"CollateralValue": "1000000",
	"ExRate": "1.00",
	"LocalEq": "1000000",
	"Margin": "20",
	"ReviewDate": "2019-06-25",
	"ExpiryDate": "2020-06-25"
}</con:request>
      <con:originalUri>http://waqfedev.northeurope.cloudapp.azure.com/api/BankSmart/CollateralUpdate</con:originalUri>
      <con:credentials>
        <con:selectedAuthProfile>No Authorization</con:selectedAuthProfile>
        <con:authType>No Authorization</con:authType>
      </con:credentials>
      <con:jmsConfig JMSDeliveryMode="PERSISTENT"/>
      <con:parameters>
        <con:entry key="Content-Type" value="application/json"/>
      </con:parameters>
      <con:parameterOrder>
        <con:entry>Content-Type</con:entry>
      </con:parameterOrder>
    </con:request>
  </con:method>
</con:resource>
