<?xml version="1.0" encoding="UTF-8"?>
<con:resource name="CollateralSearch" path="/api/BankSmart/CollateralSearch" id="bf62c336-33ab-4c1b-8484-9257a6e7baa7" xmlns:xsi="http://www.w3.org/2001/XMLSchema-instance" xmlns:con="http://eviware.com/soapui/config">
  <con:settings>
    <con:setting id="bf62c336-33ab-4c1b-8484-9257a6e7baa7fileName">CollateralSearch</con:setting>
  </con:settings>
  <con:parameters/>
  <con:method name="CollateralSearch" id="c074fd15-3e40-496e-b4f6-63acc9d4c4cb" method="POST">
    <con:settings/>
    <con:parameters>
      <con:parameter>
        <con:name>Content-Type</con:name>
        <con:value>application/json</con:value>
        <con:style>HEADER</con:style>
        <con:default/>
        <con:path xsi:nil="true"/>
        <con:description xsi:nil="true"/>
      </con:parameter>
    </con:parameters>
    <con:representation type="RESPONSE">
      <con:mediaType>application/json; charset=utf-8</con:mediaType>
      <con:status>200</con:status>
      <con:params/>
      <con:element xmlns:col="http://waqfedev.northeurope.cloudapp.azure.com/api/BankSmart/CollateralSearch">col:Response</con:element>
    </con:representation>
    <con:representation type="REQUEST">
      <con:mediaType>application/json</con:mediaType>
      <con:params/>
    </con:representation>
    <con:representation type="FAULT">
      <con:mediaType>application/json; charset=utf-8</con:mediaType>
      <con:status>400</con:status>
      <con:params/>
      <con:element xmlns:col="http://waqfedev.northeurope.cloudapp.azure.com/api/BankSmart/CollateralSearch">col:Fault</con:element>
    </con:representation>
    <con:request name="Collateral Search by CIF Copy" id="9d8512fc-ebed-4353-aef2-97e7f32581be" mediaType="application/json" postQueryString="false">
      <con:settings/>
      <con:endpoint>http://waqfedev.northeurope.cloudapp.azure.com:2181</con:endpoint>
      <con:request>{
	"SignOnRq":{
		"LogId": "f5ac7cd2-2a89-470a-9f14-252d9f67f225",
		"DateTime": "2018-06-25 18:16:23",
		"ChannelId": "2",
		"OurBranchId": "01"
	},
	"ClientID": "000000018"
}</con:request>
      <con:credentials>
        <con:selectedAuthProfile>No Authorization</con:selectedAuthProfile>
        <con:authType>No Authorization</con:authType>
      </con:credentials>
      <con:jmsConfig JMSDeliveryMode="PERSISTENT"/>
      <con:parameters>
        <con:entry key="Content-Type" value="application/json"/>
      </con:parameters>
      <con:parameterOrder>
        <con:entry>Content-Type</con:entry>
      </con:parameterOrder>
    </con:request>
  </con:method>
</con:resource>
