<?xml version="1.0" encoding="UTF-8"?>
<con:resource name="Create Corporate Account" path="" id="bbac4040-0061-4b7f-b3f2-001f8cea0a5d" xmlns:xsi="http://www.w3.org/2001/XMLSchema-instance" xmlns:con="http://eviware.com/soapui/config">
  <con:settings>
    <con:setting id="bbac4040-0061-4b7f-b3f2-001f8cea0a5dfileName">Create-Corporate-Account</con:setting>
  </con:settings>
  <con:parameters/>
  <con:resource name="Copy of CreateCorporateAccount" path="/api/BankSmart/CreateCorporateAccount" id="3da17cf6-4f34-491b-beb2-8a5a43685044">
    <con:settings/>
    <con:parameters/>
    <con:method name="CreateCorporateAccount" id="913cd5d8-6dbd-4a7a-82c8-b879e8091d6c" method="POST">
      <con:settings/>
      <con:parameters>
        <con:parameter>
          <con:name>Content-Type</con:name>
          <con:value>application/json</con:value>
          <con:style>HEADER</con:style>
          <con:default/>
          <con:path xsi:nil="true"/>
          <con:description xsi:nil="true"/>
        </con:parameter>
        <con:parameter>
          <con:name>Authorization</con:name>
          <con:value>Basic dmVuZG9yNS1lcmM6UEBzc3cwcmQ1</con:value>
          <con:style>HEADER</con:style>
          <con:default/>
          <con:path xsi:nil="true"/>
          <con:description xsi:nil="true"/>
        </con:parameter>
      </con:parameters>
      <con:representation type="FAULT">
        <con:mediaType>application/json; charset=utf-8</con:mediaType>
        <con:status>400</con:status>
        <con:params/>
        <con:element xmlns:cre="http://10.4.128.8/api/BankSmart/CreateCorporateAccount">cre:Fault</con:element>
      </con:representation>
      <con:representation type="REQUEST">
        <con:mediaType>application/json</con:mediaType>
        <con:params/>
      </con:representation>
      <con:representation type="RESPONSE">
        <con:mediaType>application/json; charset=utf-8</con:mediaType>
        <con:status>200</con:status>
        <con:params/>
        <con:element xmlns:cre="http://10.4.128.8/api/BankSmart/CreateCorporateAccount">cre:Response</con:element>
      </con:representation>
      <con:representation type="RESPONSE">
        <con:mediaType xsi:nil="true"/>
        <con:status>0</con:status>
        <con:params/>
        <con:element>data</con:element>
      </con:representation>
      <con:representation type="FAULT">
        <con:mediaType>application/json</con:mediaType>
        <con:status>400 401</con:status>
        <con:params/>
        <con:element xmlns:upd="http://null/api/BankSmart/UpdateCorporateClient">upd:Fault</con:element>
      </con:representation>
      <con:request name="Create Corporate  Account" id="b10fce92-1844-4f95-a0b5-faf1e9b9dc48" mediaType="application/json" postQueryString="false">
        <con:settings>
          <con:setting id="com.eviware.soapui.impl.wsdl.WsdlRequest@request-headers">&lt;xml-fragment/></con:setting>
        </con:settings>
        <con:endpoint>http://${#Project#url}</con:endpoint>
        <con:request>{
    "SignOnRq": {
        "LogId": "e0ccbe1a-dfdd-4753-a4c7-acc6fb0665e3",
        "DateTime": "2019-03-06T00:00:00",
        "ChannelId": "5",
        "OurBranchId": "01"
    },
    "SignatureInstructions": "this is to allow all",
    "Acc": {
        "ClientID": "000001032",
        "ProductID": "AGRMR",
        "Name": "Fahad",
        "Address": "4/c block a ",
        "CountryID": "ARE",
        "StateID": "001",
        "CityID": "005",
        "StatementFrequency": "Q",
        "HoldMail": 1,
        "ZakatExemption":1,
        "ContactPersonName": "",
        "Designation": "test",
        "Phone1": "1231231",
        "Phone2": "2312312",
        "MobileNo": "test",
        "Fax": "test",
        "EmailID": "",
        "IntroducerAccountNo": "test",
        "IntroducedBy": "test",
        "IntroducerAddress": "",
        "IntroducerCityID": "005",
        "IntroducerStateID": "001",
        "IntroducerCountryID": "ARE",
        "ModeOfOperation": "Company Mandate",
        "Reminder": "test",
        "Notes": "test",
        "NatureID": "0101",
        "RelationshipCode": "CAD",
        "AllowCreditTransaction": 1,
        "AllowDebitTransaction": 1,
        "NotServiceCharges": 1,
        "NotStopPaymentCharges": 1,
        "NotChequeBookCharges": 1,
        "TurnOver": "Above 10M",
        "NoOfDrTrx":1,
        "NoOfCrTrx":1,
        "DrThresholdLimit":1,
        "CrThresholdLimit":1,
        "ProductCash": 1,
        "ProductClearing": 1,
        "ProductCollection": 1,
        "ProductRemittance": 1,
        "ProductCross": 1,
        "ProductOthers": 1,
        "ProductOthersDesc": "test"
    }
}</con:request>
        <con:credentials>
          <con:selectedAuthProfile>No Authorization</con:selectedAuthProfile>
          <con:authType>No Authorization</con:authType>
        </con:credentials>
        <con:jmsConfig JMSDeliveryMode="PERSISTENT"/>
        <con:parameters>
          <con:entry key="Authorization" value="Basic dmVuZG9yNS1lcmM6UEBzc3cwcmQ1"/>
          <con:entry key="Content-Type" value="application/json"/>
        </con:parameters>
        <con:parameterOrder>
          <con:entry>Content-Type</con:entry>
          <con:entry>Authorization</con:entry>
        </con:parameterOrder>
      </con:request>
    </con:method>
  </con:resource>
</con:resource>
