<?xml version="1.0" encoding="UTF-8"?>
<con:resource name="CreditProgramCreate" path="/api/BankSmart/CreditProgramCreate" id="885e31f3-0da1-460a-b1a1-d14d020a8a78" xmlns:xsi="http://www.w3.org/2001/XMLSchema-instance" xmlns:con="http://eviware.com/soapui/config">
  <con:settings>
    <con:setting id="885e31f3-0da1-460a-b1a1-d14d020a8a78fileName">CreditProgramCreate</con:setting>
  </con:settings>
  <con:parameters/>
  <con:method name="CreditProgramCreate" id="ce2ca9ef-9ff9-4c59-9a09-ec9b8b87f838" method="POST">
    <con:settings/>
    <con:parameters>
      <con:parameter>
        <con:name>Content-Type</con:name>
        <con:value>application/json</con:value>
        <con:style>HEADER</con:style>
        <con:default/>
        <con:path xsi:nil="true"/>
        <con:description xsi:nil="true"/>
      </con:parameter>
    </con:parameters>
    <con:representation type="RESPONSE">
      <con:mediaType>application/json; charset=utf-8</con:mediaType>
      <con:status>200</con:status>
      <con:params/>
      <con:element xmlns:cred="http://waqfedev.northeurope.cloudapp.azure.com/api/BankSmart/CreditProgramCreate">cred:Response</con:element>
    </con:representation>
    <con:representation type="REQUEST">
      <con:mediaType>application/json</con:mediaType>
      <con:params/>
    </con:representation>
    <con:representation type="FAULT">
      <con:mediaType>application/json; charset=utf-8</con:mediaType>
      <con:status>400</con:status>
      <con:params/>
      <con:element xmlns:cred="http://waqfedev.northeurope.cloudapp.azure.com/api/BankSmart/CreditProgramCreate">cred:Fault</con:element>
    </con:representation>
    <con:representation type="RESPONSE">
      <con:mediaType xsi:nil="true"/>
      <con:status>0</con:status>
      <con:params/>
      <con:element>data</con:element>
    </con:representation>
    <con:representation type="FAULT">
      <con:mediaType>application/json</con:mediaType>
      <con:status>400</con:status>
      <con:params/>
      <con:element xmlns:cred="http://waqfedev.northeurope.cloudapp.azure.com/api/BankSmart/CreditProgramCreate">cred:Fault</con:element>
    </con:representation>
    <con:representation type="FAULT">
      <con:mediaType>text/html;charset=utf-8</con:mediaType>
      <con:status>403</con:status>
      <con:params/>
      <con:element>html</con:element>
    </con:representation>
    <con:request name="Credit Program Create Copy" id="0344456b-e9f7-45e1-8989-ccf408e97437" mediaType="application/json" postQueryString="false">
      <con:settings/>
      <con:endpoint>http://waqfedev.northeurope.cloudapp.azure.com:2181</con:endpoint>
      <con:request>{
	"SignOnRq":{
		"LogId": "f5ac7cd2-2a89-470a-9f14-252d9f67f225",
		"DateTime": "2018-06-25 18:16:23",
		"ChannelId": "2",
		"OurBranchId": "01"
	},
	"CreditProgramName": "Credit Program for XYZ company",
	"ClientID": "000000018",
	"CreditProgramLimit": "1000000000"
}</con:request>
      <con:credentials>
        <con:selectedAuthProfile>No Authorization</con:selectedAuthProfile>
        <con:authType>No Authorization</con:authType>
      </con:credentials>
      <con:jmsConfig JMSDeliveryMode="PERSISTENT"/>
      <con:parameters>
        <con:entry key="Content-Type" value="application/json"/>
      </con:parameters>
      <con:parameterOrder>
        <con:entry>Content-Type</con:entry>
      </con:parameterOrder>
    </con:request>
  </con:method>
</con:resource>
