<?xml version="1.0" encoding="UTF-8"?>
<con:resource name="CreditProgramInquiry" path="/api/BankSmart/CreditProgramInquiry" id="e6329086-f320-4fcb-85b9-ebef1276356b" xmlns:xsi="http://www.w3.org/2001/XMLSchema-instance" xmlns:con="http://eviware.com/soapui/config">
  <con:settings>
    <con:setting id="e6329086-f320-4fcb-85b9-ebef1276356bfileName">CreditProgramInquiry</con:setting>
  </con:settings>
  <con:parameters/>
  <con:method name="CreditProgramInquiry" id="214d67c6-6547-488f-9644-2d801a6f7466" method="POST">
    <con:settings/>
    <con:parameters>
      <con:parameter>
        <con:name>Content-Type</con:name>
        <con:value>application/json</con:value>
        <con:style>HEADER</con:style>
        <con:default/>
        <con:path xsi:nil="true"/>
        <con:description xsi:nil="true"/>
      </con:parameter>
    </con:parameters>
    <con:representation type="RESPONSE">
      <con:mediaType>application/json; charset=utf-8</con:mediaType>
      <con:status>200</con:status>
      <con:params/>
      <con:element xmlns:cred="http://waqfedev.northeurope.cloudapp.azure.com/api/BankSmart/CreditProgramInquiry">cred:Response</con:element>
    </con:representation>
    <con:representation type="REQUEST">
      <con:mediaType>application/json</con:mediaType>
      <con:params/>
    </con:representation>
    <con:representation type="FAULT">
      <con:mediaType>application/json; charset=utf-8</con:mediaType>
      <con:status>400</con:status>
      <con:params/>
      <con:element xmlns:cred="http://waqfedev.northeurope.cloudapp.azure.com/api/BankSmart/CreditProgramInquiry">cred:Fault</con:element>
    </con:representation>
    <con:request name="Credit Program Inquiry Copy" id="948c24e7-0e35-41ce-b4ac-e039a467c443" mediaType="application/json" postQueryString="false">
      <con:settings/>
      <con:endpoint>http://waqfedev.northeurope.cloudapp.azure.com:2181</con:endpoint>
      <con:request>{
	"SignOnRq":{
		"LogId": "f5ac7cd2-2a89-470a-9f14-252d9f67f225",
		"DateTime": "2018-06-25 18:16:23",
		"ChannelId": "2",
		"OurBranchId": "01"
	},
	"CreditProgramID": "UARc5fMEZODSEmAFC66wZnIRQ"
}</con:request>
      <con:credentials>
        <con:selectedAuthProfile>No Authorization</con:selectedAuthProfile>
        <con:authType>No Authorization</con:authType>
      </con:credentials>
      <con:jmsConfig JMSDeliveryMode="PERSISTENT"/>
      <con:parameters>
        <con:entry key="Content-Type" value="application/json"/>
      </con:parameters>
      <con:parameterOrder>
        <con:entry>Content-Type</con:entry>
      </con:parameterOrder>
    </con:request>
  </con:method>
</con:resource>
