<?xml version="1.0" encoding="UTF-8"?>
<con:resource name="EarlySettlementInquiry" path="/api/BankSmart/EarlySettlementInquiry" id="7ae74ac7-5e60-4e22-8475-7afc32f75235" xmlns:xsi="http://www.w3.org/2001/XMLSchema-instance" xmlns:con="http://eviware.com/soapui/config">
  <con:settings>
    <con:setting id="7ae74ac7-5e60-4e22-8475-7afc32f75235fileName">EarlySettlementInquiry</con:setting>
  </con:settings>
  <con:parameters/>
  <con:method name="Method 1" id="5aa23f31-e461-454d-80c5-9b484822380f" method="POST">
    <con:settings/>
    <con:parameters>
      <con:parameter required="true">
        <con:name>Content-Type</con:name>
        <con:value/>
        <con:style>HEADER</con:style>
        <con:default/>
      </con:parameter>
    </con:parameters>
    <con:request name="Request 1" id="df3503de-daaa-45c7-9126-722a5a96da06" mediaType="application/json" postQueryString="false">
      <con:settings>
        <con:setting id="com.eviware.soapui.impl.wsdl.WsdlRequest@request-headers">&lt;xml-fragment/></con:setting>
      </con:settings>
      <con:endpoint>http://waqfedev.northeurope.cloudapp.azure.com:2181</con:endpoint>
      <con:request>{
  "signOnRq": {
    "logId": "${=java.util.UUID.randomUUID()}",
    "dateTime": "${TodayDate#result}",
    "channelId": "2",
    "ourBranchId": "03"
  },
  "clientId": "${CreateCorporateCIF#Response#$['content']['clientID']}",
  "facId": "${FacilityCreate#Response#$['content']['facilityID']}",
  "prodId": "${LoanCreateAccounts#Response#$['content']['loanAccounts'][0]['productID']}",
  "dealRefNo": "${Disbursementv2#Response#$['content']['referenceNo']}",
  "settlementDate": "${TodayDate#result}",
  "principalAmt": "${Disbursementv2#Response#$['content']['schedule'][1]['principalAmount']}"
}</con:request>
      <con:credentials>
        <con:username>vendor2-erc</con:username>
        <con:password>aA1!asdf</con:password>
        <con:selectedAuthProfile>Basic</con:selectedAuthProfile>
        <con:preemptive>true</con:preemptive>
        <con:addedBasicAuthenticationTypes>Basic</con:addedBasicAuthenticationTypes>
        <con:authType>Preemptive</con:authType>
      </con:credentials>
      <con:jmsConfig JMSDeliveryMode="PERSISTENT"/>
      <con:parameters>
        <con:entry key="Content-Type" value="application/json"/>
      </con:parameters>
      <con:parameterOrder>
        <con:entry>Content-Type</con:entry>
      </con:parameterOrder>
    </con:request>
  </con:method>
</con:resource>
