<?xml version="1.0" encoding="UTF-8"?>
<con:resource name="EarlySettlementExecution" path="/api/BankSmart/EarlySettlementExecution" id="573b5d3c-1eef-49ce-b170-269504c8b302" xmlns:xsi="http://www.w3.org/2001/XMLSchema-instance" xmlns:con="http://eviware.com/soapui/config">
  <con:settings>
    <con:setting id="573b5d3c-1eef-49ce-b170-269504c8b302fileName">EarlySettlementExecution</con:setting>
  </con:settings>
  <con:parameters/>
  <con:method name="Method 1" id="0975c7a8-27de-4222-8a8c-d95af2a8d22c" method="POST">
    <con:settings/>
    <con:parameters/>
    <con:request name="Request 1" id="f11b5459-529f-48f5-a130-6831f482f6c8" mediaType="application/json" postQueryString="false">
      <con:settings>
        <con:setting id="com.eviware.soapui.impl.wsdl.WsdlRequest@request-headers">&lt;xml-fragment/></con:setting>
      </con:settings>
      <con:endpoint>http://waqfedev.northeurope.cloudapp.azure.com:2181</con:endpoint>
      <con:request>{
  "signOnRq": {
  "logId": "${=java.util.UUID.randomUUID()}",
        "dateTime": "${TodayDate#result}",
        "channelId": "2",
        "ourBranchId": "03"
  },
  "clientId": "${CreateCorporateCIF#Response#$['content']['clientID']}",
  "facId": "${FacilityCreate#Response#$['content']['facilityID']}",
  "prodId": "${LoanCreateAccounts#Response#$['content']['loanAccounts'][0]['productID']}",
  "dealRefNo": "${Disbursementv2#Response#$['content']['referenceNo']}",
  "settlementDate": "${TodayDate#result}",
  "paymentSource": "Cash",
  "currAccId": "${CreateCorporateAccount#Response#$['content']['accountID']}",
  "principalAmt": "${EarlySettlementInquiry#Response#$['content']['totalAmt']}"
}</con:request>
      <con:credentials>
        <con:username>vendor2-erc</con:username>
        <con:password>aA1!asdf</con:password>
        <con:selectedAuthProfile>Basic</con:selectedAuthProfile>
        <con:preemptive>true</con:preemptive>
        <con:addedBasicAuthenticationTypes>Basic</con:addedBasicAuthenticationTypes>
        <con:authType>Preemptive</con:authType>
      </con:credentials>
      <con:jmsConfig JMSDeliveryMode="PERSISTENT"/>
      <con:parameters/>
    </con:request>
  </con:method>
</con:resource>
