<?xml version="1.0" encoding="UTF-8"?>
<con:resource name="Facility Account Limit Create" path="" id="d614ebba-5116-4c4c-a319-65b066a468f5" xmlns:xsi="http://www.w3.org/2001/XMLSchema-instance" xmlns:con="http://eviware.com/soapui/config">
  <con:settings>
    <con:setting id="d614ebba-5116-4c4c-a319-65b066a468f5fileName">Facility-Account-Limit-Create</con:setting>
  </con:settings>
  <con:parameters/>
  <con:resource name="Copy of AccountLimitCreate" path="/api/BankSmart/AccountLimitCreate" id="b376a519-7bc0-4a2e-8646-4f37e0ce7f3f">
    <con:settings/>
    <con:parameters/>
    <con:method name="AccountLimitCreate" id="d810a26d-f45c-4080-aaa3-a0c7ee2ff863" method="POST">
      <con:settings/>
      <con:parameters>
        <con:parameter>
          <con:name>Content-Type</con:name>
          <con:value>application/json</con:value>
          <con:style>HEADER</con:style>
          <con:default/>
          <con:path xsi:nil="true"/>
          <con:description xsi:nil="true"/>
        </con:parameter>
      </con:parameters>
      <con:representation type="RESPONSE">
        <con:mediaType xsi:nil="true"/>
        <con:status>0</con:status>
        <con:params/>
        <con:element>data</con:element>
      </con:representation>
      <con:representation type="REQUEST">
        <con:mediaType>application/json</con:mediaType>
        <con:params/>
      </con:representation>
      <con:representation type="FAULT">
        <con:mediaType xsi:nil="true"/>
        <con:status>401 404</con:status>
        <con:params/>
        <con:element>data</con:element>
      </con:representation>
      <con:representation type="FAULT">
        <con:mediaType>application/json; charset=utf-8</con:mediaType>
        <con:status>400</con:status>
        <con:params/>
        <con:element xmlns:acc="http://waqfedev.northeurope.cloudapp.azure.com/api/BankSmart/AccountLimitCreate">acc:Fault</con:element>
      </con:representation>
      <con:representation type="RESPONSE">
        <con:mediaType>application/json; charset=utf-8</con:mediaType>
        <con:status>200</con:status>
        <con:params/>
        <con:element xmlns:acc="http://waqfedev.northeurope.cloudapp.azure.com/api/BankSmart/AccountLimitCreate">acc:Response</con:element>
      </con:representation>
      <con:representation type="FAULT">
        <con:mediaType>text/html;charset=utf-8</con:mediaType>
        <con:status>403</con:status>
        <con:params/>
        <con:element>html</con:element>
      </con:representation>
      <con:representation type="FAULT">
        <con:mediaType>application/json</con:mediaType>
        <con:status>401</con:status>
        <con:params/>
        <con:element xmlns:acc="http://waqfedev.northeurope.cloudapp.azure.com/api/BankSmart/AccountLimitCreate">acc:Fault</con:element>
      </con:representation>
      <con:request name="Account Limit Create Copy" id="33b0eb4a-aeaa-4987-9e4d-97ebbe31adc0" mediaType="application/json" postQueryString="false">
        <con:settings>
          <con:setting id="com.eviware.soapui.impl.wsdl.WsdlRequest@request-headers">&lt;xml-fragment/></con:setting>
        </con:settings>
        <con:endpoint>http://10.4.128.8:2181</con:endpoint>
        <con:request>{
	"SignOnRq":{
		"LogId": "f5ac7cd2-2a89-470a-9f14-252d9f67f225",
		"DateTime": "2018-06-25 18:16:23",
		"ChannelId": "2",
		"OurBranchId": "01"
	},
	"FacilityID": "vfLkxQ9RlvDC01IhWxcLaxB9A",
	"AccountID": "01900200015201",
	"Limit": "1000000",
    "EffectiveDate": "2018-06-25",
    "Limit1": "50000",
    "Rate1": "5.5",
    "Limit2": "100000",
    "Rate2": "5.7",
    "Limit3": "200000",
    "Rate3": "5.9",
    "ExcessRate": "6"
}</con:request>
        <con:originalUri>http://waqfedev.northeurope.cloudapp.azure.com/api/BankSmart/AccountLimitCreate</con:originalUri>
        <con:credentials>
          <con:username>vendor2-erc</con:username>
          <con:password>aA1!asdf</con:password>
          <con:selectedAuthProfile>Basic</con:selectedAuthProfile>
          <con:preemptive>true</con:preemptive>
          <con:addedBasicAuthenticationTypes>Basic</con:addedBasicAuthenticationTypes>
          <con:authType>Preemptive</con:authType>
        </con:credentials>
        <con:jmsConfig JMSDeliveryMode="PERSISTENT"/>
        <con:parameters>
          <con:entry key="Content-Type" value="application/json"/>
        </con:parameters>
        <con:parameterOrder>
          <con:entry>Content-Type</con:entry>
        </con:parameterOrder>
      </con:request>
    </con:method>
  </con:resource>
</con:resource>
