<?xml version="1.0" encoding="UTF-8"?>
<con:resource name="FacilityModify" path="/api/BankSmart/FacilityModify" id="c219f0e4-1c56-4c3a-9946-33d8bd0dd076" xmlns:xsi="http://www.w3.org/2001/XMLSchema-instance" xmlns:con="http://eviware.com/soapui/config">
  <con:settings>
    <con:setting id="c219f0e4-1c56-4c3a-9946-33d8bd0dd076fileName">FacilityModify</con:setting>
  </con:settings>
  <con:parameters/>
  <con:method name="FacilityModify" id="87905624-fe5f-4d2d-97a6-3e81f3863bfb" method="POST">
    <con:settings/>
    <con:parameters>
      <con:parameter>
        <con:name>Content-Type</con:name>
        <con:value>application/json</con:value>
        <con:style>HEADER</con:style>
        <con:default/>
        <con:path xsi:nil="true"/>
        <con:description xsi:nil="true"/>
      </con:parameter>
    </con:parameters>
    <con:representation type="FAULT">
      <con:mediaType>application/json; charset=utf-8</con:mediaType>
      <con:status>400</con:status>
      <con:params/>
      <con:element xmlns:fac="http://waqfedev.northeurope.cloudapp.azure.com/api/BankSmart/FacilityModify">fac:Fault</con:element>
    </con:representation>
    <con:representation type="REQUEST">
      <con:mediaType>application/json</con:mediaType>
      <con:params/>
    </con:representation>
    <con:representation type="RESPONSE">
      <con:mediaType>application/json; charset=utf-8</con:mediaType>
      <con:status>200</con:status>
      <con:params/>
      <con:element xmlns:fac="http://waqfedev.northeurope.cloudapp.azure.com/api/BankSmart/FacilityModify">fac:Response</con:element>
    </con:representation>
    <con:representation type="FAULT">
      <con:mediaType>application/json</con:mediaType>
      <con:status>400</con:status>
      <con:params/>
      <con:element xmlns:fac="http://waqfedev.northeurope.cloudapp.azure.com/api/BankSmart/FacilityModify">fac:Fault</con:element>
    </con:representation>
    <con:request name="Facility Modify Copy" id="f2fca4d0-e7d1-45b6-8c3b-b6c89fafc4d9" mediaType="application/json">
      <con:settings/>
      <con:endpoint>http://waqfedev.northeurope.cloudapp.azure.com:2181</con:endpoint>
      <con:request>{
	"SignOnRq":{
		"LogId": "f5ac7cd2-2a89-470a-9f14-252d9f67f225",
		"DateTime": "2018-06-25 18:16:23",
		"ChannelId": "2",
		"OurBranchId": "01"
	},
	"FacilityID": "zHviypbJdeyvqNTuO9TbbjS2c",
	"ClientID": "000000018",
	"FacilityRefNo": "TL2",
	"Description": "Overdraft Facility",
	"LimitSecuredType": "Clean",
	"LimitType": "Fixed",
	"AskingLimit": 1000000,
	"ReviewDate": "2019-12-31",
	"ExpiryDate": "2020-12-31",
	"CreditProgramID": "",
	"Products":[{
		"ProductID": "CAPKR"
	}],
	"Collaterals":[{
		"CollateralID": "zHviypbJdeyvqNTuO9TbbjS2c"
	}]
}</con:request>
      <con:credentials>
        <con:selectedAuthProfile>No Authorization</con:selectedAuthProfile>
        <con:authType>No Authorization</con:authType>
      </con:credentials>
      <con:jmsConfig JMSDeliveryMode="PERSISTENT"/>
      <con:parameters>
        <con:entry key="Content-Type" value="application/json"/>
      </con:parameters>
      <con:parameterOrder>
        <con:entry>Content-Type</con:entry>
      </con:parameterOrder>
    </con:request>
  </con:method>
</con:resource>
