<?xml version="1.0" encoding="UTF-8"?>
<con:resource name="FacilityAccInquiry" path="/api/BankSmart/FacilityAccInquiry" id="f6a6518d-02aa-4217-b775-631192c64a8a" xmlns:xsi="http://www.w3.org/2001/XMLSchema-instance" xmlns:con="http://eviware.com/soapui/config">
  <con:settings>
    <con:setting id="f6a6518d-02aa-4217-b775-631192c64a8afileName">FacilityAccInquiry</con:setting>
  </con:settings>
  <con:parameters/>
  <con:method name="FacilityAccInquiry" id="43202e80-7fc3-4530-ab6a-19b17bdfb847" method="POST">
    <con:settings/>
    <con:parameters>
      <con:parameter>
        <con:name>Content-Type</con:name>
        <con:value>application/json</con:value>
        <con:style>HEADER</con:style>
        <con:default/>
        <con:path xsi:nil="true"/>
        <con:description xsi:nil="true"/>
      </con:parameter>
    </con:parameters>
    <con:representation type="REQUEST">
      <con:mediaType>application/json</con:mediaType>
      <con:params/>
    </con:representation>
    <con:representation type="FAULT">
      <con:mediaType xsi:nil="true"/>
      <con:status>404</con:status>
      <con:params/>
      <con:element>data</con:element>
    </con:representation>
    <con:request name="Account Limit Inquiry Copy" id="a23f5e4a-740e-4654-87f7-1b9f92f3f4e0" mediaType="application/json" postQueryString="false">
      <con:settings/>
      <con:endpoint>http://waqfedev.northeurope.cloudapp.azure.com:2181</con:endpoint>
      <con:request>{
	"SignOnRq":{
		"LogId": "f5ac7cd2-2a89-470a-9f14-252d9f67f225",
		"DateTime": "2018-06-25 18:16:23",
		"ChannelId": "2",
		"OurBranchId": "079"
	},
	"AccountLimitID": "WJptrcjBPiRAdM67uA0rZAC1d"
}</con:request>
      <con:credentials>
        <con:selectedAuthProfile>No Authorization</con:selectedAuthProfile>
        <con:authType>No Authorization</con:authType>
      </con:credentials>
      <con:jmsConfig JMSDeliveryMode="PERSISTENT"/>
      <con:parameters>
        <con:entry key="Content-Type" value="application/json"/>
      </con:parameters>
      <con:parameterOrder>
        <con:entry>Content-Type</con:entry>
      </con:parameterOrder>
    </con:request>
  </con:method>
</con:resource>
