<?xml version="1.0" encoding="UTF-8"?>
<con:resource name="FacilityAccCancel" path="/api/BankSmart/FacilityAccCancel" id="0becd21b-c771-4ed6-985b-aa7af8a8ef27" xmlns:xsi="http://www.w3.org/2001/XMLSchema-instance" xmlns:con="http://eviware.com/soapui/config">
  <con:settings>
    <con:setting id="0becd21b-c771-4ed6-985b-aa7af8a8ef27fileName">FacilityAccCancel</con:setting>
  </con:settings>
  <con:parameters/>
  <con:method name="FacilityAccCancel" id="5a4e4ba3-b012-4ad8-9446-efdcc474f97f" method="POST">
    <con:settings/>
    <con:parameters>
      <con:parameter>
        <con:name>Content-Type</con:name>
        <con:value>application/json</con:value>
        <con:style>HEADER</con:style>
        <con:default/>
        <con:path xsi:nil="true"/>
        <con:description xsi:nil="true"/>
      </con:parameter>
    </con:parameters>
    <con:representation type="FAULT">
      <con:mediaType xsi:nil="true"/>
      <con:status>404</con:status>
      <con:params/>
      <con:element>data</con:element>
    </con:representation>
    <con:representation type="REQUEST">
      <con:mediaType>application/json</con:mediaType>
      <con:params/>
    </con:representation>
    <con:request name="Account Limit Cancel Copy" id="07d99a18-2798-4af3-9d53-b6af223becba" mediaType="application/json" postQueryString="false">
      <con:settings/>
      <con:endpoint>http://waqfedev.northeurope.cloudapp.azure.com:2181</con:endpoint>
      <con:request>{
	"SignOnRq":{
		"LogId": "f5ac7cd2-2a89-470a-9f14-252d9f67f225",
		"DateTime": "2018-06-25 18:16:23",
		"ChannelId": "2",
		"OurBranchId": "079"
	},
	"AccountLimitID": "WJptrcjBPiRAdM67uA0rZAC1d"
}</con:request>
      <con:credentials>
        <con:selectedAuthProfile>No Authorization</con:selectedAuthProfile>
        <con:authType>No Authorization</con:authType>
      </con:credentials>
      <con:jmsConfig JMSDeliveryMode="PERSISTENT"/>
      <con:parameters>
        <con:entry key="Content-Type" value="application/json"/>
      </con:parameters>
      <con:parameterOrder>
        <con:entry>Content-Type</con:entry>
      </con:parameterOrder>
    </con:request>
  </con:method>
</con:resource>
