<?xml version="1.0" encoding="UTF-8"?>
<con:resource name="FacilityCreate" path="/api/BankSmart/FacilityCreate" id="03780aa3-722b-493c-927a-84c9e69d874c" xmlns:xsi="http://www.w3.org/2001/XMLSchema-instance" xmlns:con="http://eviware.com/soapui/config">
  <con:settings>
    <con:setting id="03780aa3-722b-493c-927a-84c9e69d874cfileName">FacilityCreate</con:setting>
  </con:settings>
  <con:parameters/>
  <con:method name="FacilityCreate" id="565aed3d-a509-404b-83a5-efe2f1ca38c9" method="POST">
    <con:settings/>
    <con:parameters>
      <con:parameter>
        <con:name>Content-Type</con:name>
        <con:value>application/json</con:value>
        <con:style>HEADER</con:style>
        <con:default/>
        <con:path xsi:nil="true"/>
        <con:description xsi:nil="true"/>
      </con:parameter>
    </con:parameters>
    <con:representation type="FAULT">
      <con:mediaType>application/json; charset=utf-8</con:mediaType>
      <con:status>400</con:status>
      <con:params/>
      <con:element xmlns:fac="http://waqfedev.northeurope.cloudapp.azure.com/api/BankSmart/FacilityCreate">fac:Fault</con:element>
    </con:representation>
    <con:representation type="REQUEST">
      <con:mediaType>application/json</con:mediaType>
      <con:params/>
    </con:representation>
    <con:representation type="RESPONSE">
      <con:mediaType xsi:nil="true"/>
      <con:status>0</con:status>
      <con:params/>
      <con:element>data</con:element>
    </con:representation>
    <con:representation type="RESPONSE">
      <con:mediaType>application/json; charset=utf-8</con:mediaType>
      <con:status>200</con:status>
      <con:params/>
      <con:element xmlns:fac="http://waqfedev.northeurope.cloudapp.azure.com/api/BankSmart/FacilityCreate">fac:Response</con:element>
    </con:representation>
    <con:representation type="FAULT">
      <con:mediaType>application/json</con:mediaType>
      <con:status>401</con:status>
      <con:params/>
      <con:element xmlns:fac="http://waqfedev.northeurope.cloudapp.azure.com/api/BankSmart/FacilityCreate">fac:Fault</con:element>
    </con:representation>
    <con:request name="Facility Create Copy" id="2a852ba6-ada1-45bb-b33e-408f221f2733" mediaType="application/json" postQueryString="false">
      <con:settings>
        <con:setting id="com.eviware.soapui.impl.wsdl.WsdlRequest@request-headers">&lt;xml-fragment/></con:setting>
      </con:settings>
      <con:endpoint>http://waqfedev.northeurope.cloudapp.azure.com:2181</con:endpoint>
      <con:request>{
	"SignOnRq":{
		"LogId": "f5ac7cd2-2a89-470a-9f14-252d9f67f225",
		"DateTime": "2018-06-25 18:16:23",
		"ChannelId": "2",
		"OurBranchId": "01"
	},
	"ClientID": "000000018",
	"ReviewDate": "2019-12-31",
	"ExpiryDate": "2020-12-31",
	"Products":[{
		"ProductID": "AGRPLF"
	},{
		"ProductID": "CARFIN"
	}],
	"Collaterals":[{
		"CollateralID": "n5KH4AWOEzz9XkdBrvrxIENS"
	}],
	"LimitSecuredType": "Secured",
	"LimitType": "Revolving",
	"Description": "Term Loan Facility",
	"FacilityRefNo": "TL5",
	"AskingLimit": 100000000,
	"CreditProgramID": ""
}</con:request>
      <con:originalUri>http://waqfedev.northeurope.cloudapp.azure.com/api/BankSmart/FacilityCreate</con:originalUri>
      <con:credentials>
        <con:selectedAuthProfile>No Authorization</con:selectedAuthProfile>
        <con:authType>No Authorization</con:authType>
      </con:credentials>
      <con:jmsConfig JMSDeliveryMode="PERSISTENT"/>
      <con:parameters>
        <con:entry key="Content-Type" value="application/json"/>
      </con:parameters>
      <con:parameterOrder>
        <con:entry>Content-Type</con:entry>
      </con:parameterOrder>
    </con:request>
  </con:method>
</con:resource>
