<?xml version="1.0" encoding="UTF-8"?>
<con:resource name="FacilityAccCreate" path="/api/BankSmart/FacilityAccCreate" id="e840c6d5-e54a-4222-a804-238b926ba186" xmlns:xsi="http://www.w3.org/2001/XMLSchema-instance" xmlns:con="http://eviware.com/soapui/config">
  <con:settings>
    <con:setting id="e840c6d5-e54a-4222-a804-238b926ba186fileName">FacilityAccCreate</con:setting>
  </con:settings>
  <con:parameters/>
  <con:method name="FacilityAccCreate" id="fc93a702-5b02-4d23-8705-fbe37d7c5baf" method="POST">
    <con:settings/>
    <con:parameters>
      <con:parameter>
        <con:name>Content-Type</con:name>
        <con:value>application/json</con:value>
        <con:style>HEADER</con:style>
        <con:default/>
        <con:path xsi:nil="true"/>
        <con:description xsi:nil="true"/>
      </con:parameter>
    </con:parameters>
    <con:representation type="FAULT">
      <con:mediaType xsi:nil="true"/>
      <con:status>404</con:status>
      <con:params/>
      <con:element>data</con:element>
    </con:representation>
    <con:representation type="REQUEST">
      <con:mediaType>application/json</con:mediaType>
      <con:params/>
    </con:representation>
    <con:request name="Account Limit Create Copy" id="853d4592-3cab-41ac-b800-604441aa66d2" mediaType="application/json" postQueryString="false">
      <con:settings/>
      <con:endpoint>http://waqfedev.northeurope.cloudapp.azure.com:2181</con:endpoint>
      <con:request>{
	"SignOnRq":{
		"LogId": "f5ac7cd2-2a89-470a-9f14-252d9f67f225",
		"DateTime": "2018-06-25 18:16:23",
		"ChannelId": "2",
		"OurBranchId": "079"
	},
	"FacilityID": "y5ojWVZ6xupaj06EiBAqwTWL1",
	"AccountID": "07900200015201",
	"Limit": "1000000",
    "EffectiveDate": "2018-06-25",
    "Limit1": "50000",
    "Rate1": "5.5",
    "Limit2": "100000",
    "Rate2": "5.7",
    "Limit3": "200000",
    "Rate3": "5.9",
    "ExcessRate": "6"
}</con:request>
      <con:credentials>
        <con:selectedAuthProfile>No Authorization</con:selectedAuthProfile>
        <con:authType>No Authorization</con:authType>
      </con:credentials>
      <con:jmsConfig JMSDeliveryMode="PERSISTENT"/>
      <con:parameters>
        <con:entry key="Content-Type" value="application/json"/>
      </con:parameters>
      <con:parameterOrder>
        <con:entry>Content-Type</con:entry>
      </con:parameterOrder>
    </con:request>
  </con:method>
</con:resource>
