<?xml version="1.0" encoding="UTF-8"?>
<con:resource name="Get Corporate CIF Detail" path="" id="148b58db-84a4-4b2d-9ed4-016f24ce1e4e" xmlns:xsi="http://www.w3.org/2001/XMLSchema-instance" xmlns:con="http://eviware.com/soapui/config">
  <con:settings>
    <con:setting id="148b58db-84a4-4b2d-9ed4-016f24ce1e4efileName">Get-Corporate-CIF-Detail</con:setting>
  </con:settings>
  <con:parameters/>
  <con:resource name="Copy of GetCorporateCIFDetail" path="/api/BankSmart/GetCorporateCIFDetail" id="1b8ad28d-01b3-4153-81b6-0746e91b9207">
    <con:settings/>
    <con:parameters/>
    <con:method name="GetCorporateCIFDetail" id="2d8de496-30a9-4ec8-acb4-d2434360fde8" method="POST">
      <con:settings/>
      <con:parameters>
        <con:parameter>
          <con:name>Content-Type</con:name>
          <con:value>application/json</con:value>
          <con:style>HEADER</con:style>
          <con:default/>
          <con:path xsi:nil="true"/>
          <con:description xsi:nil="true"/>
        </con:parameter>
        <con:parameter>
          <con:name>Authorization</con:name>
          <con:value>Basic dmVuZG9yNS1lcmM6UEBzc3cwcmQ1</con:value>
          <con:style>HEADER</con:style>
          <con:default/>
          <con:path xsi:nil="true"/>
          <con:description xsi:nil="true"/>
        </con:parameter>
      </con:parameters>
      <con:representation type="REQUEST">
        <con:mediaType>application/json</con:mediaType>
        <con:params/>
      </con:representation>
      <con:representation type="FAULT">
        <con:mediaType>application/json; charset=utf-8</con:mediaType>
        <con:status>400</con:status>
        <con:params/>
        <con:element xmlns:get="http://10.4.128.8/api/BankSmart/GetCorporateCIFDetail">get:Fault</con:element>
      </con:representation>
      <con:representation type="RESPONSE">
        <con:mediaType>application/json; charset=utf-8</con:mediaType>
        <con:status>200</con:status>
        <con:params/>
        <con:element xmlns:get="http://10.4.128.8/api/BankSmart/GetCorporateCIFDetail">get:Response</con:element>
      </con:representation>
      <con:request name="Get Corporate CIF Detail" id="68d284fe-f17b-46e3-bd52-16e6f532e983" mediaType="application/json" postQueryString="false">
        <con:settings>
          <con:setting id="com.eviware.soapui.impl.wsdl.WsdlRequest@request-headers">&lt;xml-fragment/></con:setting>
        </con:settings>
        <con:endpoint>http://waqfedev.northeurope.cloudapp.azure.com:2181</con:endpoint>
        <con:request>{
	"signOnRq":{
		"LogId": "e0ccbe1a-dfdd-4753-a4c7-acc6fb0665e3",
		"DateTime":"2019-03-06T00:00:00",
		"ChannelId":"2",
		"OurBranchId":"01"
	},
	"ClientID": "000000037"
}</con:request>
        <con:credentials>
          <con:selectedAuthProfile>No Authorization</con:selectedAuthProfile>
          <con:authType>No Authorization</con:authType>
        </con:credentials>
        <con:jmsConfig JMSDeliveryMode="PERSISTENT"/>
        <con:parameters>
          <con:entry key="Authorization" value="Basic dmVuZG9yNS1lcmM6UEBzc3cwcmQ1"/>
          <con:entry key="Content-Type" value="application/json"/>
        </con:parameters>
        <con:parameterOrder>
          <con:entry>Content-Type</con:entry>
          <con:entry>Authorization</con:entry>
        </con:parameterOrder>
      </con:request>
    </con:method>
  </con:resource>
</con:resource>
