<?xml version="1.0" encoding="UTF-8"?>
<con:resource name="LoanDisbursement" path="/api/BankSmart/DisbursementV2" id="48febd27-e062-4c50-9898-d1577336658c" xmlns:xsi="http://www.w3.org/2001/XMLSchema-instance" xmlns:con="http://eviware.com/soapui/config">
  <con:settings>
    <con:setting id="48febd27-e062-4c50-9898-d1577336658cfileName">LoanDisbursement</con:setting>
  </con:settings>
  <con:parameters/>
  <con:method name="LoanDisbursement" id="a262f54e-2e49-4346-af73-2a164664357f" method="POST">
    <con:settings/>
    <con:parameters>
      <con:parameter>
        <con:name>Content-Type</con:name>
        <con:value>application/json</con:value>
        <con:style>HEADER</con:style>
        <con:default/>
        <con:path xsi:nil="true"/>
        <con:description xsi:nil="true"/>
      </con:parameter>
    </con:parameters>
    <con:representation type="FAULT">
      <con:mediaType>application/json; charset=utf-8</con:mediaType>
      <con:status>400</con:status>
      <con:params/>
      <con:element xmlns:loan="http://waqfedev.northeurope.cloudapp.azure.com/api/BankSmart/LoanDisbursement">loan:Fault</con:element>
    </con:representation>
    <con:representation type="REQUEST">
      <con:mediaType>application/json</con:mediaType>
      <con:params/>
    </con:representation>
    <con:representation type="RESPONSE">
      <con:mediaType xsi:nil="true"/>
      <con:status>0</con:status>
      <con:params/>
      <con:element>data</con:element>
    </con:representation>
    <con:representation type="FAULT">
      <con:mediaType xsi:nil="true"/>
      <con:status>401 500 404</con:status>
      <con:params/>
      <con:element>data</con:element>
    </con:representation>
    <con:representation type="RESPONSE">
      <con:mediaType>application/json; charset=utf-8</con:mediaType>
      <con:status>200</con:status>
      <con:params/>
      <con:element xmlns:loan="http://waqfedev.northeurope.cloudapp.azure.com/api/BankSmart/LoanDisbursement">loan:Response</con:element>
    </con:representation>
    <con:representation type="FAULT">
      <con:mediaType>application/json</con:mediaType>
      <con:status>400</con:status>
      <con:params/>
      <con:element xmlns:loan="http://waqfedev.northeurope.cloudapp.azure.com/api/BankSmart/LoanDisbursement">loan:Fault</con:element>
    </con:representation>
    <con:request name="Loan Disbursement Copy" id="054c0aae-c8c9-4b42-9f99-7ecdae0fd552" mediaType="application/json" postQueryString="false">
      <con:settings>
        <con:setting id="com.eviware.soapui.impl.wsdl.WsdlRequest@request-headers">&lt;xml-fragment/></con:setting>
      </con:settings>
      <con:endpoint>http://waqfedev.northeurope.cloudapp.azure.com:2181</con:endpoint>
      <con:request>{
	"SignOnRq":{
		"LogId": "f5ac7cd2-2a89-470a-9f14-252d9f67f225",
		"DateTime": "2019-05-05",
		"ChannelId": "2",
		"OurBranchId": "01"
	},
	"AccountID": "0150400000003701",
	"LoanCategoryID": "030",
	"TenureType": "M",
	"Tenure": 6,
	"Method": "B",
	"RePaymentMode": "M",
	"GracePeriod": 0,
	"RateType": "L",
	"InterestRate": 6,
	"RateID": "001",
	"Margin": 1,
	"LoanAmount": 500000,
	"Remarks": "Loan for Abc type",
	"DisbursementMode": "S",
	"TrxAccountID": "0150100000003701",
	"RecAccountID": "0150300000003701",
	"Charges":[{
		"ChargeId": "001",
		"ChargeType": "F",
		"Charges": 100
	}]
}</con:request>
      <con:originalUri>http://waqfedev.northeurope.cloudapp.azure.com/api/BankSmart/LoanDisbursement</con:originalUri>
      <con:credentials>
        <con:selectedAuthProfile>No Authorization</con:selectedAuthProfile>
        <con:authType>No Authorization</con:authType>
      </con:credentials>
      <con:jmsConfig JMSDeliveryMode="PERSISTENT"/>
      <con:parameters>
        <con:entry key="Content-Type" value="application/json"/>
      </con:parameters>
      <con:parameterOrder>
        <con:entry>Content-Type</con:entry>
      </con:parameterOrder>
    </con:request>
  </con:method>
</con:resource>
