<?xml version="1.0" encoding="UTF-8"?>
<con:resource name="LoanSimulator" path="/api/BankSmart/LoanSimulator" id="81ccdf1a-3bdd-43c7-8b57-ffbc27a8077b" xmlns:xsi="http://www.w3.org/2001/XMLSchema-instance" xmlns:con="http://eviware.com/soapui/config">
  <con:settings>
    <con:setting id="81ccdf1a-3bdd-43c7-8b57-ffbc27a8077bfileName">LoanSimulator</con:setting>
  </con:settings>
  <con:parameters/>
  <con:method name="LoanSimulator" id="5551aca7-1dad-44e1-84a6-521f52b138db" method="POST">
    <con:settings/>
    <con:parameters>
      <con:parameter>
        <con:name>Content-Type</con:name>
        <con:value>application/json</con:value>
        <con:style>HEADER</con:style>
        <con:default/>
        <con:path xsi:nil="true"/>
        <con:description xsi:nil="true"/>
      </con:parameter>
    </con:parameters>
    <con:representation type="RESPONSE">
      <con:mediaType>application/json; charset=utf-8</con:mediaType>
      <con:status>200</con:status>
      <con:params/>
      <con:element xmlns:loan="http://waqfedev.northeurope.cloudapp.azure.com/api/BankSmart/LoanSimulator">loan:Response</con:element>
    </con:representation>
    <con:representation type="REQUEST">
      <con:mediaType>application/json</con:mediaType>
      <con:params/>
    </con:representation>
    <con:request name="Loan Simulator Copy" id="4fe35fa4-6903-47fc-8957-1a434ccc888c" mediaType="application/json" postQueryString="false">
      <con:settings/>
      <con:endpoint>http://waqfedev.northeurope.cloudapp.azure.com:2181</con:endpoint>
      <con:request>{
	"SignOnRq":{
		"LogId": "f5ac7cd2-2a89-470a-9f14-252d9f67f225",
		"DateTime": "2018-06-25 18:16:23",
		"ChannelId": "2",
		"OurBranchId": "01"
	},
	"LoanAmount": "10000",
	"TenureType": "M",
	"Tenure": "12",
	"InterestRate": "5",
	"Method": "B",
	"RePaymentMode": "M"
}</con:request>
      <con:credentials>
        <con:selectedAuthProfile>No Authorization</con:selectedAuthProfile>
        <con:authType>No Authorization</con:authType>
      </con:credentials>
      <con:jmsConfig JMSDeliveryMode="PERSISTENT"/>
      <con:parameters>
        <con:entry key="Content-Type" value="application/json"/>
      </con:parameters>
      <con:parameterOrder>
        <con:entry>Content-Type</con:entry>
      </con:parameterOrder>
    </con:request>
  </con:method>
</con:resource>
