<?xml version="1.0" encoding="UTF-8"?>
<con:resource name="LoanDisbReversal" path="/api/BankSmart/LoanDisbReversal" id="55107fab-1025-4f96-a663-d59fb7631d23" xmlns:xsi="http://www.w3.org/2001/XMLSchema-instance" xmlns:con="http://eviware.com/soapui/config">
  <con:settings>
    <con:setting id="55107fab-1025-4f96-a663-d59fb7631d23fileName">LoanDisbReversal</con:setting>
  </con:settings>
  <con:parameters/>
  <con:method name="Method 1" id="ff0486ed-1b36-498d-b363-eccc49df6d96" method="POST">
    <con:settings/>
    <con:parameters>
      <con:parameter required="true">
        <con:name>Content-Type</con:name>
        <con:value/>
        <con:style>HEADER</con:style>
        <con:default/>
      </con:parameter>
      <con:parameter required="true">
        <con:name>Auhtorization</con:name>
        <con:value/>
        <con:style>HEADER</con:style>
        <con:default/>
      </con:parameter>
    </con:parameters>
    <con:representation type="FAULT">
      <con:mediaType>application/json; charset=utf-8</con:mediaType>
      <con:status>400</con:status>
      <con:params/>
      <con:element xmlns:loan="https://waqfevendor.gslb.uat.eradahcapital.com/api/BankSmart/LoanDisbReversal">loan:Fault</con:element>
    </con:representation>
    <con:representation type="REQUEST">
      <con:mediaType>application/json</con:mediaType>
      <con:params/>
    </con:representation>
    <con:representation type="RESPONSE">
      <con:mediaType>application/json; charset=utf-8</con:mediaType>
      <con:status>200</con:status>
      <con:params/>
      <con:element xmlns:loan="https://waqfevendor.gslb.uat.eradahcapital.com/api/BankSmart/LoanDisbReversal">loan:Response</con:element>
    </con:representation>
    <con:request name="Request 1" id="aef5a446-ac2a-4659-856e-1e4c8cd0cc5d" mediaType="application/json" postQueryString="false">
      <con:settings>
        <con:setting id="com.eviware.soapui.impl.wsdl.WsdlRequest@request-headers">&lt;xml-fragment/></con:setting>
      </con:settings>
      <con:endpoint>${#Project#pURL}</con:endpoint>
      <con:request>{
  "signOnRq": {
    "logId": "string",
    "dateTime": "2021-12-07T07:06:30.175Z",
    "channelId": "2",
    "ourBranchId": "03"
  },
  "referenceNo": "${Disbursementv2#Response#$['content']['referenceNo']}"
}</con:request>
      <con:credentials>
        <con:username>vendor2-erc</con:username>
        <con:password>aA1!asdf</con:password>
        <con:selectedAuthProfile>Basic</con:selectedAuthProfile>
        <con:preemptive>true</con:preemptive>
        <con:addedBasicAuthenticationTypes>Basic</con:addedBasicAuthenticationTypes>
        <con:authType>Preemptive</con:authType>
      </con:credentials>
      <con:jmsConfig JMSDeliveryMode="PERSISTENT"/>
      <con:parameters>
        <con:entry key="Auhtorization" value="Basic dmVuZG9yNS1lcmM6UEBzc3cwcmQ1"/>
        <con:entry key="Content-Type" value="application/json"/>
      </con:parameters>
      <con:parameterOrder>
        <con:entry>Content-Type</con:entry>
        <con:entry>Auhtorization</con:entry>
      </con:parameterOrder>
    </con:request>
  </con:method>
</con:resource>
