<?xml version="1.0" encoding="UTF-8"?>
<con:resource name="LoanDetails" path="/api​/BankSmart​/LoanDetails" id="a5681575-2cab-4713-ad38-998412347833" xmlns:xsi="http://www.w3.org/2001/XMLSchema-instance" xmlns:con="http://eviware.com/soapui/config">
  <con:settings>
    <con:setting id="a5681575-2cab-4713-ad38-998412347833fileName">LoanDetails</con:setting>
  </con:settings>
  <con:parameters/>
  <con:method name="Method 1" id="54adb140-b978-45ab-a8cc-d8a407dc9727" method="POST">
    <con:settings/>
    <con:parameters>
      <con:parameter required="true">
        <con:name>Content-Type</con:name>
        <con:value/>
        <con:style>HEADER</con:style>
        <con:default/>
      </con:parameter>
    </con:parameters>
    <con:representation type="REQUEST">
      <con:mediaType>application/json</con:mediaType>
      <con:params/>
    </con:representation>
    <con:representation type="FAULT">
      <con:mediaType>text/html</con:mediaType>
      <con:status>404</con:status>
      <con:params/>
      <con:element xmlns:xht="http://www.w3.org/1999/xhtml">xht:html</con:element>
    </con:representation>
    <con:representation type="RESPONSE">
      <con:mediaType xsi:nil="true"/>
      <con:status>0</con:status>
      <con:params/>
      <con:element>data</con:element>
    </con:representation>
    <con:request name="Request 1" id="ba3fc08e-bfb3-4669-87e3-be67ee87fe3d" mediaType="application/json" postQueryString="false">
      <con:settings>
        <con:setting id="com.eviware.soapui.impl.wsdl.WsdlRequest@request-headers">&lt;xml-fragment/></con:setting>
      </con:settings>
      <con:endpoint>http://waqfedev.northeurope.cloudapp.azure.com:2181</con:endpoint>
      <con:request>{
  "signOnRq": {
    "logId": "${=java.util.UUID.randomUUID()}",
        "dateTime": "${TodayDate#result}",
        "channelId": "10",
        "ourBranchId": "03"
  },
  "clientId": "${CreateCorporateCIF#Response#$['content']['clientID']}",
  "facilityID": "${FacilityCreate#Response#$['content']['facilityID']}",
  "productID": "${LoanCreateAccounts#Response#$['content']['loanAccounts'][0]['productID']}"
}</con:request>
      <con:credentials>
        <con:username>vendor10-erc</con:username>
        <con:password>P@ssw0rd10</con:password>
        <con:selectedAuthProfile>Basic</con:selectedAuthProfile>
        <con:preemptive>true</con:preemptive>
        <con:addedBasicAuthenticationTypes>Basic</con:addedBasicAuthenticationTypes>
        <con:authType>Preemptive</con:authType>
      </con:credentials>
      <con:jmsConfig JMSDeliveryMode="PERSISTENT"/>
      <con:parameters>
        <con:entry key="Content-Type" value="application/json"/>
      </con:parameters>
      <con:parameterOrder>
        <con:entry>Content-Type</con:entry>
      </con:parameterOrder>
    </con:request>
  </con:method>
</con:resource>
