<?xml version="1.0" encoding="UTF-8"?>
<con:resource name="LoanCreateAccounts" path="/api/BankSmart/LoanCreateAccounts" id="5f1dba64-3380-416c-b2ef-7abf6a4489a1" xmlns:xsi="http://www.w3.org/2001/XMLSchema-instance" xmlns:con="http://eviware.com/soapui/config">
  <con:settings>
    <con:setting id="5f1dba64-3380-416c-b2ef-7abf6a4489a1fileName">LoanCreateAccounts</con:setting>
  </con:settings>
  <con:parameters/>
  <con:method name="LoanCreateAccounts" id="a7e100fd-5e8e-4a28-846e-60ea2e8c9fdf" method="POST">
    <con:settings/>
    <con:parameters>
      <con:parameter>
        <con:name>Content-Type</con:name>
        <con:value>application/json</con:value>
        <con:style>HEADER</con:style>
        <con:default/>
        <con:path xsi:nil="true"/>
        <con:description xsi:nil="true"/>
      </con:parameter>
    </con:parameters>
    <con:representation type="REQUEST">
      <con:mediaType>application/json</con:mediaType>
      <con:params/>
    </con:representation>
    <con:representation type="RESPONSE">
      <con:mediaType>application/json; charset=utf-8</con:mediaType>
      <con:status>200</con:status>
      <con:params/>
      <con:element xmlns:loan="http://waqfedev.northeurope.cloudapp.azure.com/api/BankSmart/LoanCreateAccounts">loan:Response</con:element>
    </con:representation>
    <con:representation type="FAULT">
      <con:mediaType>application/json; charset=utf-8</con:mediaType>
      <con:status>400</con:status>
      <con:params/>
      <con:element xmlns:loan="http://waqfedev.northeurope.cloudapp.azure.com/api/BankSmart/LoanCreateAccounts">loan:Fault</con:element>
    </con:representation>
    <con:representation type="FAULT">
      <con:mediaType xsi:nil="true"/>
      <con:status>404</con:status>
      <con:params/>
      <con:element>data</con:element>
    </con:representation>
    <con:representation type="RESPONSE">
      <con:mediaType xsi:nil="true"/>
      <con:status>0</con:status>
      <con:params/>
      <con:element>data</con:element>
    </con:representation>
    <con:representation type="FAULT">
      <con:mediaType>application/json</con:mediaType>
      <con:status>401</con:status>
      <con:params/>
      <con:element xmlns:loan="http://waqfedev.northeurope.cloudapp.azure.com/api/BankSmart/LoanCreateAccounts">loan:Fault</con:element>
    </con:representation>
    <con:request name="Loan Create Accounts Copy" id="54dd8132-ea0f-4c5f-9ebb-34361e5f7285" mediaType="application/json" postQueryString="false">
      <con:settings/>
      <con:endpoint>http://waqfedev.northeurope.cloudapp.azure.com:2181</con:endpoint>
      <con:request>{
	"SignOnRq":{
		"LogId": "f5ac7cd2-2a89-470a-9f14-252d9f67f225",
		"DateTime": "2018-06-25 18:16:23",
		"ChannelId": "2",
		"OurBranchId": "01"
	},
	"ClientID": "000000032",
	"ProductID": "AGRPLF"
}</con:request>
      <con:credentials>
        <con:selectedAuthProfile>No Authorization</con:selectedAuthProfile>
        <con:authType>No Authorization</con:authType>
      </con:credentials>
      <con:jmsConfig JMSDeliveryMode="PERSISTENT"/>
      <con:parameters>
        <con:entry key="Content-Type" value="application/json"/>
      </con:parameters>
      <con:parameterOrder>
        <con:entry>Content-Type</con:entry>
      </con:parameterOrder>
    </con:request>
  </con:method>
</con:resource>
