<?xml version="1.0" encoding="UTF-8"?>
<con:resource name="ScreeningLegalPersonModel" path="" id="88b8451f-8a8e-4467-81f1-5faf31a616f3" xmlns:xsi="http://www.w3.org/2001/XMLSchema-instance" xmlns:con="http://eviware.com/soapui/config">
  <con:settings>
    <con:setting id="88b8451f-8a8e-4467-81f1-5faf31a616f3fileName">ScreeningLegalPersonModel</con:setting>
  </con:settings>
  <con:parameters/>
  <con:resource name="Copy of ScreeningLegalPersonModel" path="" id="ea5afd55-32bf-4e1e-bb89-f07caf5b0c82">
    <con:settings/>
    <con:parameters/>
    <con:resource name="Copy of ScreeningLegalPersonModel" path="/api/IMTF/ScreeningLegalPersonModel" id="bd4f61ae-8162-4b67-800f-ca176537ceeb">
      <con:settings/>
      <con:parameters/>
      <con:method name="ScreeningLegalPersonModel" id="d41ce394-ba3e-4da8-8f1d-23141f20cc71" method="POST">
        <con:settings/>
        <con:parameters>
          <con:parameter>
            <con:name>Content-Type</con:name>
            <con:value>application/json</con:value>
            <con:style>HEADER</con:style>
            <con:default/>
            <con:path xsi:nil="true"/>
            <con:description xsi:nil="true"/>
          </con:parameter>
        </con:parameters>
        <con:representation type="FAULT">
          <con:mediaType xsi:nil="true"/>
          <con:status>401</con:status>
          <con:params/>
          <con:element>data</con:element>
        </con:representation>
        <con:representation type="REQUEST">
          <con:mediaType>application/json</con:mediaType>
          <con:params/>
        </con:representation>
        <con:representation type="FAULT">
          <con:mediaType>application/json; charset=utf-8</con:mediaType>
          <con:status>400</con:status>
          <con:params/>
          <con:element xmlns:scr="http://10.4.128.8/api/IMTF/ScreeningLegalPersonModel">scr:Fault</con:element>
        </con:representation>
        <con:representation type="FAULT">
          <con:mediaType>application/json</con:mediaType>
          <con:status>500 400 401</con:status>
          <con:params/>
          <con:element xmlns:scr="http://10.4.128.8/api/IMTF/ScreeningLegalPersonModel">scr:Fault</con:element>
        </con:representation>
        <con:representation type="RESPONSE">
          <con:mediaType>application/json; charset=utf-8</con:mediaType>
          <con:status>200</con:status>
          <con:params/>
          <con:element xmlns:scr="http://10.4.128.8/api/IMTF/ScreeningLegalPersonModel">scr:Response</con:element>
        </con:representation>
        <con:representation type="RESPONSE">
          <con:mediaType xsi:nil="true"/>
          <con:status>0</con:status>
          <con:params/>
          <con:element>data</con:element>
        </con:representation>
        <con:representation type="FAULT">
          <con:mediaType>text/html;charset=utf-8</con:mediaType>
          <con:status>403</con:status>
          <con:params/>
          <con:element>html</con:element>
        </con:representation>
        <con:request name="ScreeningLegalPersonModel" id="fb269761-0750-49ef-b1ce-71e6da1eb3a1" mediaType="application/json" postQueryString="false">
          <con:settings>
            <con:setting id="com.eviware.soapui.impl.wsdl.WsdlRequest@request-headers">&lt;xml-fragment/></con:setting>
          </con:settings>
          <con:endpoint>http://${#Project#pURL}</con:endpoint>
          <con:request>{
    "SignOnRq": {
        "LogId": "e0ccbe1a-dfdd-4753-a4c7-acc6fb0665e3",
        "DateTime": "2019-03-06T00:00:00",
        "ChannelId": "10",
        "OurBranchId": "01"
    },
    "RootObject": {
        "RequestMetaData": {
            "type": "NBK_SCR_CRP",
            "sendTime": "23/04/2019 13:57:36.036629",
            "timeZone": "4",
            "userId": "SYSTEM",
            "requestUid": "use_case_legal_entity",
            "orgUnit": "ORG_GLOBAL/ORG_AE/AE_CORP",
            "branchCompanyId": "HAS",
            "branchLocationId": "784101",
            "systemId": "CIF",
            "serviceId": ""
        },
        "RequestDataObject": {
            "DoiPerson": [
                {
                    "entityType": "3001",
                    "originId": "2111CWS2016",
                    "listId": "ORG_GLOBAL/ORG_AE/AE_CORP/CUS",
                    "legalStatus": "L",
                    "fullName": "INTERNATIONAL FINANCIAL ADVISORS",
                    "sex": "",
                    "function": "",
                    "profOccupation": "",
                    "activityCode": "3",
                    "businessCode": "C",
                    "dob": "",
                    "startDtg": "21/09/2016 00:00:00.000000",
                    "placeOfBirth": "",
                    "cityOfBirth": "",
                    "countryOfBirth": "",
                    "legalForm": "",
                    "customerStatus": "",
                    "vatNumber": "",
                    "giin": "",
                    "tin": "",
                    "DoiNickname": [
                        {
                            "originId": "2111CWS2016",
                            "listId": "ORG_GLOBAL/ORG_AE/AE_CORP/CUS",
                            "nickName": ""
                        }
                    ],
                    "DoiPersonPhysChar": [
                        {
                            "originId": "2111CWS2016",
                            "listId": "ORG_GLOBAL/ORG_AE/AE_CORP/CUS",
                            "nationality": "AE"
                        }
                    ],
                    "DoiIdentificationDocEntity": [
                        {
                            "entityType": "18",
                            "originId": "2111CWS2016",
                            "listId": "ORG_GLOBAL/ORG_AE/AE_CORP/CUS_ID",
                            "type": "CR",
                            "issuingCountry": "AE",
                            "number": "5896AE78",
                            "collectDate": "23/04/2019 00:00:00.000000",
                            "startDtg": "",
                            "endDtg": "30/01/2026 00:00:00.000000"
                        }
                    ],
                    "DoiFile": [
                        {
                            "entityType": "12",
                            "originId": "2111CWS2016",
                            "listId": "ORG_GLOBAL/ORG_AE/AE_CORP/CUS_DOC",
                            "collectDate": "23/04/2019 00:00:00.000000",
                            "startDtg": "23/04/2019 00:00:00.000000",
                            "endDtg": "21/07/2021 00:00:00.000000",
                            "DoiFileCategory": [
                                {
                                    "originId": "2111CWS2016",
                                    "listId": "ORG_GLOBAL/ORG_AE/AE_CORP/CUS_DOC",
                                    "category": "KYC form"
                                }
                            ]
                        }
                    ],
                    "DoiRisk": [
                        {
                            "originId": "2111CWS2016",
                            "listId": "ORG_GLOBAL/ORG_AE/AE_CORP/CUS",
                            "riskCategory": "Risk from Core SYSTEM",
                            "riskSubCategory": "Non-Resident Risk",
                            "riskScoring": "0",
                            "riskStartDate": "",
                            "riskEndDate": ""
                        }
                    ],
                    "DoiLocation": [
                        {
                            "entityType": "21",
                            "originId": "2111CWS2016",
                            "listId": "ORG_GLOBAL/ORG_AE/AE_CORP/CUS_ADR",
                            "fullAddressText": "Umm Al Sheif Road 58, Dubai",
                            "country": "AE"
                        }
                    ],
                    "DoiPhoneEntity": [
                        {
                            "entityType": "10",
                            "originId": "2111CWS2016_1",
                            "listId": "ORG_GLOBAL/ORG_AE/AE_CORP/CUS_4N",
                            "phoneIdentifierFull": "",
                            "number": "121212188",
                            "countryPrefix": "+971",
                            "country": "AE",
                            "type": "L"
                        }
                    ],
                    "DoiEMailEntity": [
                        {
                            "entityType": "16",
                            "originId": "2111CWS2016_1",
                            "listId": "ORG_GLOBAL/ORG_AE/AE_CORP/CUS_EMAIL",
                            "email": "InternationalFinancialAdvisors@gmail.ae",
                            "emailType": "CORP"
                        }
                    ],
                    "DoiAccountEntity": [
                        {
                            "entityType": "4",
                            "originId": "12587444",
                            "listId": "ORG_GLOBAL/ORG_AE/AE_CORP/CUS_ACC",
                            "accountType": "CURRENT",
                            "accountNumber": "12587444",
                            "bic": "NBKDAEXX",
                            "bankIban": "AE9000300012587444",
                            "bankName": "NEW BANK DUBAI",
                            "branchName": "Main Office",
                            "branchCity": "Dubai",
                            "branchCountry": "AE",
                            "status": "1",
                            "openingDate": "23/04/2019 09:01:36.000000",
                            "closingDate": "",
                            "DoiAccountBalance": [
                                {
                                    "originId": "12587444",
                                    "listId": "ORG_GLOBAL/ORG_AE/AE_CORP/CUS_ACC",
                                    "baseAmountBalance": "12547.00",
                                    "baseCurrency": "USD",
                                    "balanceDate": "23/04/2019 11:00:36.000000"
                                }
                            ],
                            "DoiRisk": [
                                {
                                    "originId": "12587444",
                                    "listId": "ORG_GLOBAL/ORG_AE/AE_CORP/CUS_ACC",
                                    "riskCategory": "bbbbbbb",
                                    "riskSubCategory": "vvvvvvvvvv",
                                    "riskScoring": "20",
                                    "riskStartDate": "23/04/2019 00:00:00.000000",
                                    "riskEndDate": "23/08/2020 00:00:00.000000"
                                }
                            ]
                        }
                    ],
                    "DoiRelation": [
                        {
                            "entityType": "2000",
                            "originId": "2111CWS2016",
                            "listId": "ORG_GLOBAL/ORG_AE/AE_CORP/RELAT",
                            "originIdEnd2": "2111CWS2017",
                            "type": "EP",
                            "linkDirection": "3",
                            "linkWeight": "",
                            "description": "",
                            "startDtg": "21/09/2016 00:00:00.000000",
                            "startDtgTz": "4",
                            "endDtg": "",
                            "endDtgTz": ""
                        }
                    ]
                },
                {
                    "entityType": "3001",
                    "originId": "2111CWS2017",
                    "listId": "ORG_GLOBAL/ORG_AE/AE_CORP/REP",
                    "legalStatus": "N",
                    "fullName": "Yassin SALDDHI",
                    "sex": "M",
                    "function": "",
                    "profOccupation": "1292088",
                    "activityCode": "",
                    "businessCode": "",
                    "dob": "18/02/1986 00:00:00.000000",
                    "placeOfBirth": "Kuwait,Al Ahmadi",
                    "cityOfBirth": "Al Ahmadi",
                    "countryOfBirth": "KW",
                    "legalForm": "",
                    "customerStatus": "",
                    "vatNumber": "",
                    "giin": "",
                    "tin": "",
                    "DoiNickname": [
                        {
                            "originId": "2111CWS2017_1",
                            "listId": "ORG_GLOBAL/ORG_AE/AE_CORP/REP",
                            "nickName": ""
                        }
                    ],
                    "DoiPersonPhysChar": [
                        {
                            "originId": "2111CWS2017_1",
                            "listId": "ORG_GLOBAL/ORG_AE/AE_CORP/REP",
                            "nationality": "KW"
                        }
                    ],
                    "DoiIdentificationDocEntity": [
                        {
                            "entityType": "18",
                            "originId": "2111CWS2017_1",
                            "listId": "ORG_GLOBAL/ORG_AE/AE_CORP/REP_ID",
                            "type": "PP",
                            "issuingCountry": "KW",
                            "number": "KW59336987",
                            "collectDate": "23/04/2019 00:00:00.000000",
                            "startDtg": "",
                            "endDtg": "10/11/2027 00:00:00.000000"
                        }
                    ],
                    "DoiLocation": [
                        {
                            "entityType": "21",
                            "originId": "2111CWS2017_1",
                            "listId": "ORG_GLOBAL/ORG_AE/AE_CORP/REP_ADR",
                            "fullAddressText": "Dabous Street, Block 6, Kuwait City",
                            "country": "KW"
                        }
                    ],
                    "DoiPhoneEntity": [
                        {
                            "entityType": "10",
                            "originId": "2111CWS2017_1",
                            "listId": "ORG_GLOBAL/ORG_AE/AE_CORP/REP_4N",
                            "phoneIdentifierFull": "",
                            "number": "358749654",
                            "countryPrefix": "+965",
                            "country": "KW",
                            "type": "M"
                        }
                    ],
                    "DoiEMailEntity": [
                        {
                            "entityType": "16",
                            "originId": "2111CWS2017_1",
                            "listId": "ORG_GLOBAL/ORG_AE/AE_CORP/REP_EMAIL",
                            "email": "yassin_salddhi@gmail.com",
                            "emailType": "PERS"
                        }
                    ]
                }
            ]
        }
    }
}</con:request>
          <con:originalUri>http://10.4.128.8/api/IMTF/ScreeningLegalPersonModel</con:originalUri>
          <con:credentials>
            <con:username>vendor10-erc</con:username>
            <con:password>P@ssw0rd10</con:password>
            <con:selectedAuthProfile>Basic</con:selectedAuthProfile>
            <con:preemptive>true</con:preemptive>
            <con:addedBasicAuthenticationTypes>Basic</con:addedBasicAuthenticationTypes>
            <con:authType>Preemptive</con:authType>
          </con:credentials>
          <con:jmsConfig JMSDeliveryMode="PERSISTENT"/>
          <con:parameters>
            <con:entry key="Content-Type" value="application/json"/>
          </con:parameters>
          <con:parameterOrder>
            <con:entry>Content-Type</con:entry>
          </con:parameterOrder>
        </con:request>
      </con:method>
    </con:resource>
  </con:resource>
</con:resource>
