<?xml version="1.0" encoding="UTF-8"?>
<con:resource name="UpdateCifStatus" path="/api/BankSmart/UpdateCifStatus" id="82496f12-204a-45bd-9ef2-e36936f727bc" xmlns:xsi="http://www.w3.org/2001/XMLSchema-instance" xmlns:con="http://eviware.com/soapui/config">
  <con:settings>
    <con:setting id="82496f12-204a-45bd-9ef2-e36936f727bcfileName">UpdateCifStatus</con:setting>
  </con:settings>
  <con:parameters/>
  <con:method name="Method 1" id="f867321d-bf4d-4a37-87ea-0649f76b7db9" method="POST">
    <con:settings/>
    <con:parameters>
      <con:parameter required="true">
        <con:name>Content-Type</con:name>
        <con:value/>
        <con:style>HEADER</con:style>
        <con:default/>
      </con:parameter>
      <con:parameter required="true">
        <con:name>Authorization</con:name>
        <con:value/>
        <con:style>HEADER</con:style>
        <con:default/>
      </con:parameter>
    </con:parameters>
    <con:representation type="REQUEST">
      <con:mediaType>application/json</con:mediaType>
      <con:params/>
    </con:representation>
    <con:representation type="FAULT">
      <con:mediaType>application/json; charset=utf-8</con:mediaType>
      <con:status>400</con:status>
      <con:params/>
      <con:element xmlns:upd="https://waqfevendor.gslb.uat.eradahcapital.com/api/BankSmart/UpdateCifStatus">upd:Fault</con:element>
    </con:representation>
    <con:representation type="RESPONSE">
      <con:mediaType>application/json; charset=utf-8</con:mediaType>
      <con:status>200</con:status>
      <con:params/>
      <con:element xmlns:upd="https://waqfevendor.gslb.uat.eradahcapital.com/api/BankSmart/UpdateCifStatus">upd:Response</con:element>
    </con:representation>
    <con:request name="Request 1" id="3d47658e-40be-41d7-9999-330c33d56dd0" mediaType="application/json" postQueryString="false">
      <con:settings>
        <con:setting id="com.eviware.soapui.impl.wsdl.WsdlRequest@request-headers">&lt;xml-fragment/></con:setting>
      </con:settings>
      <con:endpoint>${#Project#pURL}</con:endpoint>
      <con:request>{
  "signOnRq": {
    "logId": "${=java.util.UUID.randomUUID()}",
    "dateTime": "2021-11-30T11:00:13.125Z",
    "channelId": "13",
    "ourBranchId": "03"
  },
  "clientId": "${CreateCorporateCIF#Response#$['content']['clientID']}",
  "status": "D"
}</con:request>
      <con:credentials>
        <con:username>vendor13-erc</con:username>
        <con:password>P@ssw0rd13</con:password>
        <con:selectedAuthProfile>Basic</con:selectedAuthProfile>
        <con:preemptive>true</con:preemptive>
        <con:addedBasicAuthenticationTypes>Basic</con:addedBasicAuthenticationTypes>
        <con:authType>Preemptive</con:authType>
      </con:credentials>
      <con:jmsConfig JMSDeliveryMode="PERSISTENT"/>
      <con:parameters>
        <con:entry key="Authorization" value="Basic dmVuZG9yNS1lcmM6UEBzc3cwcmQ1"/>
        <con:entry key="Content-Type" value="application/json"/>
      </con:parameters>
      <con:parameterOrder>
        <con:entry>Content-Type</con:entry>
        <con:entry>Authorization</con:entry>
      </con:parameterOrder>
    </con:request>
  </con:method>
</con:resource>
