<?xml version="1.0" encoding="UTF-8"?>
<con:resource name="UpdateCorporateClient" path="" id="06b5a555-14a4-4260-9d0e-296e4b8fb5a0" xmlns:xsi="http://www.w3.org/2001/XMLSchema-instance" xmlns:con="http://eviware.com/soapui/config">
  <con:settings>
    <con:setting id="06b5a555-14a4-4260-9d0e-296e4b8fb5a0fileName">UpdateCorporateClient</con:setting>
  </con:settings>
  <con:parameters/>
  <con:resource name="Copy of UpdateCorporateCIF" path="" id="649792cc-9238-4068-a8da-6077112cdb73">
    <con:settings/>
    <con:parameters/>
    <con:resource name="Copy of UpdateCorporateClient" path="/api/BankSmart/UpdateCorporateClient" id="72cf20cc-0815-4dde-95f1-41787b379723">
      <con:settings/>
      <con:parameters/>
      <con:method name="UpdateCorporateClient" id="71d749eb-4c45-40c8-b669-b42444c413e0" method="POST">
        <con:settings/>
        <con:parameters>
          <con:parameter>
            <con:name>Content-Type</con:name>
            <con:value>application/json</con:value>
            <con:style>HEADER</con:style>
            <con:default/>
            <con:path xsi:nil="true"/>
            <con:description xsi:nil="true"/>
          </con:parameter>
        </con:parameters>
        <con:representation type="FAULT">
          <con:mediaType xsi:nil="true"/>
          <con:status>401 500</con:status>
          <con:params/>
          <con:element>data</con:element>
        </con:representation>
        <con:representation type="REQUEST">
          <con:mediaType>application/json</con:mediaType>
          <con:params/>
        </con:representation>
        <con:representation type="RESPONSE">
          <con:mediaType>application/json; charset=utf-8</con:mediaType>
          <con:status>200</con:status>
          <con:params/>
          <con:element xmlns:upd="http://10.4.128.8/api/BankSmart/UpdateCorporateClient">upd:Response</con:element>
        </con:representation>
        <con:representation type="FAULT">
          <con:mediaType>application/json; charset=utf-8</con:mediaType>
          <con:status>400</con:status>
          <con:params/>
          <con:element xmlns:upd="http://10.4.128.8/api/BankSmart/UpdateCorporateClient">upd:Fault</con:element>
        </con:representation>
        <con:representation type="FAULT">
          <con:mediaType>application/problem+json; charset=utf-8</con:mediaType>
          <con:status>400</con:status>
          <con:params/>
          <con:element xmlns:upd="http://10.4.128.8/api/BankSmart/UpdateCorporateClient">upd:Fault</con:element>
        </con:representation>
        <con:representation type="FAULT">
          <con:mediaType>application/json</con:mediaType>
          <con:status>400</con:status>
          <con:params/>
          <con:element xmlns:upd="http://10.4.128.8/api/BankSmart/UpdateCorporateClient">upd:Fault</con:element>
        </con:representation>
        <con:representation type="FAULT">
          <con:mediaType>text/html;charset=utf-8</con:mediaType>
          <con:status>403</con:status>
          <con:params/>
          <con:element>html</con:element>
        </con:representation>
        <con:request name="Update Corporate CIF" id="1bb55f0f-7866-4261-8aba-74b5f7e0dd63" mediaType="application/json" postQueryString="false">
          <con:settings>
            <con:setting id="com.eviware.soapui.impl.wsdl.WsdlRequest@request-headers">&lt;xml-fragment/></con:setting>
          </con:settings>
          <con:endpoint>http://${#Project#pURL}</con:endpoint>
          <con:request>{\r
\r
	"SignOnRq": {\r
		"LogId": "e0ccbe1a-dfdd-4753-a4c7-acc6fb0665e3",\r
		"DateTime": "2019-03-06",\r
		"ChannelId": "5",\r
		"OurBranchId": "01"\r
	},\r
	"Cust": {\r
		"ClientID": "000000287",\r
		"GroupCode": "GRE",\r
		"RManager": "fahad",\r
		"RiskProfile": "Low",\r
		"EntityNameCorp": "abc ",\r
		"EntityTypeCorp": "FOC",\r
		"YearofestablishmentCorp": "2019-03-06",\r
		"RegisteredAddressCorp": "abc",\r
		"ContactName1Corp": "Fahad",\r
		"ContactID1Corp": "abc",\r
		"IDTypeCorp": "DLL",\r
		"Address1Corp": "abc",\r
		"PhoneNumberCorp": "134234",\r
		"AlternatePhonenumberCorp": null,\r
		"EmailIDCorp": "fahad_Ali1003@hotmail.com",\r
		"ContactName2Corp": "",\r
		"ContactID2Corp": "",\r
		"IDType2": "",\r
		"Address2Corp": "",\r
		"PhoneNumber2Corp": null,\r
		"AlternatePhonenumber2Corp": null,\r
		"EmailID2Corp": "",\r
		"BusinessActivity": "0111",\r
		"SICCodesCorp": "110",\r
		"IndustryCorp": "MFT",\r
		"PresenceinCISCountryCorp": "Y",\r
		"DealingwithCISCountryCorp": "Y",\r
		"TradeLicenseNumberCorp": "777701777",\r
		"CountryofIncorporationCorp": "UAE",\r
		"TradeLicenseIssuedateCorp": "2019-03-06",\r
		"TradeLicenseExpirydateCorp": "2022-03-06",\r
		"TradeLicenseIssuanceAuthorityCorp": "abc",\r
		"TRNNoCorp": "",\r
		"PEPCorp": "Y",\r
		"BlackListCorp": "Y",\r
		"KYCReviewDateCorp": "2019-03-06",\r
		"FATCARelevantCorp": "Y",\r
		"CRSRelevantCorp": "Y",\r
		"USAEntityCorp": "Y",\r
		"FFICorp": "Y",\r
		"FFICategoryCorp": null,\r
		"GIINNoCorp": "",\r
		"GIINNACorp": "",\r
		"SponsorNameCorp": "",\r
		"SponsorGIIN": "",\r
		"NFFECorp": null,\r
		"StockExchangeCorp": "",\r
		"TradingSymbolCorp": "",\r
		"USAORUAECorp": "Y",\r
		"TINAvailableCorp": "",\r
		"TinNo1Corp": "1",\r
		"TaxCountry1Corp": "",\r
		"TinNo2Corp": "",\r
		"TaxCountry2Corp": "",\r
		"TinNo3Corp": "",\r
		"TaxCountry3Corp": "",\r
		"TinNo4Corp": "",\r
		"TaxCountry4Corp": "",\r
		"TinNo5Corp": "",\r
		"TaxCountry5Corp": "",\r
		"FATCANoReasonCorp": "Reason B",\r
		"ReasonBCorp": "",\r
		"CompanyWebsite": "",\r
		"CompCashIntensive": "Y",\r
		"PubLimCompCorp": "Y",\r
		"RegAddCountryCorp": "UAE",\r
		"REGADDSTATECORP": "DAU",\r
		"RegAddCityCorp": "DBX",\r
		"Add1CountryCorp": "UAE",\r
		"Add1StateCorp": "DAU",\r
		"Add1CityCorp": "DBX",\r
		"Add2CountryCorp": "",\r
		"Add2StateCorp": "",\r
		"Add2CityCorp": "",\r
		"VATRegistered":null\r
	}\r
}</con:request>
          <con:credentials>
            <con:selectedAuthProfile>Basic</con:selectedAuthProfile>
            <con:addedBasicAuthenticationTypes>Basic</con:addedBasicAuthenticationTypes>
            <con:authType>Global HTTP Settings</con:authType>
          </con:credentials>
          <con:jmsConfig JMSDeliveryMode="PERSISTENT"/>
          <con:parameters>
            <con:entry key="Content-Type" value="application/json"/>
          </con:parameters>
          <con:parameterOrder>
            <con:entry>Content-Type</con:entry>
          </con:parameterOrder>
        </con:request>
      </con:method>
    </con:resource>
  </con:resource>
</con:resource>
