<?xml version="1.0" encoding="UTF-8"?>
<con:testCase id="0091c05d-b369-4ec6-a398-b27cdb19a016" discardOkResults="false" failOnError="false" failTestCaseOnErrors="true" keepSession="false" name="CIF" searchProperties="true" timeout="0" wsrmEnabled="false" wsrmVersion="1.0" wsrmAckTo="" amfAuthorisation="false" amfEndpoint="" amfLogin="" amfPassword="" zephyrTestName="" zephyrTestId="" maxResults="0" xmlns:con="http://eviware.com/soapui/config">
  <con:settings>
    <con:setting id="0091c05d-b369-4ec6-a398-b27cdb19a016fileName">CIF</con:setting>
  </con:settings>
  <con:savedRecentRuns>1</con:savedRecentRuns>
  <con:testStep type="groovy" name="Groovy Script" id="501ca87d-fee2-467f-85f9-8448f6d520da">
    <con:settings/>
    <con:config>
      <script>import groovy.time.TimeCategory
def today = new Date()+2;
tomorrow= today.format("YYYY-MM-dd")</script>
    </con:config>
  </con:testStep>
  <con:testStep type="transfer" name="Property Transfer" id="f41af6e1-14b8-40ff-95ce-abaf35d87094">
    <con:settings/>
    <con:config xsi:type="con:PropertyTransfersStep" xmlns:xsi="http://www.w3.org/2001/XMLSchema-instance">
      <con:transfers setNullOnMissingSource="true" transferTextContent="true" failOnError="true" ignoreEmpty="false" transferToAll="false" entitize="false" transferChildNodes="false">
        <con:name>Date</con:name>
        <con:sourceType>result</con:sourceType>
        <con:sourceStep>Groovy Script</con:sourceStep>
        <con:sourcePath/>
        <con:targetType>Date</con:targetType>
        <con:targetStep>#TestCase#</con:targetStep>
        <con:targetPath/>
        <con:upgraded>true</con:upgraded>
      </con:transfers>
    </con:config>
  </con:testStep>
  <con:testStep type="restrequest" name="CreateCorporateCIF" id="d8fc2871-63ba-4248-bad2-56cc53f91be6">
    <con:settings/>
    <con:config service="http://waqfedev.northeurope.cloudapp.azure.com:2181" resourcePath="/api/BankSmart/CreateCorporateCIF" methodName="CreateCorporateCIF" xsi:type="con:RestRequestStep" xmlns:xsi="http://www.w3.org/2001/XMLSchema-instance">
      <con:restRequest name="CreateCorporateCIF" id="5d62baed-678d-4062-9083-7ab192d5d64e" mediaType="application/json" postQueryString="false">
        <con:settings>
          <con:setting id="com.eviware.soapui.impl.wsdl.WsdlRequest@request-headers">&lt;xml-fragment/></con:setting>
        </con:settings>
        <con:endpoint>${#Project#pURL}</con:endpoint>
        <con:request>{\r
   "signOnRq" : {\r
      "LogId" : "${=java.util.UUID.randomUUID()}",\r
      "DateTime" : "9/8/2019 7:18:34 PM",\r
      "ChannelId" : "10",\r
      "OurBranchId" : "03"\r
   },\r
   "Cust" : {\r
      "Name" : "API HC ${=org.apache.commons.lang.RandomStringUtils.randomAlphabetic(6)}",\r
      "CategoryId" : "Corporate",\r
      "GroupCode" : "LCORP",\r
      "RManager" : "006",\r
      "RiskProfile" : "Low",\r
      "EntityNameCorp" : "Limited Liability Company",\r
      "EntityTypeCorp" : "LLC",\r
      "YearofestablishmentCorp" : "2020/01/08",\r
      "RegisteredAddressCorp" : "Bruj Khalifa ${=org.apache.commons.lang.RandomStringUtils.randomNumeric(3)}",\r
      "ContactName1Corp" : "API_HC_Ahmad Ali Mohamad ${=org.apache.commons.lang.RandomStringUtils.randomNumeric(3)}",\r
      "ContactID1Corp" : "${=org.apache.commons.lang.RandomStringUtils.randomAlphanumeric(10)}",\r
      "IDTypeCorp" : "TLL",\r
      "Address1Corp" : "Bruj Khalifa ${=org.apache.commons.lang.RandomStringUtils.randomNumeric(3)}",\r
      "PhoneNumberCorp" : "${=org.apache.commons.lang.RandomStringUtils.randomNumeric(10)}",\r
      "AlternatePhonenumberCorp" : "${=org.apache.commons.lang.RandomStringUtils.randomNumeric(10)}",\r
      "EmailIDCorp" : "${=org.apache.commons.lang.RandomStringUtils.randomAlphanumeric(10)}@eradahcapital.com",\r
      "ContactName2Corp" : "",\r
      "ContactID2Corp" : "",\r
      "IDType2" : "",\r
      "Address2Corp" : "",\r
      "PhoneNumber2Corp" : "",\r
      "AlternatePhonenumber2Corp" : "",\r
      "EmailID2Corp" : "",\r
      "BusinessActivity" : "0111",\r
      "SICCodesCorp" : "0112",\r
      "IndustryCorp" : "MFT",\r
      "PresenceinCISCountryCorp" : "Y",\r
      "DealingwithCISCountryCorp" : "Y",\r
      "TradeLicenseNumberCorp" : "${=org.apache.commons.lang.RandomStringUtils.randomAlphanumeric(10)}",\r
      "CountryofIncorporationCorp" : "ARE",\r
      "TradeLicenseIssuedateCorp" : "2020/03/12",\r
      "TradeLicenseExpirydateCorp" : "2022/03/06",\r
      "TradeLicenseIssuanceAuthorityCorp" : "Dubai",\r
      "TRNNoCorp" : "0090909",\r
      "PEPCorp" : "N",\r
      "BlackListCorp" : "N",\r
      "KYCReviewDateCorp" : "2022-12-31",\r
      "FATCARelevantCorp" : "N",\r
      "CRSRelevantCorp" : "N",\r
      "USAEntityCorp" : "SUP",\r
      "FFICorp" : "N",\r
      "FFICategoryCorp" : "PFI",\r
      "GIINNoCorp" : "${=org.apache.commons.lang.RandomStringUtils.randomNumeric(9)}",\r
      "GIINNACorp" : "001",\r
      "SponsorNameCorp" : "API_HC_${=org.apache.commons.lang.RandomStringUtils.randomAlphabetic(9)}",\r
      "SponsorGIIN" : "${=org.apache.commons.lang.RandomStringUtils.randomAlphabetic(9)}",\r
      "NFFECorp" : "005",\r
      "StockExchangeCorp" : "${=org.apache.commons.lang.RandomStringUtils.randomAlphabetic(9)}",\r
      "TradingSymbolCorp" : "${=org.apache.commons.lang.RandomStringUtils.randomAlphabetic(9)}",\r
      "USAORUAECorp" : "N",\r
      "TINAvailableCorp" : "Y",\r
      "TinNo1Corp" : "1",\r
      "TaxCountry1Corp" : "ARE",\r
      "TinNo2Corp" : "1",\r
      "TaxCountry2Corp" : "ARE",\r
      "TinNo3Corp" : "1",\r
      "TaxCountry3Corp" : "ARE",\r
      "TinNo4Corp" : "1",\r
      "TaxCountry4Corp" : "ARE",\r
      "TinNo5Corp" : "1",\r
      "TaxCountry5Corp" : "ARE",\r
      "FATCANoReasonCorp" : "Reason A",\r
      "ReasonBCorp" : "${=org.apache.commons.lang.RandomStringUtils.randomAlphabetic(9)}",\r
      "CompanyWebsite" : "${=org.apache.commons.lang.RandomStringUtils.randomAlphanumeric(10)}@eradahcapital.com",\r
      "CompCashIntensive" : "Y",\r
      "PubLimCompCorp" : "Y",\r
      "RegAddCountryCorp" : "ARE",\r
      "REGADDSTATECORP" : "006",\r
      "RegAddCityCorp" : "00014",\r
      "Add1CountryCorp" : "ARE",\r
      "Add1StateCorp" : "006",\r
      "Add1CityCorp" : "00014",\r
      "Add2CountryCorp" : "ARE",\r
      "Add2StateCorp" : "006",\r
      "Add2CityCorp" : "00014",\r
      "JurEmiratesID" : "001",\r
      "JurTypeID" : "001",\r
      "JurAuthorityID" : "001",\r
      "POBox" : "2344"\r
   },\r
   "ShareHolders" : [\r
      {\r
         "ShareHolderName" : "API_HC_Saif Al Ghurair${=org.apache.commons.lang.RandomStringUtils.randomNumeric(3)}",\r
         "ShareHolderAddress" : "Burj Khalifa${=org.apache.commons.lang.RandomStringUtils.randomNumeric(2)}",\r
         "ShareholderType" : "IND",\r
         "ShareholdersIDtype" : "EID",\r
         "ShareholdersIDNo" : "7841968${=org.apache.commons.lang.RandomStringUtils.randomNumeric(7)}1",\r
         "ShareholdersIDExpirydate" : "2022-12-31",\r
         "CountryofIncorporation" : "ARE",\r
         "BoardMember" : "Y",\r
         "AuthorisedSignatory" : "Y",\r
         "BeneficialOwner" : "Y",\r
         "ResidentNonResident" : "N",\r
         "CountryofResidence" : "ARE",\r
         "OwnershipPercentage" : "100",\r
         "Blacklist" : "N",\r
         "PEP" : "N",\r
         "FATCARelevant" : "N",\r
         "CRSRelevant" : "N",\r
         "USCitizen" : "N",\r
         "AreyouaUSTaxResident" : "N",\r
         "WereyoubornintheUS" : "N",\r
         "USAEntity" : "SUP",\r
         "FFI" : "Y",\r
         "FFICategory" : "PFI",\r
         "GIINNo" : "${=org.apache.commons.lang.RandomStringUtils.randomAlphabetic(3)}",\r
         "GIINNA" : "001",\r
         "SponsorName" : "${=org.apache.commons.lang.RandomStringUtils.randomAlphabetic(3)}",\r
         "SponsorGIIN" : "${=org.apache.commons.lang.RandomStringUtils.randomAlphabetic(3)}",\r
         "NFFE" : "005",\r
         "StockExchange" : "${=org.apache.commons.lang.RandomStringUtils.randomAlphabetic(3)}",\r
         "TradingSymbol" : "${=org.apache.commons.lang.RandomStringUtils.randomAlphabetic(3)}",\r
         "USAORUAE" : "N",\r
         "TINAvailable" : "Y",\r
         "TinNo1" : "1",\r
         "TaxCountry1" : "ARE",\r
         "TinNo2" : "1",\r
         "TaxCountry2" : "ARE",\r
         "TinNo3" : "1",\r
         "TaxCountry3" : "ARE",\r
         "TinNo4" : "1",\r
         "TaxCountry4" : "ARE",\r
         "TinNo5" : "1",\r
         "TaxCountry5" : "ARE",\r
         "FATCANoReason" : "Reason A",\r
         "ReasonB" : "${=org.apache.commons.lang.RandomStringUtils.randomAlphabetic(9)}",\r
         "SHCity" : "00014",\r
         "SHState" : "006",\r
         "SHCountry" : "ARE",\r
         "SHIDIssuanceCountry" : "ARE",\r
         "IDGender" : "M",\r
         "DateOfBirth" : "2001/09/08",\r
         "IDNationality" : "ARE"\r
      }\r
   ],\r
   "Authignatories" : [\r
      {\r
         "AuthorisedsignatoriesName" : "API_HC_Sunny Varkey${=org.apache.commons.lang.RandomStringUtils.randomNumeric(3)}",\r
         "PhoneNumber" : "${=org.apache.commons.lang.RandomStringUtils.randomNumeric(10)}",\r
         "EmailID" : "${=org.apache.commons.lang.RandomStringUtils.randomAlphanumeric(10)}@eradahcapital.com",\r
         "CorrespondenceAddress" : "Burj khlifa ${=org.apache.commons.lang.RandomStringUtils.randomNumeric(3)}",\r
         "AuthorisedsignatoryIDtype1" : "PAS",\r
         "AuthorisedsignatoryIDNumber1" : "${=org.apache.commons.lang.RandomStringUtils.randomAlphanumeric(9)}",\r
         "AuthorisedsignatoryIDExpirydate1" : "2022-12-31",\r
         "AuthorisedsignatoryIDIssueCountry1" : "PAK",\r
         "AuthorisedsignatoryIDtype2" : "EID",\r
         "AuthorisedsignatoryIDNumber2" : "7841968${=org.apache.commons.lang.RandomStringUtils.randomNumeric(7)}1",\r
         "AuthorisedsignatoryIDExpirydate2" : "2022-12-31",\r
         "AuthorisedsignatoryIDIssueCountry2" : "ARE",\r
         "AuthorisedsignatoryVisaIssuedby" : "UAE",\r
         "AuthorisedsignatoryVisaNumber" : "${=org.apache.commons.lang.RandomStringUtils.randomNumeric(8)}",\r
         "AuthorisedsignatoryVisaExpiry" : "2022-05-30 16:53",\r
         "Remarks" : "API${=org.apache.commons.lang.RandomStringUtils.randomAlphabetic(9)}",\r
         "Blacklist" : "N",\r
         "PEP" : "N",\r
         "FATCARelevant" : "N",\r
         "CRSRelevant" : "N",\r
         "AreyouaUSCitizen" : "N",\r
         "AreyouaUSTaxResident" : "N",\r
         "WereyoubornintheUS" : "N",\r
         "USAORUAE" : "N",\r
         "TINAvailable" : "Y",\r
         "TinNo1" : "1",\r
         "TaxCountry1" : "ARE",\r
         "TinNo2" : "1",\r
         "TaxCountry2" : "ARE",\r
         "TinNo3" : "1",\r
         "TaxCountry3" : "ARE",\r
         "TinNo4" : "1",\r
         "TaxCountry4" : "ARE",\r
         "TinNo5" : "1",\r
         "TaxCountry5" : "ARE",\r
         "FATCANoReason" : "Reason A",\r
         "ReasonB" : "${=org.apache.commons.lang.RandomStringUtils.randomAlphabetic(9)}",\r
         "ASCity" : "00014",\r
         "ASState" : "006",\r
         "ASCountry" : "ARE",\r
         "IDGender" : "M",\r
         "DateOfBirth" : "2001/09/08",\r
         "IDNationality" : "PAK",\r
         "GroupID" : "OD312",\r
         "SignUpload" : "${=org.apache.commons.lang.RandomStringUtils.randomAlphabetic(9)}"\r
      }\r
   ],\r
   "BoardDirectors" : [\r
      {\r
         "BoardDirectorName" : "API_HC_Micky Jagtiani${=org.apache.commons.lang.RandomStringUtils.randomNumeric(3)}",\r
         "Designation" : "Director",\r
         "BoardDirectorAddress" : "Dubai${=org.apache.commons.lang.RandomStringUtils.randomNumeric(3)}",\r
         "BoardDirectorIDExpirydate" : "2022/09/08",\r
         "ResidentNonResident" : "N",\r
         "CountryofResidence" : "ARE",\r
         "BoardDirectorIDtype" : "PAS",\r
         "BoardDirectorIDNo" : "${=org.apache.commons.lang.RandomStringUtils.randomAlphanumeric(9)}",\r
         "Blacklist" : "N",\r
         "PEP" : "N",\r
         "FATCARelevant" : "N",\r
         "CRSRelevant" : "N",\r
         "AreyouaUSCitizen" : "N",\r
         "AreyouaUSTaxResident" : "N",\r
         "WereyoubornintheUS" : "N",\r
         "USAORUAE" : "N",\r
         "TINAvailable" : "Y",\r
         "TinNo1" : "1",\r
         "TaxCountry1" : "ARE",\r
         "TinNo2" : "1",\r
         "TaxCountry2" : "ARE",\r
         "TinNo3" : "1",\r
         "TaxCountry3" : "ARE",\r
         "TinNo4" : "1",\r
         "TaxCountry4" : "ARE",\r
         "TinNo5" : "1",\r
         "TaxCountry5" : "ARE",\r
         "FATCANoReason" : "Reason A",\r
         "ReasonB" : "${=org.apache.commons.lang.RandomStringUtils.randomAlphabetic(9)}",\r
         "BDCity" : "00014",\r
         "BDState" : "006",\r
         "BDCountry" : "ARE",\r
         "IDGender" : "M",\r
         "DateOfBirth" : "2001/09/08",\r
         "IDNationality" : "ARE"\r
      }\r
   ],\r
   "BeneficialOwners" : [\r
      {\r
         "BeneficialName" : "API_HC_Faiza${=org.apache.commons.lang.RandomStringUtils.randomNumeric(3)}",\r
         "BeneficialAddress" : "Dubai Mall",\r
         "BeneficialIDNo" : "7841968${=org.apache.commons.lang.RandomStringUtils.randomNumeric(7)}1",\r
         "BeneficialIDExpirydate" : "2022-12-31",\r
         "ResidentNonResident" : "N",\r
         "CountryOfResidence" : "ARE",\r
         "BeneficialIDtype" : "EID",\r
         "Blacklist" : "N",\r
         "PEP" : "N",\r
         "FATCARelevant" : "N",\r
         "CRSRelevant" : "N",\r
         "AreyouaUSCitizen" : "N",\r
         "AreyouaUSTaxResident" : "N",\r
         "WereyoubornintheUS" : "N",\r
         "USAORUAE" : "N",\r
         "TINAvailable" : "Y",\r
         "TinNo1" : "1",\r
         "TaxCountry1" : "ARE",\r
         "TinNo2" : "1",\r
         "TaxCountry2" : "ARE",\r
         "TinNo3" : "1",\r
         "TaxCountry3" : "ARE",\r
         "TinNo4" : "1",\r
         "TaxCountry4" : "ARE",\r
         "TinNo5" : "1",\r
         "TaxCountry5" : "ARE",\r
         "FATCANoReason" : "Reason A",\r
         "ReasonB" : "${=org.apache.commons.lang.RandomStringUtils.randomAlphabetic(5)}",\r
         "BOCity" : "00014",\r
         "BOState" : "006",\r
         "BOCountry" : "ARE",\r
         "IDGender" : "M",\r
         "DateOfBirth" : "2001/09/08",\r
         "IDNationality" : "ARE"\r
      }\r
   ]\r
}</con:request>
        <con:originalUri>http://10.4.128.8/api/BankSmart/CreateCorporateCIF</con:originalUri>
        <con:assertion type="JsonPath Match" id="20c4a139-3b7c-4bb8-ad8a-e36680148a4e" name="JSONPath Match">
          <con:configuration>
            <path>$['status']['statusMessage']</path>
            <content>"Success"</content>
            <allowWildcards>false</allowWildcards>
            <ignoreNamspaceDifferences>false</ignoreNamspaceDifferences>
            <ignoreComments>false</ignoreComments>
          </con:configuration>
        </con:assertion>
        <con:credentials>
          <con:username>vendor10-erc</con:username>
          <con:password>P@ssw0rd10</con:password>
          <con:selectedAuthProfile>Basic</con:selectedAuthProfile>
          <con:preemptive>true</con:preemptive>
          <con:addedBasicAuthenticationTypes>Basic</con:addedBasicAuthenticationTypes>
          <con:authType>Preemptive</con:authType>
        </con:credentials>
        <con:jmsConfig JMSDeliveryMode="PERSISTENT"/>
        <con:parameters>
          <con:entry key="Authorization" value="Basic dmVuZG9yNS1lcmM6UEBzc3cwcmQ1"/>
          <con:entry key="Content-Type" value="application/json"/>
        </con:parameters>
        <con:parameterOrder>
          <con:entry>Content-Type</con:entry>
          <con:entry>Authorization</con:entry>
        </con:parameterOrder>
      </con:restRequest>
    </con:config>
  </con:testStep>
  <con:testStep type="restrequest" name="CreateCorporateAccount" id="b612a9a0-079d-4c89-b76c-7dc5b1396386">
    <con:settings/>
    <con:config service="http://waqfedev.northeurope.cloudapp.azure.com:2181" resourcePath="/api/BankSmart/CreateCorporateAccount" methodName="CreateCorporateAccount" xsi:type="con:RestRequestStep" xmlns:xsi="http://www.w3.org/2001/XMLSchema-instance">
      <con:restRequest name="CreateCorporateAccount" id="b10fce92-1844-4f95-a0b5-faf1e9b9dc48" mediaType="application/json" postQueryString="false">
        <con:settings>
          <con:setting id="com.eviware.soapui.impl.wsdl.WsdlRequest@request-headers">&lt;xml-fragment/></con:setting>
        </con:settings>
        <con:endpoint>${#Project#pURL}</con:endpoint>
        <con:request>{
    "SignOnRq": {
        "LogId": "${=java.util.UUID.randomUUID()}",
        "DateTime": "2019-03-06T00:00:00",
        "ChannelId": "10",
        "OurBranchId": "03"
    },
    "SignatureInstructions": "this is to allow all",
    "Acc": {
        "ClientID": "${CreateCorporateCIF#Response#$['content']['clientID']}",
        "ProductID": "CCAAED",
        "Name": "${CreateCorporateCIF#RawRequest#$['Cust']['Name']}",
        "Address": "${CreateCorporateCIF#RawRequest#$['Cust']['RegisteredAddressCorp']}",
        "CountryID": "ARE",
        "StateID": "006",
        "CityID": "00014",
        "StatementFrequency": "Y",
        "HoldMail": 1,
        "ZakatExemption": 1,
        "ContactPersonName": "${CreateCorporateCIF#RawRequest#$['Cust']['ContactName1Corp']}",
        "Designation": "",
        "Phone1": "${CreateCorporateCIF#RawRequest#$['Cust']['PhoneNumberCorp']}",
        "Phone2": "${CreateCorporateCIF#RawRequest#$['Cust']['AlternatePhonenumberCorp']}",
        "MobileNo": "${=org.apache.commons.lang.RandomStringUtils.randomNumeric(10)}",
        "Fax": "${=org.apache.commons.lang.RandomStringUtils.randomNumeric(10)}",
        "EmailID": "${CreateCorporateCIF#RawRequest#$['Cust']['EmailIDCorp']}",
        "IntroducerAccountNo": "${=org.apache.commons.lang.RandomStringUtils.randomNumeric(10)}",
        "IntroducedBy": "API_HC_${=org.apache.commons.lang.RandomStringUtils.randomNumeric(3)}",
        "IntroducerAddress": "Freser Suite${=org.apache.commons.lang.RandomStringUtils.randomNumeric(2)}",
        "IntroducerCityID": "00014",
        "IntroducerStateID": "006",
        "IntroducerCountryID": "ARE",
        "ModeOfOperation": "Company Mandate",
        "Reminder": "Reminder${=org.apache.commons.lang.RandomStringUtils.randomNumeric(3)}",
        "Notes": "Reminder Notes${=org.apache.commons.lang.RandomStringUtils.randomNumeric(3)}",
        "NatureID": "0101",
        "RelationshipCode": "CAD",
        "AllowCreditTransaction": 0,
        "AllowDebitTransaction": 0,
        "NotServiceCharges": 1,
        "NotStopPaymentCharges": 1,
        "NotChequeBookCharges": 1,
        "TurnOver": "Above 10M",
        "NoOfDrTrx": 1,
        "NoOfCrTrx": 1,
        "DrThresholdLimit": 1,
        "CrThresholdLimit": 1,
        "ProductCash": 1,
        "ProductClearing": 1,
        "ProductCollection": 1,
        "ProductRemittance": 1,
        "ProductCross": 1,
        "ProductOthers": 1,
        "ProductOthersDesc": "API_HC_Remarks${=org.apache.commons.lang.RandomStringUtils.randomNumeric(3)}"
    }
}</con:request>
        <con:originalUri>http://10.4.128.8/api/BankSmart/CreateCorporateAccount</con:originalUri>
        <con:assertion type="JsonPath Match" id="35ba3203-16ff-4c09-a4a9-8bf72514f30c" name="JSONPath Match">
          <con:configuration>
            <path>$['status']['statusMessage']</path>
            <content>"Success"</content>
            <allowWildcards>false</allowWildcards>
            <ignoreNamspaceDifferences>false</ignoreNamspaceDifferences>
            <ignoreComments>false</ignoreComments>
          </con:configuration>
        </con:assertion>
        <con:credentials>
          <con:username>vendor10-erc</con:username>
          <con:password>P@ssw0rd10</con:password>
          <con:selectedAuthProfile>Basic</con:selectedAuthProfile>
          <con:preemptive>true</con:preemptive>
          <con:addedBasicAuthenticationTypes>Basic</con:addedBasicAuthenticationTypes>
          <con:authType>Preemptive</con:authType>
        </con:credentials>
        <con:jmsConfig JMSDeliveryMode="PERSISTENT"/>
        <con:parameters>
          <con:entry key="Authorization" value="Basic dmVuZG9yNS1lcmM6UEBzc3cwcmQ1"/>
          <con:entry key="Content-Type" value="application/json"/>
        </con:parameters>
        <con:parameterOrder>
          <con:entry>Content-Type</con:entry>
          <con:entry>Authorization</con:entry>
        </con:parameterOrder>
      </con:restRequest>
    </con:config>
  </con:testStep>
  <con:testStep type="restrequest" name="ScreeningLegalPersonModel" id="0aeefcdb-b964-4088-ac57-348d9500927b">
    <con:settings/>
    <con:config service="http://waqfedev.northeurope.cloudapp.azure.com:2181" resourcePath="/api/IMTF/ScreeningLegalPersonModel" methodName="ScreeningLegalPersonModel" xsi:type="con:RestRequestStep" xmlns:xsi="http://www.w3.org/2001/XMLSchema-instance">
      <con:restRequest name="ScreeningLegalPersonModel" id="fb269761-0750-49ef-b1ce-71e6da1eb3a1" mediaType="application/json" postQueryString="false">
        <con:settings>
          <con:setting id="com.eviware.soapui.impl.wsdl.WsdlRequest@request-headers">&lt;xml-fragment/></con:setting>
        </con:settings>
        <con:endpoint>${#Project#pURL}</con:endpoint>
        <con:request>{
    "SignOnRq": {
        "LogId": "${=java.util.UUID.randomUUID()}",
        "DateTime": "2019-03-06T00:00:00",
        "ChannelId": "10",
        "OurBranchId": "03"
    },
    "RootObject": {
        "RequestMetaData": {
            "type": "NBK_SCR_CRP",
            "sendTime": "22/01/2020 05:01:32.203714",
            "timeZone": "4",
            "userId": "SYSTEM",
            "requestUid": "${=java.util.UUID.randomUUID()}",
            "orgUnit": "ORG_GLOBAL/ORG_AE/AE_CORP",
            "branchCompanyId": "HAS",
            "branchLocationId": "784101",
            "systemId": "10",
            "serviceId": "NBK_SCR_CRP"
        },
        "RequestDataObject": {
            "DoiPerson": [
                {
                    "entityType": "3001",
                    "originId": "${CreateCorporateCIF#Response#$['content']['clientID']}",
                    "listId": "ORG_GLOBAL/ORG_AE/AE_CORP/CUS",
                    "legalStatus": "L",
                    "lastName": "${CreateCorporateAccount#Response#$['content']['name']}",
                    "activityCode": "${CreateCorporateCIF#RawRequest#$['Cust']['GroupCode']}",
				"businessCode": "${CreateCorporateCIF#RawRequest#$['Cust']['BusinessActivity']}",
                    "startDtg": "1/5/2006 00:00:00.000000",
                    "giin": "5645645",
                    "tin": "546546456",
                    "DoiPersonPhysChar": [
                        {
                            "originId": "${CreateCorporateCIF#Response#$['content']['clientID']}",
                            "listId": "ORG_GLOBAL/ORG_AE/AE_CORP/CUS",
                            "nationality": "ARE"
                        },
                        {
                            "originId": "${CreateCorporateCIF#Response#$['content']['clientID']}_SIC_4",
                            "listId": "ORG_GLOBAL/ORG_AE/AE_CORP/CUS",
                            "businessCode": "${CreateCorporateCIF#RawRequest#$['Cust']['BusinessActivity']}"
                        }
                    ],
                    "DoiIdentificationDocEntity": [
                        {
                            "entityType": "18",
                            "originId": "${CreateCorporateCIF#Response#$['content']['clientID']}_1",
                            "listId": "ORG_GLOBAL/ORG_AE/AE_CORP/CUS_ID",
                            "type": "TLL",
                            "issuingCountry": "ARE",
                            "number": "${CreateCorporateCIF#RawRequest#$['Cust']['TradeLicenseNumberCorp']}",
                            "startDtg": "1/5/2006 00:00:00.000000",
                            "endDtg": "30/4/2020 00:00:00.000000"
                        }
                    ],
                    "DoiLocation": [
                        {
                            "entityType": "21",
                            "originId": "${CreateCorporateCIF#Response#$['content']['clientID']}_2",
                            "listId": "ORG_GLOBAL/ORG_AE/AE_CORP/CUS_ADR",
                            "fullStreetAddress": "${CreateCorporateCIF#RawRequest#$['Cust']['RegisteredAddressCorp']}",
                            "country": "ARE",
                            "addressPurposeId": "001",
                            "city": "Dubai City"
                        }
                    ],
                    "DoiPhoneEntity": [
                        {
                            "entityType": "10",
                            "originId": "${CreateCorporateCIF#Response#$['content']['clientID']}_3",
                            "listId": "ORG_GLOBAL/ORG_AE/AE_CORP/CUS_4N",
                            "number": "${CreateCorporateCIF#RawRequest#$['Cust']['PhoneNumberCorp']}"
                        }
                    ],
                    "DoiEMailEntity": [
                        {
                            "entityType": "16",
                            "originId": "${CreateCorporateCIF#Response#$['content']['clientID']}_5",
                            "listId": "ORG_GLOBAL/ORG_AE/AE_CORP/CUS_EMAIL",
                            "email": "${CreateCorporateCIF#RawRequest#$['Cust']['EmailIDCorp']}"
                        }
                    ],
                    "DoiRelation": [
                        {
                            "entityType": "2000",
                            "originId": "${CreateCorporateCIF#Response#$['content']['clientID']}_REL1",
                            "listId": "ORG_GLOBAL/ORG_AE/AE_CORP/RELAT",
                            "originIdEnd2": "${CreateCorporateCIF#Response#$['content']['clientID']}_Contact",
                            "linkDirection": "0",
                            "description": "API_HC_ContactName",
                            "originIdEnd1": "${CreateCorporateCIF#Response#$['content']['clientID']}"
                        },
                        {
                            "entityType": "2000",
                            "originId": "${CreateCorporateCIF#Response#$['content']['clientID']}_REL2",
                            "listId": "ORG_GLOBAL/ORG_AE/AE_CORP/RELAT",
                            "originIdEnd2": "${CreateCorporateCIF#Response#$['content']['clientID']}_Rep_SH_${CreateCorporateCIF#Response#$['content']['shareHolderID'][0]['id']}",
                            "linkDirection": "0",
                            "linkWeight": "100.00",
                            "description": "API_HC_ShareHolder",
                            "originIdEnd1": "${CreateCorporateCIF#Response#$['content']['clientID']}"
                        },
                        {
                            "entityType": "2000",
                            "originId": "${CreateCorporateCIF#Response#$['content']['clientID']}_REL3",
                            "listId": "ORG_GLOBAL/ORG_AE/AE_CORP/RELAT",
                            "originIdEnd2": "${CreateCorporateCIF#Response#$['content']['clientID']}_Rep_SG_${CreateCorporateCIF#Response#$['content']['authorisedSignatorieID'][0]['id']}",
                            "linkDirection": "0",
                            "description": "API_HC_Authorised Signatories",
                            "originIdEnd1": "${CreateCorporateCIF#Response#$['content']['clientID']}"
                        },
                        {
                            "entityType": "2000",
                            "originId": "${CreateCorporateCIF#Response#$['content']['clientID']}_REL4",
                            "listId": "ORG_GLOBAL/ORG_AE/AE_CORP/RELAT",
                            "originIdEnd2": "${CreateCorporateCIF#Response#$['content']['clientID']}_Rep_BD_${CreateCorporateCIF#Response#$['content']['boardDirectors'][0]['id']}",
                            "linkDirection": "0",
                            "description": "API_HC_Board Director",
                            "originIdEnd1": "${CreateCorporateCIF#Response#$['content']['clientID']}"
                        },
                        {
                            "entityType": "2000",
                            "originId": "${CreateCorporateCIF#Response#$['content']['clientID']}_REL5",
                            "listId": "ORG_GLOBAL/ORG_AE/AE_CORP/RELAT",
                            "originIdEnd2": "${CreateCorporateCIF#Response#$['content']['clientID']}_Rep_BO_${CreateCorporateCIF#Response#$['content']['beneficialOwner'][0]['id']}",
                            "linkDirection": "0",
                            "description": "API_HC_Beneficial Owners",
                            "originIdEnd1": "${CreateCorporateCIF#Response#$['content']['clientID']}"
                        }
                    ],
                    "DoiAccountEntity": [
                        {
                            "entityType": "4",
                            "originId": "${CreateCorporateAccount#Response#$['content']['accountID']}",
                            "listId": "ORG_GLOBAL/ORG_AE/AE_CORP/CUS_ACC",
                            "accountType": "${CreateCorporateAccount#RawRequest#$['Acc']['ProductID']}",
                            "accountNumber": "${CreateCorporateAccount#Response#$['content']['accountID']}",
                            "bankIban": "${CreateCorporateAccount#Response#$['content']['iban']}",
                            "branchCountry": "AE",
                            "status": "InActive",
                            "openingDate": "22/01/2020 05:01:32.644816",
                            "DoiAccountBalance": [
                                {
                                    "originId": "${CreateCorporateAccount#Response#$['content']['accountID']}",
                                    "listId": "ORG_GLOBAL/ORG_AE/AE_CORP/CUS_ACC",
                                    "baseAmountBalance": "0",
                                    "baseCurrency": "AED",
                                    "balanceDate": "22/01/2020 05:01:32.644816"
                                }
                            ]
                        }
                    ],
                    "fullName": "${CreateCorporateAccount#Response#$['content']['name']}",
                    "DoiRisk": [
                        {
                            "originId": "${CreateCorporateCIF#Response#$['content']['clientID']}_BLK",
                            "listId": "ORG_GLOBAL/ORG_AE/AE_CORP/CUS",
                            "riskCategory": "16) Blacklist Flag",
                            "riskSubCategory": "Confirmed Blacklist",
                            "riskScoring": 0
                        },
                        {
                            "originId": "${CreateCorporateCIF#Response#$['content']['clientID']}_PEP",
                            "listId": "ORG_GLOBAL/ORG_AE/AE_CORP/CUS",
                            "riskCategory": "15) PEP Flag",
                            "riskSubCategory": "Confirmed PEP",
                            "riskScoring": 0
                        }
                    ]
                },
                {
                    "entityType": "3001",
                    "originId": "${CreateCorporateCIF#Response#$['content']['clientID']}_Contact",
                    "listId": "ORG_GLOBAL/ORG_AE/AE_CORP/REP",
                    "legalStatus": "L",
                    "DoiRelation": [],
                    "fullName": "${CreateCorporateAccount#Response#$['content']['name']}"
                },
                {
                    "entityType": "3001",
                    "originId": "${CreateCorporateCIF#Response#$['content']['clientID']}_Rep_SH_${CreateCorporateCIF#Response#$['content']['shareHolderID'][0]['id']}",
                    "listId": "ORG_GLOBAL/ORG_AE/AE_CORP/REP",
                    "legalStatus": "N",
                    "tin": "",
                    "DoiIdentificationDocEntity": [
                        {
                            "entityType": "18",
                            "originId": "${CreateCorporateCIF#Response#$['content']['clientID']}_Rep_SH_${CreateCorporateCIF#Response#$['content']['shareHolderID'][0]['id']}",
                            "listId": "ORG_GLOBAL/ORG_AE/AE_CORP/REP_ID",
                            "type": "EID",
                            "issuingCountry": "ARE",
                            "number": "${CreateCorporateCIF#RawRequest#$['ShareHolders'][0]['ShareholdersIDNo']}",
                            "endDtg": "27/02/2022 00: 02:00.000000"
                        }
                    ],
                    "DoiRelation": [],
                    "fullName": "${CreateCorporateCIF#Response#$['content']['shareHolderID'][0]['name']}",
                    "dob": "08/09/1975 00:00:00.000000"
                },
                {
                    "entityType": "3001",
                    "originId": "${CreateCorporateCIF#Response#$['content']['clientID']}_Rep_SG_${CreateCorporateCIF#Response#$['content']['authorisedSignatorieID'][0]['id']}",
                    "listId": "ORG_GLOBAL/ORG_AE/AE_CORP/REP",
                    "legalStatus": "N",
                    "tin": "",
                    "DoiIdentificationDocEntity": [
                        {
                            "entityType": "18",
                            "originId": "${CreateCorporateCIF#Response#$['content']['clientID']}_Rep_SG_${CreateCorporateCIF#Response#$['content']['authorisedSignatorieID'][0]['id']}",
                            "listId": "ORG_GLOBAL/ORG_AE/AE_CORP/REP_ID",
                            "type": "PAS",
                            "issuingCountry": "ARE",
                            "number": "${CreateCorporateCIF#RawRequest#$['Authignatories'][0]['AuthorisedsignatoryIDNumber1']}",
                            "endDtg": "04/12/2022 00: 12:00.000000"
                        }
                    ],
                    "DoiPhoneEntity": [
                        {
                            "entityType": "10",
                            "originId": "${CreateCorporateCIF#Response#$['content']['clientID']}_Rep_SG_${CreateCorporateCIF#Response#$['content']['authorisedSignatorieID'][0]['id']}",
                            "listId": "ORG_GLOBAL/ORG_AE/AE_CORP/REP_4N",
                            "number": "${CreateCorporateCIF#RawRequest#$['Authignatories'][0]['PhoneNumber']}"
                        }
                    ],
                    "DoiEMailEntity": [
                        {
                            "entityType": "16",
                            "originId": "${CreateCorporateCIF#Response#$['content']['clientID']}_Rep_SG_${CreateCorporateCIF#Response#$['content']['authorisedSignatorieID'][0]['id']}",
                            "listId": "ORG_GLOBAL/ORG_AE/AE_CORP/REP_EMAIL",
                            "email": "${CreateCorporateCIF#RawRequest#$['Authignatories'][0]['EmailID']}"
                        }
                    ],
                    "DoiRelation": [],
                    "fullName": "${CreateCorporateCIF#Response#$['content']['authorisedSignatorieID'][0]['name']}",
                    "dob": "08/09/1975 00:00:00.000000"
                },
                {
                    "entityType": "3001",
                    "originId": "${CreateCorporateCIF#Response#$['content']['clientID']}_Rep_BD_${CreateCorporateCIF#Response#$['content']['boardDirectors'][0]['id']}",
                    "listId": "ORG_GLOBAL/ORG_AE/AE_CORP/REP",
                    "legalStatus": "N",
                    "tin": "",
                    "DoiIdentificationDocEntity": [
                        {
                            "entityType": "18",
                            "originId": "${CreateCorporateCIF#Response#$['content']['clientID']}_Rep_BD_${CreateCorporateCIF#Response#$['content']['boardDirectors'][0]['id']}",
                            "listId": "ORG_GLOBAL/ORG_AE/AE_CORP/REP_ID",
                            "type": "PAS",
                            "issuingCountry": "ARE",
                            "number": "${CreateCorporateCIF#RawRequest#$['BoardDirectors'][0]['BoardDirectorIDNo']}",
                            "endDtg": "27/02/2021 00:02:00.000000"
                        }
                    ],
                    "DoiLocation": [
                        {
                            "entityType": "21",
                            "originId": "${CreateCorporateCIF#Response#$['content']['clientID']}_Rep_BD_${CreateCorporateCIF#Response#$['content']['boardDirectors'][0]['id']}",
                            "listId": "ORG_GLOBAL/ORG_AE/AE_CORP/REP_ADR",
                            "country": "ARE"
                        }
                    ],
                    "DoiRelation": [],
                    "fullName": "${CreateCorporateCIF#Response#$['content']['boardDirectors'][0]['name']}",
                    "dob": "08/09/1975 00:02:00.000000"
                },
				{
                    "entityType": "3001",
                    "originId": "${CreateCorporateCIF#Response#$['content']['clientID']}_Rep_BO_${CreateCorporateCIF#Response#$['content']['boardDirectors'][0]['id']}",
                    "listId": "ORG_GLOBAL/ORG_AE/AE_CORP/REP",
                    "legalStatus": "N",
                    "tin": "",
                    "DoiIdentificationDocEntity": [
                        {
                            "entityType": "18",
                            "originId": "${CreateCorporateCIF#Response#$['content']['clientID']}_Rep_BO_${CreateCorporateCIF#Response#$['content']['beneficialOwner'][0]['id']}",
                            "listId": "ORG_GLOBAL/ORG_AE/AE_CORP/REP_ID",
                            "type": "EID",
                            "issuingCountry": "ARE",
                            "number": "${CreateCorporateCIF#RawRequest#$['BeneficialOwners'][0]['BeneficialIDNo']}",
                            "endDtg": "27/02/2022 00:02:00.000000"
                        }
                    ],
                    "DoiLocation": [
                        {
                            "entityType": "21",
                            "originId": "${CreateCorporateCIF#Response#$['content']['clientID']}_Rep_BO_${CreateCorporateCIF#Response#$['content']['beneficialOwner'][0]['id']}",
                            "listId": "ORG_GLOBAL/ORG_AE/AE_CORP/REP_ADR",
                            "country": "ARE"
                        }
                    ],
                    "DoiRelation": [],
                    "fullName": "${CreateCorporateCIF#RawRequest#$['BoardDirectors'][0]['BoardDirectorName']}",
                    "dob": "08/09/1975 00:02:00.000000"
                }
            ]
        }
    }
}</con:request>
        <con:originalUri>http://10.4.128.8/api/IMTF/ScreeningLegalPersonModel</con:originalUri>
        <con:assertion type="Valid HTTP Status Codes" id="955bb9ab-4478-430f-b478-d9455ef22803" name="Valid HTTP Status Codes">
          <con:settings/>
          <con:configuration>
            <codes>200</codes>
          </con:configuration>
        </con:assertion>
        <con:credentials>
          <con:username>vendor10-erc</con:username>
          <con:password>P@ssw0rd10</con:password>
          <con:selectedAuthProfile>Basic</con:selectedAuthProfile>
          <con:preemptive>true</con:preemptive>
          <con:addedBasicAuthenticationTypes>Basic</con:addedBasicAuthenticationTypes>
          <con:authType>Preemptive</con:authType>
        </con:credentials>
        <con:jmsConfig JMSDeliveryMode="PERSISTENT"/>
        <con:parameters>
          <con:entry key="Content-Type" value="application/json"/>
        </con:parameters>
        <con:parameterOrder>
          <con:entry>Content-Type</con:entry>
        </con:parameterOrder>
      </con:restRequest>
    </con:config>
  </con:testStep>
  <con:testStep type="restrequest" name="UpdateAccountStatus" id="c8ff67fc-1436-430a-bb51-0b2b13559bc9">
    <con:settings/>
    <con:config service="http://waqfedev.northeurope.cloudapp.azure.com:2181" resourcePath="/api/BankSmart/UpdateAccountStatus" methodName="UpdateAccountStatus" xsi:type="con:RestRequestStep" xmlns:xsi="http://www.w3.org/2001/XMLSchema-instance">
      <con:restRequest name="UpdateAccountStatus" id="c9f0e968-f1a1-43af-b948-6c364c153869" mediaType="application/json" postQueryString="false">
        <con:settings>
          <con:setting id="com.eviware.soapui.impl.wsdl.WsdlRequest@request-headers">&lt;xml-fragment/></con:setting>
        </con:settings>
        <con:endpoint>${#Project#pURL}</con:endpoint>
        <con:request>{
                 "signOnRq":{ 
                "LogId": "${=java.util.UUID.randomUUID()}",
                  "DateTime":"2019-09-03T00:00:00",
                  "ChannelId":"10",
                 "OurBranchId":"03"},
				"AccountID":"${CreateCorporateAccount#Response#$['content']['accountID']}",
				"Status":""
     }</con:request>
        <con:originalUri>http://10.4.128.8/api/BankSmart/UpdateAccountStatus</con:originalUri>
        <con:assertion type="JsonPath Match" id="6872b6af-c509-47e1-9729-c42061c1a61c" name="JSONPath Match">
          <con:configuration>
            <path>$['status']['statusMessage']</path>
            <content>"Success"</content>
            <allowWildcards>false</allowWildcards>
            <ignoreNamspaceDifferences>false</ignoreNamspaceDifferences>
            <ignoreComments>false</ignoreComments>
          </con:configuration>
        </con:assertion>
        <con:credentials>
          <con:username>vendor10-erc</con:username>
          <con:password>P@ssw0rd10</con:password>
          <con:selectedAuthProfile>Basic</con:selectedAuthProfile>
          <con:preemptive>true</con:preemptive>
          <con:addedBasicAuthenticationTypes>Basic</con:addedBasicAuthenticationTypes>
          <con:authType>Preemptive</con:authType>
        </con:credentials>
        <con:jmsConfig JMSDeliveryMode="PERSISTENT"/>
        <con:parameters>
          <con:entry key="Authorization" value="Basic dmVuZG9yNS1lcmM6UEBzc3cwcmQ1"/>
          <con:entry key="Content-Type" value="application/json"/>
        </con:parameters>
        <con:parameterOrder>
          <con:entry>Content-Type</con:entry>
          <con:entry>Authorization</con:entry>
        </con:parameterOrder>
      </con:restRequest>
    </con:config>
  </con:testStep>
  <con:testStep type="restrequest" name="CIFSearch" id="a60c311b-e51c-4487-a99d-103fecf2c15f">
    <con:settings/>
    <con:config service="http://waqfedev.northeurope.cloudapp.azure.com:2181" resourcePath="/api/BankSmart/CIFSearch" methodName="CIFSearch" xsi:type="con:RestRequestStep" xmlns:xsi="http://www.w3.org/2001/XMLSchema-instance">
      <con:restRequest name="CIFSearch" id="800ad5a5-ea80-4220-aeb1-f8ef2c640632" mediaType="application/json" postQueryString="false">
        <con:settings>
          <con:setting id="com.eviware.soapui.impl.wsdl.WsdlRequest@request-headers">&lt;xml-fragment/></con:setting>
        </con:settings>
        <con:endpoint>${#Project#pURL}</con:endpoint>
        <con:request>{
	"SignOnRq":{
		"LogId": "${=java.util.UUID.randomUUID()}",
		"DateTime": "2018-06-25 18:16:23",
		"ChannelId": "2",
		"OurBranchId": "03"
	},
	"ClientID": "${CreateCorporateCIF#Response#$['content']['clientID']}",
	"IDNo": "",
	"Name": "",
	"PhoneNo": "",
	"MobileNo": "",
	"EmailID": "",
	"CIBCode": "",
	"RelationshipDeptID": "",
	"GroupID": ""
}</con:request>
        <con:originalUri>http://waqfedev.northeurope.cloudapp.azure.com/api/BankSmart/CIFSearch</con:originalUri>
        <con:assertion type="Simple Contains" id="cf3423d2-fcd3-4184-8884-956e98eb9733" name="Contains">
          <con:configuration>
            <token>Success</token>
            <ignoreCase>false</ignoreCase>
            <useRegEx>false</useRegEx>
          </con:configuration>
        </con:assertion>
        <con:assertion type="JsonPath Match" id="e5e38de0-9b18-46e0-af2f-76bc4c8103fe" name="JSONPath Match">
          <con:configuration>
            <path>$['status']['statusMessage']</path>
            <content>Success</content>
            <allowWildcards>false</allowWildcards>
            <ignoreNamspaceDifferences>false</ignoreNamspaceDifferences>
            <ignoreComments>false</ignoreComments>
          </con:configuration>
        </con:assertion>
        <con:assertion type="JsonPath Existence Match" id="66fa52d1-132e-40e5-a6ad-639d8191c9e8" name="JSONPath Existence Match">
          <con:configuration>
            <path>$['content']['clients'][0]['clientId']</path>
            <content>true</content>
            <allowWildcards>false</allowWildcards>
            <ignoreNamspaceDifferences>false</ignoreNamspaceDifferences>
            <ignoreComments>false</ignoreComments>
          </con:configuration>
        </con:assertion>
        <con:assertion type="MessageContentAssertion" id="c2624ebe-fa97-473f-8a01-f1ac42c8feba" name="Message Content Assertion">
          <con:configuration xsi:type="con:MessageContentAssertion">
            <con:elements>
              <con:xpath>declare namespace ns1='http://waqfedev.northeurope.cloudapp.azure.com/api/BankSmart/CIFSearch';
//ns1:Response[1]/ns1:requestDateTime[1]</con:xpath>
              <con:element>requestDateTime</con:element>
              <con:type xsi:nil="true"/>
              <con:operator>=</con:operator>
              <con:enabled>true</con:enabled>
              <con:expectedValue>2018-06-25T18:16:23</con:expectedValue>
              <con:hasValue>false</con:hasValue>
              <con:numberType>false</con:numberType>
            </con:elements>
            <con:elements>
              <con:xpath>declare namespace ns1='http://waqfedev.northeurope.cloudapp.azure.com/api/BankSmart/CIFSearch';
//ns1:Response[1]/ns1:logId[1]</con:xpath>
              <con:element>logId</con:element>
              <con:type xsi:nil="true"/>
              <con:operator>=</con:operator>
              <con:enabled>false</con:enabled>
              <con:expectedValue>f5ac7cd2-2a89-470a-9f14-252d9f67f225</con:expectedValue>
              <con:hasValue>false</con:hasValue>
              <con:numberType>false</con:numberType>
            </con:elements>
            <con:elements>
              <con:xpath>declare namespace ns1='http://waqfedev.northeurope.cloudapp.azure.com/api/BankSmart/CIFSearch';
//ns1:Response[1]/ns1:status[1]/ns1:code[1]</con:xpath>
              <con:element>code</con:element>
              <con:type xsi:nil="true"/>
              <con:operator>=</con:operator>
              <con:enabled>true</con:enabled>
              <con:expectedValue>MSG-000000</con:expectedValue>
              <con:hasValue>false</con:hasValue>
              <con:numberType>false</con:numberType>
            </con:elements>
            <con:elements>
              <con:xpath>declare namespace ns1='http://waqfedev.northeurope.cloudapp.azure.com/api/BankSmart/CIFSearch';
//ns1:Response[1]/ns1:status[1]/ns1:severity[1]</con:xpath>
              <con:element>severity</con:element>
              <con:type xsi:nil="true"/>
              <con:operator>=</con:operator>
              <con:enabled>true</con:enabled>
              <con:expectedValue>Success</con:expectedValue>
              <con:hasValue>false</con:hasValue>
              <con:numberType>false</con:numberType>
            </con:elements>
            <con:elements>
              <con:xpath>declare namespace ns1='http://waqfedev.northeurope.cloudapp.azure.com/api/BankSmart/CIFSearch';
//ns1:Response[1]/ns1:status[1]/ns1:statusMessage[1]</con:xpath>
              <con:element>statusMessage</con:element>
              <con:type xsi:nil="true"/>
              <con:operator>=</con:operator>
              <con:enabled>true</con:enabled>
              <con:expectedValue>Success</con:expectedValue>
              <con:hasValue>false</con:hasValue>
              <con:numberType>false</con:numberType>
            </con:elements>
            <con:elements>
              <con:xpath>declare namespace ns1='http://waqfedev.northeurope.cloudapp.azure.com/api/BankSmart/CIFSearch';
//ns1:Response[1]/ns1:content[1]/ns1:clients[1]/ns1:e[1]/ns1:clientId[1]</con:xpath>
              <con:element>clientId</con:element>
              <con:type xsi:nil="true"/>
              <con:operator>exists</con:operator>
              <con:enabled>true</con:enabled>
              <con:expectedValue>000000018</con:expectedValue>
              <con:hasValue>false</con:hasValue>
              <con:numberType>false</con:numberType>
            </con:elements>
            <con:elements>
              <con:xpath>declare namespace ns1='http://waqfedev.northeurope.cloudapp.azure.com/api/BankSmart/CIFSearch';
//ns1:Response[1]/ns1:content[1]/ns1:clients[1]/ns1:e[1]/ns1:name[1]</con:xpath>
              <con:element>name</con:element>
              <con:type xsi:nil="true"/>
              <con:operator>=</con:operator>
              <con:enabled>false</con:enabled>
              <con:expectedValue>DR</con:expectedValue>
              <con:hasValue>false</con:hasValue>
              <con:numberType>false</con:numberType>
            </con:elements>
            <con:elements>
              <con:xpath>declare namespace ns1='http://waqfedev.northeurope.cloudapp.azure.com/api/BankSmart/CIFSearch';
//ns1:Response[1]/ns1:content[1]/ns1:clients[1]/ns1:e[1]/ns1:tradeLicenseNo[1]</con:xpath>
              <con:element>tradeLicenseNo</con:element>
              <con:type xsi:nil="true"/>
              <con:operator>exists</con:operator>
              <con:enabled>true</con:enabled>
              <con:expectedValue xsi:nil="true"/>
              <con:hasValue>false</con:hasValue>
              <con:numberType>false</con:numberType>
            </con:elements>
            <con:elements>
              <con:xpath>declare namespace ns1='http://waqfedev.northeurope.cloudapp.azure.com/api/BankSmart/CIFSearch';
//ns1:Response[1]/ns1:content[1]/ns1:clients[1]/ns1:e[1]/ns1:tradeLicenseNo[1]/@null</con:xpath>
              <con:element>@null</con:element>
              <con:type/>
              <con:operator>=</con:operator>
              <con:enabled>false</con:enabled>
              <con:expectedValue>true</con:expectedValue>
              <con:hasValue>false</con:hasValue>
              <con:numberType>false</con:numberType>
            </con:elements>
            <con:elements>
              <con:xpath>declare namespace ns1='http://waqfedev.northeurope.cloudapp.azure.com/api/BankSmart/CIFSearch';
//ns1:Response[1]/ns1:content[1]/ns1:clients[1]/ns1:e[1]/ns1:assignedRM[1]</con:xpath>
              <con:element>assignedRM</con:element>
              <con:type xsi:nil="true"/>
              <con:operator>exists</con:operator>
              <con:enabled>true</con:enabled>
              <con:expectedValue xsi:nil="true"/>
              <con:hasValue>false</con:hasValue>
              <con:numberType>false</con:numberType>
            </con:elements>
            <con:elements>
              <con:xpath>declare namespace ns1='http://waqfedev.northeurope.cloudapp.azure.com/api/BankSmart/CIFSearch';
//ns1:Response[1]/ns1:content[1]/ns1:clients[1]/ns1:e[1]/ns1:companyType[1]</con:xpath>
              <con:element>companyType</con:element>
              <con:type xsi:nil="true"/>
              <con:operator>exists</con:operator>
              <con:enabled>true</con:enabled>
              <con:expectedValue xsi:nil="true"/>
              <con:hasValue>false</con:hasValue>
              <con:numberType>false</con:numberType>
            </con:elements>
            <con:elements>
              <con:xpath>declare namespace ns1='http://waqfedev.northeurope.cloudapp.azure.com/api/BankSmart/CIFSearch';
//ns1:Response[1]/ns1:content[1]/ns1:clients[1]/ns1:e[1]/ns1:companyType[1]/@null</con:xpath>
              <con:element>@null</con:element>
              <con:type/>
              <con:operator>=</con:operator>
              <con:enabled>false</con:enabled>
              <con:expectedValue>true</con:expectedValue>
              <con:hasValue>false</con:hasValue>
              <con:numberType>false</con:numberType>
            </con:elements>
            <con:originalMessage><![CDATA[<Response xmlns="http://waqfedev.northeurope.cloudapp.azure.com/api/BankSmart/CIFSearch">
   <requestDateTime>2018-06-25T18:16:23</requestDateTime>
   <logId>f5ac7cd2-2a89-470a-9f14-252d9f67f225</logId>
   <status>
      <code>MSG-000000</code>
      <severity>Success</severity>
      <statusMessage>Success</statusMessage>
   </status>
   <content>
      <clients>
         <e>
            <clientId>000000018</clientId>
            <name>DR</name>
            <tradeLicenseNo null="true"/>
            <assignedRM/>
            <companyType null="true"/>
         </e>
      </clients>
   </content>
</Response>]]></con:originalMessage>
          </con:configuration>
        </con:assertion>
        <con:credentials>
          <con:username>vendor2-erc</con:username>
          <con:password>aA1!asdf</con:password>
          <con:selectedAuthProfile>Basic</con:selectedAuthProfile>
          <con:preemptive>true</con:preemptive>
          <con:addedBasicAuthenticationTypes>Basic</con:addedBasicAuthenticationTypes>
          <con:authType>Preemptive</con:authType>
        </con:credentials>
        <con:jmsConfig JMSDeliveryMode="PERSISTENT"/>
        <con:parameters>
          <con:entry key="Content-Type" value="${DataSource#Content-Type}"/>
        </con:parameters>
        <con:parameterOrder>
          <con:entry>Content-Type</con:entry>
        </con:parameterOrder>
      </con:restRequest>
    </con:config>
  </con:testStep>
  <con:testStep type="restrequest" name="FacilityCreate" id="78ea97ea-7f9f-40e4-b840-8f84490227c2">
    <con:settings/>
    <con:config service="http://waqfedev.northeurope.cloudapp.azure.com:2181" resourcePath="/api/BankSmart/FacilityCreate" methodName="FacilityCreate" xsi:type="con:RestRequestStep" xmlns:xsi="http://www.w3.org/2001/XMLSchema-instance">
      <con:restRequest name="FacilityCreate" id="2a852ba6-ada1-45bb-b33e-408f221f2733" mediaType="application/json" postQueryString="false">
        <con:settings>
          <con:setting id="com.eviware.soapui.impl.wsdl.WsdlRequest@request-headers">&lt;xml-fragment/></con:setting>
        </con:settings>
        <con:endpoint>${#Project#pURL}</con:endpoint>
        <con:request>{
    "SignOnRq": {
        "LogId": "${=java.util.UUID.randomUUID()}",
        "DateTime": "2018-06-25 18:16:23",
        "ChannelId": "2",
        "OurBranchId": "03"
    },
    "ClientID": "${CreateCorporateCIF#Response#$['content']['clientID']}",
    "ReviewDate": "2020-12-31",
    "ExpiryDate": "2022-12-31",
    "LimitSecuredType": "Secured",
    "LimitType": "Fixed",
    "Description": "API_HC",
    "FacilityRefNo": "${=org.apache.commons.lang.RandomStringUtils.randomNumeric(6)}",
    "AskingLimit": 1000000,
    "Products": [
        {
            "ProductID": "WCAED",
            "LimitType": "Fixed",
            "Limit": "1000000"
        }
    ],
        "Collaterals": [
//        {
//            "CollateralID": "DYs0U74s1UqJWgaPIBfWPHUx"
//        }
    ]
}</con:request>
        <con:originalUri>http://waqfedev.northeurope.cloudapp.azure.com/api/BankSmart/FacilityCreate</con:originalUri>
        <con:assertion type="Simple Contains" id="452772fc-2193-4d06-b4bd-c8dac3d96782" name="Contains">
          <con:configuration>
            <token>Success</token>
            <ignoreCase>false</ignoreCase>
            <useRegEx>false</useRegEx>
          </con:configuration>
        </con:assertion>
        <con:assertion type="JsonPath Match" id="5e21c81b-7b99-4db0-8f25-212365e50e8c" name="JSONPath Match">
          <con:configuration>
            <path>$['status']['code']</path>
            <content>MSG-000000</content>
            <allowWildcards>false</allowWildcards>
            <ignoreNamspaceDifferences>false</ignoreNamspaceDifferences>
            <ignoreComments>false</ignoreComments>
          </con:configuration>
        </con:assertion>
        <con:credentials>
          <con:username>vendor2-erc</con:username>
          <con:password>aA1!asdf</con:password>
          <con:selectedAuthProfile>Basic</con:selectedAuthProfile>
          <con:preemptive>true</con:preemptive>
          <con:addedBasicAuthenticationTypes>Basic</con:addedBasicAuthenticationTypes>
          <con:authType>Preemptive</con:authType>
        </con:credentials>
        <con:jmsConfig JMSDeliveryMode="PERSISTENT"/>
        <con:parameters>
          <con:entry key="Content-Type" value="application/json"/>
        </con:parameters>
        <con:parameterOrder>
          <con:entry>Content-Type</con:entry>
        </con:parameterOrder>
      </con:restRequest>
    </con:config>
  </con:testStep>
  <con:testStep type="restrequest" name="CIFExposure" id="34978817-8342-4c69-8051-d552a72090d7">
    <con:settings/>
    <con:config service="http://waqfedev.northeurope.cloudapp.azure.com:2181" resourcePath="/api/BankSmart/CIFExposure" methodName="CIFExposure" xsi:type="con:RestRequestStep" xmlns:xsi="http://www.w3.org/2001/XMLSchema-instance">
      <con:restRequest name="CIFExposure" id="0c303c8f-60c9-445e-9381-00532d00d73e" mediaType="application/json" postQueryString="false">
        <con:settings>
          <con:setting id="com.eviware.soapui.impl.wsdl.WsdlRequest@request-headers">&lt;xml-fragment/></con:setting>
        </con:settings>
        <con:endpoint>${#Project#pURL}</con:endpoint>
        <con:request>{
	"SignOnRq":{
		"LogId": "${=java.util.UUID.randomUUID()}",
		"DateTime": "2018-06-25 18:16:23",
		"ChannelId": "2",
		"OurBranchId": "03"
	},
	"ClientID": "${CreateCorporateCIF#Response#$['content']['clientID']}"
}</con:request>
        <con:originalUri>http://waqfedev.northeurope.cloudapp.azure.com/api/BankSmart/CIFExposure</con:originalUri>
        <con:assertion type="Simple Contains" id="875a9ce3-9ce7-49b6-9309-2c49bfec873c" name="Contains">
          <con:configuration>
            <token>Success</token>
            <ignoreCase>true</ignoreCase>
            <useRegEx>false</useRegEx>
          </con:configuration>
        </con:assertion>
        <con:assertion type="Simple Contains" id="49416459-9844-40a5-832b-263950a738f7" name="Contains 2">
          <con:configuration>
            <token>Success</token>
            <ignoreCase>true</ignoreCase>
            <useRegEx>false</useRegEx>
          </con:configuration>
        </con:assertion>
        <con:credentials>
          <con:username>vendor2-erc</con:username>
          <con:password>aA1!asdf</con:password>
          <con:selectedAuthProfile>Basic</con:selectedAuthProfile>
          <con:preemptive>true</con:preemptive>
          <con:addedBasicAuthenticationTypes>Basic</con:addedBasicAuthenticationTypes>
          <con:authType>Preemptive</con:authType>
        </con:credentials>
        <con:jmsConfig JMSDeliveryMode="PERSISTENT"/>
        <con:parameters>
          <con:entry key="Content-Type" value="application/json"/>
        </con:parameters>
        <con:parameterOrder>
          <con:entry>Content-Type</con:entry>
        </con:parameterOrder>
      </con:restRequest>
    </con:config>
  </con:testStep>
  <con:testStep type="restrequest" name="CIFExists" id="bd1a7b29-f172-47ce-a1ca-7992213fe8fc">
    <con:settings/>
    <con:config service="http://waqfedev.northeurope.cloudapp.azure.com:2181" resourcePath="/api/BankSmart/CIFExists" methodName="CIFExists" xsi:type="con:RestRequestStep" xmlns:xsi="http://www.w3.org/2001/XMLSchema-instance">
      <con:restRequest name="CIFExists" id="6fc71d82-299f-40cd-a571-0673deccdcfd" mediaType="application/json" postQueryString="false">
        <con:settings>
          <con:setting id="com.eviware.soapui.impl.wsdl.WsdlRequest@request-headers">&lt;xml-fragment/></con:setting>
        </con:settings>
        <con:endpoint>${#Project#pURL}</con:endpoint>
        <con:request>{
	"SignOnRq":{
		"LogId": "${=java.util.UUID.randomUUID()}",
		"DateTime": "2018-06-25 18:16:23",
		"ChannelId": "2",
		"OurBranchId": "03"
	},
	"ClientID": "${CreateCorporateCIF#Response#$['content']['clientID']}"
}</con:request>
        <con:originalUri>http://waqfedev.northeurope.cloudapp.azure.com/api/BankSmart/CIFExists</con:originalUri>
        <con:assertion type="XPath Match" id="c47e602f-feb4-4acf-8f3a-d7804234ea7b" name="XPath Match">
          <con:configuration>
            <path>declare namespace ns1='http://waqfedev.northeurope.cloudapp.azure.com/api/BankSmart/CIFExists';
//ns1:Response[1]/ns1:content[1]/ns1:cifValid[1]</path>
            <content>Yes</content>
            <allowWildcards>false</allowWildcards>
            <ignoreNamspaceDifferences>false</ignoreNamspaceDifferences>
            <ignoreComments>false</ignoreComments>
          </con:configuration>
        </con:assertion>
        <con:assertion type="JsonPath Match" id="5a0749a1-a2c3-428f-aa67-1c6a45885207" name="JSONPath Match">
          <con:configuration>
            <path>$['content']['cifValid']</path>
            <content>Yes</content>
            <allowWildcards>false</allowWildcards>
            <ignoreNamspaceDifferences>false</ignoreNamspaceDifferences>
            <ignoreComments>false</ignoreComments>
          </con:configuration>
        </con:assertion>
        <con:credentials>
          <con:username>vendor2-erc</con:username>
          <con:password>aA1!asdf</con:password>
          <con:selectedAuthProfile>Basic</con:selectedAuthProfile>
          <con:preemptive>true</con:preemptive>
          <con:addedBasicAuthenticationTypes>Basic</con:addedBasicAuthenticationTypes>
          <con:authType>Preemptive</con:authType>
        </con:credentials>
        <con:jmsConfig JMSDeliveryMode="PERSISTENT"/>
        <con:parameters>
          <con:entry key="Content-Type" value="${DataSource#Content-Type}"/>
        </con:parameters>
        <con:parameterOrder>
          <con:entry>Content-Type</con:entry>
        </con:parameterOrder>
      </con:restRequest>
    </con:config>
  </con:testStep>
  <con:testStep type="restrequest" name="CIFHierarchy" id="865abb69-a43d-46ff-9ffa-c5ea3528d483">
    <con:settings/>
    <con:config service="http://waqfedev.northeurope.cloudapp.azure.com:2181" resourcePath="/api/BankSmart/CIFHierarchy" methodName="CIFHierarchy" xsi:type="con:RestRequestStep" xmlns:xsi="http://www.w3.org/2001/XMLSchema-instance">
      <con:restRequest name="CIFHierarchy" id="797683ee-e709-49cd-8f2c-a6eba92adf80" mediaType="application/json" postQueryString="false">
        <con:settings>
          <con:setting id="com.eviware.soapui.impl.wsdl.WsdlRequest@request-headers">&lt;xml-fragment/></con:setting>
        </con:settings>
        <con:endpoint>${#Project#pURL}</con:endpoint>
        <con:request>{
	"SignOnRq":{
		"LogId": "${=java.util.UUID.randomUUID()}",
		"DateTime": "2018-06-25 18:16:23",
		"ChannelId": "2",
		"OurBranchId": "03"
	},
	"ClientID": "${CreateCorporateCIF#Response#$['content']['clientID']}"
}</con:request>
        <con:originalUri>http://waqfedev.northeurope.cloudapp.azure.com/api/BankSmart/CIFHierarchy</con:originalUri>
        <con:assertion type="Simple Contains" id="f7d6c2b2-ce6f-4d0b-849a-935e683b6a11" name="Contains">
          <con:configuration>
            <token>Success</token>
            <ignoreCase>false</ignoreCase>
            <useRegEx>false</useRegEx>
          </con:configuration>
        </con:assertion>
        <con:credentials>
          <con:username>vendor2-erc</con:username>
          <con:password>aA1!asdf</con:password>
          <con:selectedAuthProfile>Basic</con:selectedAuthProfile>
          <con:preemptive>true</con:preemptive>
          <con:addedBasicAuthenticationTypes>Basic</con:addedBasicAuthenticationTypes>
          <con:authType>Preemptive</con:authType>
        </con:credentials>
        <con:jmsConfig JMSDeliveryMode="PERSISTENT"/>
        <con:parameters>
          <con:entry key="Content-Type" value="${DataSource#Content-Type}"/>
        </con:parameters>
        <con:parameterOrder>
          <con:entry>Content-Type</con:entry>
        </con:parameterOrder>
      </con:restRequest>
    </con:config>
  </con:testStep>
  <con:testStep type="restrequest" name="GetCorporateCIFDetail" id="f2191736-2b4b-4ab8-8fb5-87d15dab3abc">
    <con:settings/>
    <con:config service="http://waqfedev.northeurope.cloudapp.azure.com:2181" resourcePath="/api/BankSmart/GetCorporateCIFDetail" methodName="GetCorporateCIFDetail" xsi:type="con:RestRequestStep" xmlns:xsi="http://www.w3.org/2001/XMLSchema-instance">
      <con:restRequest name="GetCorporateCIFDetail" id="68d284fe-f17b-46e3-bd52-16e6f532e983" mediaType="application/json" postQueryString="false">
        <con:settings>
          <con:setting id="com.eviware.soapui.impl.wsdl.WsdlRequest@request-headers">&lt;xml-fragment/></con:setting>
        </con:settings>
        <con:endpoint>${#Project#pURL}</con:endpoint>
        <con:request>{
	"signOnRq":{
		"LogId": "${=java.util.UUID.randomUUID()}",
		"DateTime":"2019-03-06T00:00:00",
		"ChannelId":"10",
		"OurBranchId":"03"
	},
	"ClientID": "${CreateCorporateCIF#Response#$['content']['clientID']}"
}</con:request>
        <con:originalUri>http://10.4.128.8/api/BankSmart/GetCorporateCIFDetail</con:originalUri>
        <con:assertion type="JsonPath Match" id="92052667-a67a-4946-a9c0-17f39e416e9e" name="JSONPath Match">
          <con:configuration>
            <path>$['status']['statusMessage']</path>
            <content>"Success"</content>
            <allowWildcards>false</allowWildcards>
            <ignoreNamspaceDifferences>false</ignoreNamspaceDifferences>
            <ignoreComments>false</ignoreComments>
          </con:configuration>
        </con:assertion>
        <con:credentials>
          <con:username>vendor10-erc</con:username>
          <con:password>P@ssw0rd10</con:password>
          <con:selectedAuthProfile>Basic</con:selectedAuthProfile>
          <con:preemptive>true</con:preemptive>
          <con:addedBasicAuthenticationTypes>Basic</con:addedBasicAuthenticationTypes>
          <con:authType>Preemptive</con:authType>
        </con:credentials>
        <con:jmsConfig JMSDeliveryMode="PERSISTENT"/>
        <con:parameters>
          <con:entry key="Authorization" value="Basic dmVuZG9yNS1lcmM6UEBzc3cwcmQ1"/>
          <con:entry key="Content-Type" value="application/json"/>
        </con:parameters>
        <con:parameterOrder>
          <con:entry>Content-Type</con:entry>
          <con:entry>Authorization</con:entry>
        </con:parameterOrder>
      </con:restRequest>
    </con:config>
  </con:testStep>
  <con:properties>
    <con:property>
      <con:name>Date</con:name>
      <con:value>2022-02-04</con:value>
    </con:property>
  </con:properties>
  <con:reportParameters/>
  <con:breakPoints>
    <con:testStepId>b612a9a0-079d-4c89-b76c-7dc5b1396386</con:testStepId>
    <con:status>NONE</con:status>
    <con:properties/>
  </con:breakPoints>
  <con:breakPoints>
    <con:testStepId>0aeefcdb-b964-4088-ac57-348d9500927b</con:testStepId>
    <con:status>NONE</con:status>
    <con:properties/>
  </con:breakPoints>
  <con:breakPoints>
    <con:testStepId>c8ff67fc-1436-430a-bb51-0b2b13559bc9</con:testStepId>
    <con:status>NONE</con:status>
    <con:properties/>
  </con:breakPoints>
  <con:breakPoints>
    <con:testStepId>78ea97ea-7f9f-40e4-b840-8f84490227c2</con:testStepId>
    <con:status>NONE</con:status>
    <con:properties/>
  </con:breakPoints>
</con:testCase>
