<?xml version="1.0" encoding="UTF-8"?>
<con:testCase id="a56d1f3c-0d29-4d25-b593-1ca7deb0f00e" discardOkResults="false" failOnError="true" failTestCaseOnErrors="true" keepSession="false" name="DepositsList" searchProperties="true" timeout="0" maxResults="0" xmlns:con="http://eviware.com/soapui/config">
      <con:settings><con:setting id="a56d1f3c-0d29-4d25-b593-1ca7deb0f00efileName">DepositsList</con:setting></con:settings>
      <con:savedRecentRuns>1</con:savedRecentRuns>
      <con:testStep type="restrequest" name="DepositsList" id="e5c228c1-f893-4073-8e74-f0378d5d1df0">
        <con:settings/>
        <con:config service="http://${#Project#url}" resourcePath="/api/BankSmart/DepositsList" methodName="DepositsList" xsi:type="con:RestRequestStep" xmlns:xsi="http://www.w3.org/2001/XMLSchema-instance">
          <con:restRequest name="DepositsList" id="6cdfb268-0ea5-4eea-a242-97b932ec8a02" mediaType="application/json" postQueryString="false">
            <con:settings>
              <con:setting id="com.eviware.soapui.impl.wsdl.WsdlRequest@request-headers">&lt;xml-fragment/></con:setting>
            </con:settings>
            <con:endpoint>http://${#Project#pURL}</con:endpoint>
            <con:request>{
	"SignOnRq": {
		"LogId": "e0ccbe1a-dfdd-4753-a4c7-acc6fb0665e3",
		"DateTime": "2019-03-06T00:00:00",
		"ChannelId": "10",
		"OurBranchId": "01"
	},
"clientID": "000009293"
	}</con:request>
            <con:originalUri>http://null/api/BankSmart/DepositsList</con:originalUri>
            <con:assertion type="Valid HTTP Status Codes" id="934bee16-2320-41b8-b4c0-02660b9ec1c9" name="Valid HTTP Status Codes">
              <con:settings/>
              <con:configuration>
                <codes>200</codes>
              </con:configuration>
            </con:assertion>
            <con:assertion type="Response SLA Assertion" id="4d3d06ec-1608-47ab-afb1-5ae67c85c144" name="Response SLA">
              <con:configuration>
                <SLA>200</SLA>
              </con:configuration>
            </con:assertion>
            <con:credentials>
              <con:username>vendor10-erc</con:username>
              <con:password>P@ssw0rd10</con:password>
              <con:selectedAuthProfile>Basic</con:selectedAuthProfile>
              <con:preemptive>true</con:preemptive>
              <con:addedBasicAuthenticationTypes>Basic</con:addedBasicAuthenticationTypes>
              <con:authType>Preemptive</con:authType>
            </con:credentials>
            <con:jmsConfig JMSDeliveryMode="PERSISTENT"/>
            <con:parameters>
              <con:entry key="Authorization" value="Basic dmVuZG9yOS1lcmM6UEBzc3cwcmQ5"/>
              <con:entry key="Content-Type" value="application/json"/>
            </con:parameters>
            <con:parameterOrder>
              <con:entry>Content-Type</con:entry>
              <con:entry>Authorization</con:entry>
            </con:parameterOrder>
          </con:restRequest>
        </con:config>
      </con:testStep>
      <con:properties/>
      <con:reportParameters/>
    </con:testCase>