<?xml version="1.0" encoding="UTF-8"?>
<con:loadUiTest name="Create_CORP_ACC" id="fc876f8c-a6bf-4b4b-ad1d-04cc6558b0df" xmlns:con="http://eviware.com/soapui/config">
    <con:settings>
      <con:setting id="soapUIObjectSourceId">83eb50b6-2fe0-43f0-a276-1172b684b250</con:setting>
      <con:setting id="soapUIObjectSourceType">soapUIObjectSourceType_TestCase</con:setting>
    <con:setting id="fc876f8c-a6bf-4b4b-ad1d-04cc6558b0dffileName">Create_CORP_ACC</con:setting></con:settings>
    <con1:loadui-project id="023a1a6b-57cf-4fab-af6c-5b4017db2aee" label="Create_CORP_ACC" xmlns:con1="http://eviware.com/loadui/config">
      <con1:properties>
        <con1:property propagates="true" key="ModelItem.description" type="java.lang.String"/>
        <con1:property propagates="true" key="CanvasItem.abortOnFinish" type="java.lang.Boolean">false</con1:property>
        <con1:property propagates="true" key="ModelItem.saveReport" type="java.lang.Boolean">false</con1:property>
        <con1:property propagates="true" key="ModelItem.reportFolder" type="java.lang.String"/>
        <con1:property propagates="true" key="ModelItem.reportFormat" type="java.lang.String"/>
        <con1:property propagates="true" key="Temporary project" type="java.lang.String"/>
        <con1:property propagates="true" key="ModelItem.rate" type="java.lang.Long">10</con1:property>
        <con1:property propagates="true" key="ModelItem.loadDistributionType" type="com.smartbear.load.facade.LoadDistributionType">PerScenario</con1:property>
        <con1:property propagates="true" key="ModelItem.remoteMode" type="java.lang.String"/>
        <con1:property propagates="true" key="ModelItem.id" type="java.lang.String">fc876f8c-a6bf-4b4b-ad1d-04cc6558b0df</con1:property>
      </con1:properties>
      <con1:attributes>
        <con1:property key="limits">Time=600;</con1:property>
      </con1:attributes>
      <con1:addons/>
      <con1:scene label="New Scenario" id="f0a29fbf-49b7-45a4-8df2-8d4f36042614">
        <con1:properties>
          <con1:property propagates="true" key="ModelItem.description" type="java.lang.String"/>
          <con1:property propagates="true" key="CanvasItem.abortOnFinish" type="java.lang.Boolean">true</con1:property>
          <con1:property propagates="true" key="SceneItem.followProject" type="java.lang.Boolean">true</con1:property>
          <con1:property propagates="true" key="SceneItem.scenarioRatePercentage" type="java.lang.Long">100</con1:property>
          <con1:property propagates="true" key="SceneItem.scenarioRateSpecific" type="java.lang.Long">10</con1:property>
          <con1:property propagates="true" key="ModelItem.samplerOutputLevel" type="com.eviware.loadui.api.component.SoapUISamplerOutputLevel">TestCaseAndAllTestSteps</con1:property>
        </con1:properties>
        <con1:attributes>
          <con1:property key="limits">Time=600;</con1:property>
        </con1:attributes>
        <con1:addons/>
        <con1:component type="com.eviware.loadui.impl.component.IntervalComponent" label="Interval 1" id="cdc66d45-d64d-4453-81c0-0c068e63cc89" category="Scheduler">
          <con1:properties>
            <con1:property propagates="true" key="ModelItem.description" type="java.lang.String"/>
            <con1:property propagates="true" key="stateProperty" type="java.lang.Boolean">true</con1:property>
            <con1:property propagates="true" key="startAt" type="java.lang.Long">0</con1:property>
            <con1:property propagates="true" key="duration" type="java.lang.Long">5</con1:property>
            <con1:property propagates="true" key="unit" type="java.lang.String">Sec</con1:property>
            <con1:property propagates="true" key="mode" type="java.lang.String">Single</con1:property>
            <con1:property propagates="true" key="defaultMode" type="java.lang.Boolean">true</con1:property>
          </con1:properties>
          <con1:attributes>
            <con1:property key="com.eviware.loadui.api.model.ComponentItem@type">Interval</con1:property>
          </con1:attributes>
          <con1:addons/>
        </con1:component>
        <con1:component type="com.eviware.loadui.impl.component.generators.FixedVU" label="Fixed Load 1" id="a53b0d78-e373-4aad-b240-61e11724ba3c" category="Generators">
          <con1:properties>
            <con1:property propagates="true" key="ModelItem.description" type="java.lang.String"/>
            <con1:property propagates="true" key="stateProperty" type="java.lang.Boolean">false</con1:property>
            <con1:property propagates="true" key="limitVU" type="java.lang.Long">10</con1:property>
            <con1:property propagates="true" key="load" type="java.lang.Long">5</con1:property>
            <con1:property propagates="true" key="interval" type="java.lang.Long">1000</con1:property>
          </con1:properties>
          <con1:attributes>
            <con1:property key="com.eviware.loadui.api.model.ComponentItem@type">Fixed Load</con1:property>
          </con1:attributes>
          <con1:addons/>
        </con1:component>
        <con1:component type="com.eviware.loadui.components.soapui.SoapUISamplerComponent" label="Corporate_OnBoarding:CreateCorporateAccount" id="2fe9ba37-85fe-4844-9b3e-2a78e524c908" category="Runners">
          <con1:properties>
            <con1:property propagates="true" key="ModelItem.description" type="java.lang.String"/>
            <con1:property propagates="true" key="concurrentSamples" type="java.lang.Long">1000</con1:property>
            <con1:property propagates="true" key="property_name_is_not_relevant_for_private_property" type="java.lang.Long">9223372036854775807</con1:property>
            <con1:property propagates="true" key="maxQueueSize" type="java.lang.Long">1000</con1:property>
            <con1:property propagates="true" key="countDiscarded" type="java.lang.Boolean">false</con1:property>
            <con1:property propagates="true" key="disabledTestSteps" type="java.lang.String"/>
            <con1:property propagates="true" key="_thinkTime" type="java.lang.Long">0</con1:property>
            <con1:property propagates="true" key="ReadyApiTestCase" type="com.eviware.soapui.impl.wsdl.testcase.WsdlTestCase">346b60c5-3473-4731-8d7c-a1ebeca7e60a</con1:property>
            <con1:property propagates="true" key="raiseError" type="java.lang.Boolean">true</con1:property>
            <con1:property propagates="true" key="outputTestCaseProperties" type="java.lang.Boolean">true</con1:property>
            <con1:property propagates="true" key="OutputLevel" type="java.lang.String">TestCase only</con1:property>
            <con1:property propagates="true" key="closeConnectionsAfterRequest" type="java.lang.Boolean">false</con1:property>
            <con1:property propagates="true" key="disableSoapuiAssertions" type="java.lang.Boolean">false</con1:property>
            <con1:property propagates="true" key="forceShareDatasources" type="java.lang.Boolean">true</con1:property>
          </con1:properties>
          <con1:attributes>
            <con1:property key="com.eviware.loadui.api.model.ComponentItem@type">Ready API TestCase Runner</con1:property>
          </con1:attributes>
          <con1:addons/>
        </con1:component>
        <con1:connection outputTerminalId="cdc66d45-d64d-4453-81c0-0c068e63cc89/outgoingTerminal" inputTerminalId="a53b0d78-e373-4aad-b240-61e11724ba3c/stateTerminal"/>
        <con1:connection outputTerminalId="a53b0d78-e373-4aad-b240-61e11724ba3c/triggerTerminal" inputTerminalId="2fe9ba37-85fe-4844-9b3e-2a78e524c908/triggerTerminal"/>
        <con1:connection outputTerminalId="2fe9ba37-85fe-4844-9b3e-2a78e524c908/runningTerminal" inputTerminalId="a53b0d78-e373-4aad-b240-61e11724ba3c/Sample Count"/>
      </con1:scene>
      <con1:statistics>
        <con1:page title="DefaultLoadUIStatisticPage">
          <con1:chartGroup type="com.eviware.loadui.api.statistics.model.chart.line.LineChartView" title="" groupType="Monitors">
            <con1:attributes>
              <con1:property key="GroupId">06d25948-161b-4193-bc35-7450ed21274f</con1:property>
            </con1:attributes>
          </con1:chartGroup>
        </con1:page>
      </con1:statistics>
    </con1:loadui-project>
    <con:loadUITestScenario projectId="023a1a6b-57cf-4fab-af6c-5b4017db2aee" scenarioId="f0a29fbf-49b7-45a4-8df2-8d4f36042614" name="New Scenario" id="49332014-b6df-447a-8932-172cb7abc490">
      <con:settings/>
    </con:loadUITestScenario>
    <con:loadUIPanelData id="c8c0ae9a-f828-4fa5-b253-f66f242a2cc2">
      <con:panel>Log</con:panel>
      <con:data>
        <con:paramName>column_width@Timestamp</con:paramName>
        <con:paramValue>84</con:paramValue>
      </con:data>
      <con:data>
        <con:paramName>column_visible@Timestamp</con:paramName>
        <con:paramValue>true</con:paramValue>
      </con:data>
      <con:data>
        <con:paramName>column_width@ID</con:paramName>
        <con:paramValue>74</con:paramValue>
      </con:data>
      <con:data>
        <con:paramName>column_visible@ID</con:paramName>
        <con:paramValue>true</con:paramValue>
      </con:data>
      <con:data>
        <con:paramName>column_width@Test step status</con:paramName>
        <con:paramValue>120</con:paramValue>
      </con:data>
      <con:data>
        <con:paramName>column_visible@Test step status</con:paramName>
        <con:paramValue>true</con:paramValue>
      </con:data>
      <con:data>
        <con:paramName>column_width@TriggerTimestamp</con:paramName>
        <con:paramValue>84</con:paramValue>
      </con:data>
      <con:data>
        <con:paramName>column_visible@TriggerTimestamp</con:paramName>
        <con:paramValue>true</con:paramValue>
      </con:data>
      <con:data>
        <con:paramName>column_width@TimeTaken</con:paramName>
        <con:paramValue>115</con:paramValue>
      </con:data>
      <con:data>
        <con:paramName>column_visible@TimeTaken</con:paramName>
        <con:paramValue>true</con:paramValue>
      </con:data>
      <con:data>
        <con:paramName>column_width@_wait_time_</con:paramName>
        <con:paramValue>106</con:paramValue>
      </con:data>
      <con:data>
        <con:paramName>column_visible@_wait_time_</con:paramName>
        <con:paramValue>true</con:paramValue>
      </con:data>
      <con:data>
        <con:paramName>column_width@Bytes</con:paramName>
        <con:paramValue>52</con:paramValue>
      </con:data>
      <con:data>
        <con:paramName>column_visible@Bytes</con:paramName>
        <con:paramValue>true</con:paramValue>
      </con:data>
      <con:data>
        <con:paramName>column_width@HTTP Status</con:paramName>
        <con:paramValue>90</con:paramValue>
      </con:data>
      <con:data>
        <con:paramName>column_visible@HTTP Status</con:paramName>
        <con:paramValue>true</con:paramValue>
      </con:data>
      <con:data>
        <con:paramName>column_width@CurrentlyRunning</con:paramName>
        <con:paramValue>75</con:paramValue>
      </con:data>
      <con:data>
        <con:paramName>column_visible@CurrentlyRunning</con:paramName>
        <con:paramValue>true</con:paramValue>
      </con:data>
      <con:data>
        <con:paramName>column_width@Request</con:paramName>
        <con:paramValue>67</con:paramValue>
      </con:data>
      <con:data>
        <con:paramName>column_visible@Request</con:paramName>
        <con:paramValue>false</con:paramValue>
      </con:data>
      <con:data>
        <con:paramName>column_width@Response</con:paramName>
        <con:paramValue>77</con:paramValue>
      </con:data>
      <con:data>
        <con:paramName>column_visible@Response</con:paramName>
        <con:paramValue>false</con:paramValue>
      </con:data>
    </con:loadUIPanelData>
    <con:reportParameters/>
  </con:loadUiTest>