<?xml version="1.0" encoding="UTF-8"?>
<con:soapui-project id="0ae4de54-bebe-4f46-9049-df430f76a887" created="3.2.7" activeEnvironment="Default environment" name="V-Key_MLP-UAT" updated="3.20.1 2022-01-18T13:40:47Z" encryptionMode="Not encrypted" resourceRoot="" runType="PARALLELL" abortOnError="false" soapui-version="5.6.0" xmlns:con="http://eviware.com/soapui/config">
  <con:settings>
    <con:setting id="IncludeOverview">true</con:setting>
    <con:setting id="IncludeResults">true</con:setting>
    <con:setting id="FlowLayout">true</con:setting>
    <con:setting id="ErrorDetails">true</con:setting>
    <con:setting id="IncludeCoverage">true</con:setting>
  </con:settings>
  <con:interface xsi:type="con:RestService" id="2c475243-9888-4427-bda0-3f6a799f4ae9" wadlVersion="http://wadl.dev.java.net/2009/02" name="http://${#Project#url}" type="rest" xmlns:xsi="http://www.w3.org/2001/XMLSchema-instance">
    <con:settings/>
    <con:definitionCache type="TEXT" rootPart=""/>
    <con:endpoints>
      <con:endpoint>http://${#Project#url}</con:endpoint>
    </con:endpoints>
    <con:resource name="DeleteUser" path="/api/TMS/DeleteUser" id="69a273fa-7576-4db6-8d1c-0b8e8094265d">
      <con:settings/>
      <con:parameters/>
      <con:method name="DeleteUser" id="3fcd81bc-189c-4ac6-aa3a-409f63834eba" method="POST">
        <con:settings/>
        <con:parameters/>
        <con:representation type="REQUEST">
          <con:mediaType>application/json</con:mediaType>
          <con:params/>
        </con:representation>
        <con:representation type="FAULT">
          <con:mediaType>application/json; charset=utf-8</con:mediaType>
          <con:status>400</con:status>
          <con:params/>
          <con:element xmlns:del="https://waqfepayment.gslb.sit.eradahcapital.com/api/TMS/DeleteUser">del:Fault</con:element>
        </con:representation>
        <con:representation type="RESPONSE">
          <con:mediaType>application/json; charset=utf-8</con:mediaType>
          <con:status>200</con:status>
          <con:params/>
          <con:element xmlns:del="https://waqfepayment.gslb.sit.eradahcapital.com/api/TMS/DeleteUser">del:Response</con:element>
        </con:representation>
        <con:request name="DeleteUser" id="4b598b6e-b348-4252-9f62-d4f16c0e3a17" mediaType="application/json" postQueryString="false">
          <con:settings/>
          <con:endpoint>http://${#Project#url}</con:endpoint>
          <con:request>{
    "SignOnRq": {
        "LogId": "e0ccbe1a-dfdd-4753-a4c7-acc6fb0665e3",
        "DateTime": "2019-08-18",
        "ChannelId": "5",
        "OurBranchId": "01"
    },
    "RootObject": {
        "id": "5ff1e3f5a15a4664b0e3851c950aa4cb",
        "customerId": "1064"
    }
}</con:request>
          <con:credentials>
            <con:selectedAuthProfile>No Authorization</con:selectedAuthProfile>
            <con:authType>No Authorization</con:authType>
          </con:credentials>
          <con:jmsConfig JMSDeliveryMode="PERSISTENT"/>
          <con:parameters/>
        </con:request>
      </con:method>
    </con:resource>
    <con:resource name="RandomTokenAssignment" path="/api/TMS/RandomTokenAssignment" id="c6fc1851-c6ca-4e75-8bb4-2284881a75c7">
      <con:settings/>
      <con:parameters/>
      <con:method name="RandomTokenAssignment" id="b95f91ff-067b-41b6-a036-847befb7f281" method="POST">
        <con:settings/>
        <con:parameters/>
        <con:representation type="FAULT">
          <con:mediaType>application/json</con:mediaType>
          <con:status>400</con:status>
          <con:params/>
          <con:element xmlns:ran="https://waqfepayment.gslb.uat.eradahcapital.com/api/TMS/RandomTokenAssignment">ran:Fault</con:element>
        </con:representation>
        <con:representation type="REQUEST">
          <con:mediaType>application/json</con:mediaType>
          <con:params/>
        </con:representation>
        <con:representation type="RESPONSE">
          <con:mediaType>application/json; charset=utf-8</con:mediaType>
          <con:status>200</con:status>
          <con:params/>
          <con:element xmlns:ran="https://waqfepayment.gslb.sit.eradahcapital.com/api/TMS/RandomTokenAssignment">ran:Response</con:element>
        </con:representation>
        <con:request name="RandomTokenAssignment" id="761f6cc3-77b4-4eb1-aa9e-6df3465d7fd6" mediaType="application/json" postQueryString="false">
          <con:settings/>
          <con:endpoint>http://${#Project#url}</con:endpoint>
          <con:request>{
    "SignOnRq": {
        "LogId": "e0ccbe1a-dfdd-4753-a4c7-acc6fb0665e3",
        "DateTime": "2019-08-18",
        "ChannelId": "5",
        "OurBranchId": "01"
    },
    "RootObject": {
       
    "id":"a2737f2b8c134ee89f33b354a1b50e6c",
    "customerId": "1064",
    "token":"aEF79AC227",
    "apin":"d7rHT/H6yATsdZ5WIAEjQR/PPrIgWT7X9TXYlovbnyQg13RuRr+jSq8nCl+zFsByRVeGZn0ajwfEBRvDn+a6IqAsKc7PONhBIHIX+Mcrt3s="

    }
}</con:request>
          <con:credentials>
            <con:selectedAuthProfile>No Authorization</con:selectedAuthProfile>
            <con:authType>No Authorization</con:authType>
          </con:credentials>
          <con:jmsConfig JMSDeliveryMode="PERSISTENT"/>
          <con:parameters/>
        </con:request>
      </con:method>
    </con:resource>
    <con:resource name="AssignToken" path="/api/TMS/AssignToken" id="9071af65-5803-43e6-9671-d309247fb19f">
      <con:settings/>
      <con:parameters/>
      <con:method name="AssignToken" id="fb6617f0-455f-4084-9f64-126ba5596de9" method="POST">
        <con:settings/>
        <con:parameters/>
        <con:representation type="FAULT">
          <con:mediaType>application/json</con:mediaType>
          <con:status>400</con:status>
          <con:params/>
          <con:element xmlns:ass="https://waqfevendor.gslb.uat.eradahcapital.com/api/TMS/AssignToken">ass:Fault</con:element>
        </con:representation>
        <con:representation type="REQUEST">
          <con:mediaType>application/json</con:mediaType>
          <con:params/>
        </con:representation>
        <con:representation type="RESPONSE">
          <con:mediaType>application/json; charset=utf-8</con:mediaType>
          <con:status>200</con:status>
          <con:params/>
          <con:element xmlns:ass="https://waqfepayment.gslb.sit.eradahcapital.com/api/TMS/AssignToken">ass:Response</con:element>
        </con:representation>
        <con:representation type="FAULT">
          <con:mediaType>application/json; charset=utf-8</con:mediaType>
          <con:status>400</con:status>
          <con:params/>
          <con:element xmlns:ass="https://waqfepayment.gslb.sit.eradahcapital.com/api/TMS/AssignToken">ass:Fault</con:element>
        </con:representation>
        <con:request name="AssignToken" id="3e80c148-dd6e-4ee1-b4c3-3b631a6b1b5b" mediaType="application/json" postQueryString="false">
          <con:settings/>
          <con:endpoint>http://${#Project#url}</con:endpoint>
          <con:request>{
    "SignOnRq": {
        "LogId": "e0ccbe1a-dfdd-4753-a4c7-acc6fb0665e3",
        "DateTime": "2019-08-18",
        "ChannelId": "5",
        "OurBranchId": "01"
    },
    "RootObject": {
        "id": "a2737f2b8c134ee89f33b354a1b50e6c",
        "customerId": "1064"
    }
}</con:request>
          <con:credentials>
            <con:selectedAuthProfile>No Authorization</con:selectedAuthProfile>
            <con:authType>No Authorization</con:authType>
          </con:credentials>
          <con:jmsConfig JMSDeliveryMode="PERSISTENT"/>
          <con:parameters/>
        </con:request>
      </con:method>
    </con:resource>
    <con:resource name="UpdateBasicCIFDetails" path="/api/BankSmart/UpdateBasicCIFDetails" id="ebfc7766-42a0-4586-8788-ea1e0fd5c094">
      <con:settings/>
      <con:parameters/>
      <con:method name="UpdateBasicCIFDetails" id="19b3137f-42bb-4616-8096-5013686f1437" method="POST">
        <con:settings/>
        <con:parameters>
          <con:parameter>
            <con:name>Content-Type</con:name>
            <con:value>application/json</con:value>
            <con:style>HEADER</con:style>
            <con:default/>
            <con:path xsi:nil="true"/>
            <con:description xsi:nil="true"/>
          </con:parameter>
          <con:parameter>
            <con:name>Authorization</con:name>
            <con:value>Basic dmVuZG9yNS1lcmM6UEBzc3cwcmQ1</con:value>
            <con:style>HEADER</con:style>
            <con:default/>
            <con:path xsi:nil="true"/>
            <con:description xsi:nil="true"/>
          </con:parameter>
        </con:parameters>
        <con:request name="Update Basic CIF Details" id="355b760d-b7e1-4fb7-8ec9-6c63d64fbd88" mediaType="application/json">
          <con:settings/>
          <con:endpoint>http://${#Project#url}</con:endpoint>
          <con:request>{
    "SignOnRq": {
        "LogId": "w0cii8cbe1a-kf0d-4053-a4c7-acc9fb0665e3",
        "DateTime": "2019-03-06T00:00:00",
        "ChannelId": "13",
        "OurBranchId": "01"
    },
    "clientId": "000000709",
    "riskProfile": "Low",
    "blackList": "Y",
    "pep": "Y",
     "Period": 12
}</con:request>
          <con:credentials>
            <con:selectedAuthProfile>No Authorization</con:selectedAuthProfile>
            <con:authType>No Authorization</con:authType>
          </con:credentials>
          <con:parameters>
            <con:entry key="Authorization" value="Basic dmVuZG9yNS1lcmM6UEBzc3cwcmQ1"/>
            <con:entry key="Content-Type" value="application/json"/>
          </con:parameters>
          <con:parameterOrder>
            <con:entry>Content-Type</con:entry>
            <con:entry>Authorization</con:entry>
          </con:parameterOrder>
        </con:request>
      </con:method>
    </con:resource>
    <con:resource name="TransactionScreening" path="/api/ECSFin/TransactionScreening" id="9d2b5844-f567-4e86-ae7a-06ad0042a9b0">
      <con:settings/>
      <con:parameters/>
      <con:method name="TransactionScreening" id="212c22d5-35e5-454e-aa5a-994451d2e882" method="POST">
        <con:settings/>
        <con:parameters>
          <con:parameter>
            <con:name>Content-Type</con:name>
            <con:value>application/json</con:value>
            <con:style>HEADER</con:style>
            <con:default/>
            <con:path xsi:nil="true"/>
            <con:description xsi:nil="true"/>
          </con:parameter>
        </con:parameters>
        <con:request name="Transaction Screening Account funding" id="0460c6a9-3990-430c-8a0c-50da2bd5cc96" mediaType="application/json">
          <con:settings/>
          <con:endpoint>http://${#Project#url}</con:endpoint>
          <con:request>{
    "SignOnRq": {
        "LogId": "t0ccpe1a-dfdd-4759-a4c7-acc6fb0665e3",
        "DateTime": "2019-08-30T00:00:00",
        "ChannelId": "9",
        "OurBranchId": "01"
    },
    "RootObject": {
        "clientType": "INDIV",
        "correlationId": "TRX487984000000",
        "actionType": "",
        "transactionReference": "TRX487864001005",
        "transactionType": "IN",
        "sourceAccount": "WWWWW1234",
        "destinationAccount": "0130000000363501",
        "sourceType": "INT-ACC-FUND",
        "destinationType": "INCOMING",
        "purpose": "CQP002",
        "transactionDate": "30/08/2019 09:37:36.036629",
        "cardHolderName": "Full name of the cardholder",
        "aedAmount": "15000.00",
        "accountAmount": "15000.00",
        "accountCurrency": "AED",
        "transactionAmount": "15000.00",
        "transactionCurrency": "AED",
        "commission": "0.00",
        "fees": "0.00",
        "cif": "000003635",
        "transactionRouting": {
            "instructingBank": {
                "uid": "EBILAEAD"
            }
        }
    }
}</con:request>
          <con:credentials>
            <con:selectedAuthProfile>No Authorization</con:selectedAuthProfile>
            <con:authType>No Authorization</con:authType>
          </con:credentials>
          <con:parameters>
            <con:entry key="Content-Type" value="application/json"/>
          </con:parameters>
          <con:parameterOrder>
            <con:entry>Content-Type</con:entry>
          </con:parameterOrder>
        </con:request>
      </con:method>
    </con:resource>
    <con:resource name="TokenStatusUpdate" path="/api/TMS/TokenStatusUpdate" id="7700c834-0789-422f-9338-7e34b43c0abd">
      <con:settings/>
      <con:parameters/>
      <con:method name="TokenStatusUpdate" id="4f613e78-22b5-4ed0-8fd3-7a03a6d0aec7" method="POST">
        <con:settings/>
        <con:parameters/>
        <con:representation type="FAULT">
          <con:mediaType>application/json</con:mediaType>
          <con:status>400</con:status>
          <con:params/>
          <con:element xmlns:tok="https://waqfevendor.gslb.uat.eradahcapital.com/api/TMS/TokenStatusUpdate">tok:Fault</con:element>
        </con:representation>
        <con:representation type="REQUEST">
          <con:mediaType>application/json</con:mediaType>
          <con:params/>
        </con:representation>
        <con:representation type="FAULT">
          <con:mediaType>application/json; charset=utf-8</con:mediaType>
          <con:status>400</con:status>
          <con:params/>
          <con:element xmlns:tok="https://waqfepayment.gslb.sit.eradahcapital.com/api/TMS/TokenStatusUpdate">tok:Fault</con:element>
        </con:representation>
        <con:representation type="RESPONSE">
          <con:mediaType>application/json; charset=utf-8</con:mediaType>
          <con:status>200</con:status>
          <con:params/>
          <con:element xmlns:tok="https://waqfepayment.gslb.sit.eradahcapital.com/api/TMS/TokenStatusUpdate">tok:Response</con:element>
        </con:representation>
        <con:request name="TokenStatusUpdate" id="3faeea0e-d650-474c-b270-cfc69099a298" mediaType="application/json" postQueryString="false">
          <con:settings/>
          <con:endpoint>http://${#Project#url}</con:endpoint>
          <con:request>{
    "SignOnRq": {
        "LogId": "e0ccbe1a-dfdd-4753-a4c7-acc6fb0665e3",
        "DateTime": "2019-08-18",
        "ChannelId": "5",
        "OurBranchId": "01"
    },
    "RootObject": {
       
 "customerId": "1064",
    "status":"ACTIVATED",
    "token":"aEF79AC227"
    }
}</con:request>
          <con:credentials>
            <con:selectedAuthProfile>No Authorization</con:selectedAuthProfile>
            <con:authType>No Authorization</con:authType>
          </con:credentials>
          <con:jmsConfig JMSDeliveryMode="PERSISTENT"/>
          <con:parameters/>
        </con:request>
      </con:method>
    </con:resource>
    <con:resource name="CreateUser" path="/api/TMS/CreateUser" id="46ba4214-ee07-4994-a0ed-d4f4da9f45fc">
      <con:settings/>
      <con:parameters/>
      <con:method name="CreateUser" id="dbc9f03d-f75a-4ad2-b373-c7e7b28bcc6e" method="POST">
        <con:settings/>
        <con:parameters/>
        <con:representation type="REQUEST">
          <con:mediaType>application/json</con:mediaType>
          <con:params/>
        </con:representation>
        <con:representation type="RESPONSE">
          <con:mediaType>application/json; charset=utf-8</con:mediaType>
          <con:status>200</con:status>
          <con:params/>
          <con:element xmlns:cre="https://waqfepayment.gslb.sit.eradahcapital.com/api/TMS/CreateUser">cre:Response</con:element>
        </con:representation>
        <con:request name="CreateUser" id="2c5fad6e-fcec-44f2-b6bc-d3b9a6e09257" mediaType="application/json">
          <con:settings/>
          <con:endpoint>http://${#Project#url}</con:endpoint>
          <con:request>{
    "SignOnRq": {
        "LogId": "e0ccbe1a-dfdd-4753-a4c7-acc6fb0665e3",
        "DateTime": "2019-08-18",
        "ChannelId": "5",
        "OurBranchId": "01"
    },
    "RootObject": {
        "id": "a73fe0290-e39f-479b-9722-eccdbf6e15bc",
        "userId": "a973fe020-e39f-479b-9722-eccdbf6e15bc",
        "createdUser": "kashif",
        "customerId": "1064"
    }
}</con:request>
          <con:credentials>
            <con:selectedAuthProfile>No Authorization</con:selectedAuthProfile>
            <con:authType>No Authorization</con:authType>
          </con:credentials>
          <con:parameters/>
        </con:request>
      </con:method>
    </con:resource>
    <con:resource name="GetDocument" path="/api/DMS/GetDocument" id="2917e1ce-a338-49b3-95e1-fb3fde09ba8d">
      <con:settings/>
      <con:parameters/>
      <con:method name="GetDocument" id="61121e34-485a-462f-a6f1-209c3963b588" method="POST">
        <con:settings/>
        <con:parameters>
          <con:parameter>
            <con:name>Content-Type</con:name>
            <con:value>application/json</con:value>
            <con:style>HEADER</con:style>
            <con:default/>
            <con:path xsi:nil="true"/>
            <con:description xsi:nil="true"/>
          </con:parameter>
        </con:parameters>
        <con:request name="Get Document" id="7bed7be8-6eb1-4fbc-ba85-5b77f4c81558" mediaType="application/json">
          <con:settings/>
          <con:endpoint>http://${#Project#url}</con:endpoint>
          <con:request>{
    "SignOnRq": {
        "LogId": "g0ccbe1a-dfdd-4753-a09c7-acc6fb0665e3",
        "DateTime": "2019-03-06T00:00:00",
        "ChannelId": "10",
        "OurBranchId": "01"
    },
    "RootObject": {
        "documentId": "189214",
        "version":"2"
    }
}</con:request>
          <con:credentials>
            <con:selectedAuthProfile>No Authorization</con:selectedAuthProfile>
            <con:authType>No Authorization</con:authType>
          </con:credentials>
          <con:parameters>
            <con:entry key="Content-Type" value="application/json"/>
          </con:parameters>
          <con:parameterOrder>
            <con:entry>Content-Type</con:entry>
          </con:parameterOrder>
        </con:request>
      </con:method>
    </con:resource>
    <con:resource name="UpdateUser" path="/api/TMS/UpdateUser" id="45defbd3-0592-417a-8df8-2cc8a28fd4b0">
      <con:settings/>
      <con:parameters/>
      <con:method name="UpdateUser" id="803dbae2-b3af-42a2-bc15-92ad6cb739c3" method="POST">
        <con:settings/>
        <con:parameters/>
        <con:representation type="FAULT">
          <con:mediaType>application/json</con:mediaType>
          <con:status>401</con:status>
          <con:params/>
          <con:element xmlns:upd="http://https/waqfepayment.gslb.sit.eradahcapital.com/api/TMS/UpdateUser">upd:Fault</con:element>
        </con:representation>
        <con:representation type="REQUEST">
          <con:mediaType>application/json</con:mediaType>
          <con:params/>
        </con:representation>
        <con:representation type="RESPONSE">
          <con:mediaType>application/json; charset=utf-8</con:mediaType>
          <con:status>200</con:status>
          <con:params/>
          <con:element xmlns:upd="http://https/waqfepayment.gslb.sit.eradahcapital.com/api/TMS/UpdateUser">upd:Response</con:element>
        </con:representation>
        <con:request name="UpdateUser" id="bab34dcc-1c9b-4f80-837b-e40d1bac22ae" mediaType="application/json">
          <con:settings/>
          <con:endpoint>http://${#Project#url}</con:endpoint>
          <con:request>{
    "SignOnRq": {
        "LogId": "e0ccbe1a-dfdd-4753-a4c7-acc6fb0665e3",
        "DateTime": "2019-08-18",
        "ChannelId": "5",
        "OurBranchId": "01"
    },
    "RootObject": {
        "id": "a2737f2b8c134ee89f33b354a1b50e6c",
        "userId": "a73fe020-e39f-479b-9722-eccdbf6e15bc",
        "updatedUser": "kashif",
        "customerId": "1064",
        "Nric": "123456789",
        "firstName": "a",
        "LastName": "b",
        "country": "S",
        "deviceID": "Test"
    }
}</con:request>
          <con:credentials>
            <con:selectedAuthProfile>No Authorization</con:selectedAuthProfile>
            <con:authType>No Authorization</con:authType>
          </con:credentials>
          <con:parameters/>
        </con:request>
      </con:method>
    </con:resource>
  </con:interface>
  <con:interface xsi:type="con:RestService" id="a632f4c0-124c-4442-8e0d-b917d46b1113" wadlVersion="http://wadl.dev.java.net/2009/02" name="AuthenticationRequest" type="rest" xmlns:xsi="http://www.w3.org/2001/XMLSchema-instance">
    <con:settings/>
    <con:definitionCache type="TEXT" rootPart=""/>
    <con:endpoints/>
    <con:resource name="AuthenticationRequest" path="" id="81aa1902-fdab-41d7-ab60-3c8db7a9a1e9">
      <con:settings/>
      <con:parameters/>
      <con:resource name="Copy of AuthenticationRequest" path="/api/TMS/AuthenticationRequest" id="b560fd57-cd8d-460f-8d58-1fa98753b2bb">
        <con:settings/>
        <con:parameters/>
        <con:method name="AuthenticationRequest" id="4be549dc-e24c-4667-9ce4-d9fa55734aea" method="POST">
          <con:settings/>
          <con:parameters/>
          <con:representation type="REQUEST">
            <con:mediaType>application/json</con:mediaType>
            <con:params/>
          </con:representation>
          <con:representation type="FAULT">
            <con:mediaType>application/json; charset=utf-8</con:mediaType>
            <con:status>400</con:status>
            <con:params/>
            <con:element xmlns:aut="https://waqfepayment.gslb.sit.eradahcapital.com/api/TMS/AuthenticationRequest">aut:Fault</con:element>
          </con:representation>
          <con:request name="Authentication Request" id="74c2da51-5162-4b0d-91c7-9ea597323971" mediaType="application/json" postQueryString="false">
            <con:settings/>
            <con:endpoint>${#Project#url}</con:endpoint>
            <con:request>{
    "SignOnRq": {
        "LogId": "{{$guid}}",
        "DateTime": "2020-12-14T16:22:14.2910531+04:00",
        "ChannelId": "1",
        "OurBranchId": "02"
    },
    "customer": "1064",
    "RootObject": {
        "messageId": "AUTHmsg0c9011ac-abda-d48e-6af3-aseee2o4033c",
        "ts": "wJF24A3923",
        "payloadData": {
            "passType": "1",
            "notifyMsgFlag": "0",
            "notifyMsgData": {
                "textToDisplay": "V-Key authenticate Request"
            },
            "msgFlag": "0",
            "msgData": {
                "data": ""
            }
        },
        "signatureData": "",
        "callbackUrl": "https://retail-vkey.gslb.uat.eradahcapital.com/api/VkeyHost/StatusUpdate",
        "customerId": "1064",
        "vseSign": "1",
        "simSign": "0"
    }
}</con:request>
            <con:credentials>
              <con:selectedAuthProfile>No Authorization</con:selectedAuthProfile>
              <con:authType>No Authorization</con:authType>
            </con:credentials>
            <con:jmsConfig JMSDeliveryMode="PERSISTENT"/>
            <con:parameters/>
          </con:request>
        </con:method>
      </con:resource>
    </con:resource>
  </con:interface>
  <con:interface xsi:type="con:RestService" id="00311b1a-c7e6-46c5-b68c-8d16144b3cc5" wadlVersion="http://wadl.dev.java.net/2009/02" name="PushNotification" type="rest" xmlns:xsi="http://www.w3.org/2001/XMLSchema-instance">
    <con:settings/>
    <con:definitionCache type="TEXT" rootPart=""/>
    <con:endpoints/>
    <con:resource name="PushNotification" path="" id="318ee2a7-9536-4a8f-b2d8-51412a3c8449">
      <con:settings/>
      <con:parameters/>
      <con:resource name="Copy of PushNotification" path="/api/TMS/PushNotification" id="5253c235-f1ec-40f5-b683-0cd2e9d85713">
        <con:settings/>
        <con:parameters/>
        <con:method name="PushNotification" id="070590ce-b96d-4766-ad94-369d6cc77af3" method="POST">
          <con:settings/>
          <con:parameters/>
          <con:representation type="REQUEST">
            <con:mediaType>application/json</con:mediaType>
            <con:params/>
          </con:representation>
          <con:representation type="FAULT">
            <con:mediaType>application/json</con:mediaType>
            <con:status>401 400</con:status>
            <con:params/>
            <con:element xmlns:pus="https://waqfepayment.gslb.sit.eradahcapital.com/api/TMS/PushNotification">pus:Fault</con:element>
          </con:representation>
          <con:representation type="FAULT">
            <con:mediaType xsi:nil="true"/>
            <con:status>500</con:status>
            <con:params/>
            <con:element>data</con:element>
          </con:representation>
          <con:request name="PushNotification" id="6f702786-4b67-4a0e-a3bb-fdeebee8134c" mediaType="application/json" postQueryString="false">
            <con:settings>
              <con:setting id="com.eviware.soapui.impl.wsdl.WsdlRequest@request-headers">&lt;xml-fragment/></con:setting>
            </con:settings>
            <con:endpoint>${#Project#url}</con:endpoint>
            <con:request/>
            <con:originalUri>https://waqfepayment.gslb.sit.eradahcapital.com/api/TMS/PushNotification</con:originalUri>
            <con:credentials>
              <con:username>vendor10-erc</con:username>
              <con:password>P@ssw0rd10</con:password>
              <con:selectedAuthProfile>Basic</con:selectedAuthProfile>
              <con:preemptive>true</con:preemptive>
              <con:addedBasicAuthenticationTypes>Basic</con:addedBasicAuthenticationTypes>
              <con:authType>Preemptive</con:authType>
            </con:credentials>
            <con:jmsConfig JMSDeliveryMode="PERSISTENT"/>
            <con:parameters/>
          </con:request>
        </con:method>
      </con:resource>
    </con:resource>
  </con:interface>
  <con:interface xsi:type="con:RestService" id="f7ffd531-37e9-4d95-a763-c9c1ef0044aa" wadlVersion="http://wadl.dev.java.net/2009/02" name="RegisterToken" type="rest" xmlns:xsi="http://www.w3.org/2001/XMLSchema-instance">
    <con:settings/>
    <con:definitionCache type="TEXT" rootPart=""/>
    <con:endpoints/>
    <con:resource name="RegisterToken" path="" id="bee6f366-692b-4298-a009-34a7022968c9">
      <con:settings/>
      <con:parameters/>
      <con:resource name="Copy of RegisterToken" path="/api/TMS/RegisterToken" id="d87591d1-4131-48b1-b470-bf5a75235d9d">
        <con:settings/>
        <con:parameters/>
        <con:method name="RegisterToken" id="314f155f-86d3-4603-9603-8cc25e117239" method="POST">
          <con:settings/>
          <con:parameters/>
          <con:representation type="FAULT">
            <con:mediaType>application/json</con:mediaType>
            <con:status>400</con:status>
            <con:params/>
            <con:element xmlns:reg="https://waqfepayment.gslb.sit.eradahcapital.com/api/TMS/RegisterToken">reg:Fault</con:element>
          </con:representation>
          <con:representation type="REQUEST">
            <con:mediaType>application/json</con:mediaType>
            <con:params/>
          </con:representation>
          <con:request name="RegisterToken" id="c069ca06-1884-4920-8a55-ac00d82e559f" mediaType="application/json" postQueryString="false">
            <con:settings>
              <con:setting id="com.eviware.soapui.impl.wsdl.WsdlRequest@request-headers">&lt;xml-fragment/></con:setting>
            </con:settings>
            <con:endpoint>${#Project#url}</con:endpoint>
            <con:request/>
            <con:credentials>
              <con:selectedAuthProfile>No Authorization</con:selectedAuthProfile>
              <con:authType>No Authorization</con:authType>
            </con:credentials>
            <con:jmsConfig JMSDeliveryMode="PERSISTENT"/>
            <con:parameters/>
          </con:request>
        </con:method>
      </con:resource>
    </con:resource>
  </con:interface>
  <con:testSuite id="b26ce8ba-9beb-4dcc-b1c4-d08623d64964" name="V-Key">
    <con:settings/>
    <con:savedRecentRuns>1</con:savedRecentRuns>
    <con:runType>SEQUENTIAL</con:runType>
    <con:testCase id="2a22dab7-71b8-4a1d-9928-99001fd8f7bf" discardOkResults="false" failOnError="false" failTestCaseOnErrors="true" keepSession="false" name="V-Key" searchProperties="true" timeout="0" wsrmEnabled="false" wsrmVersion="1.0" wsrmAckTo="" amfAuthorisation="false" amfEndpoint="" amfLogin="" amfPassword="" zephyrTestName="" zephyrTestId="" maxResults="0">
      <con:settings/>
      <con:savedRecentRuns>1</con:savedRecentRuns>
      <con:testStep type="groovy" name="TodayDate" id="4722e18a-553d-4260-aa29-51df40edc448">
        <con:settings/>
        <con:config>
          <script>import groovy.time.TimeCategory
def tomorrow = new Date()
tomorrow= tomorrow.format("YYYY-MM-dd'T'HH:mm:ss")</script>
        </con:config>
      </con:testStep>
      <con:testStep type="restrequest" name="CreateUser" id="a4f8ed55-e53a-428f-ab7d-c98fe58ac95c">
        <con:settings/>
        <con:config service="http://${#Project#url}" resourcePath="/api/TMS/CreateUser" methodName="CreateUser" xsi:type="con:RestRequestStep" xmlns:xsi="http://www.w3.org/2001/XMLSchema-instance">
          <con:restRequest name="CreateUser" id="2c5fad6e-fcec-44f2-b6bc-d3b9a6e09257" mediaType="application/json" postQueryString="false">
            <con:settings>
              <con:setting id="com.eviware.soapui.impl.wsdl.WsdlRequest@request-headers">&lt;xml-fragment/></con:setting>
            </con:settings>
            <con:endpoint>${#Project#url}</con:endpoint>
            <con:request>{
    "SignOnRq": {
        "LogId": "${=java.util.UUID.randomUUID()}",
        "DateTime": "${TodayDate#result}",
        "ChannelId": "1",
        "OurBranchId": "01"
    },
    "RootObject": {
        "id": "a73fe0290-e39f-479b-9722-eccdbf6e15bc",
        "userId": "a973fe020-e39f-479b-9722-eccdbf6e15bc",
        "createdUser": "API_HC_kashif",
        "customerId": "1064"
    }
}</con:request>
            <con:originalUri>https://waqfepayment.gslb.sit.eradahcapital.com/api/TMS/CreateUser</con:originalUri>
            <con:assertion type="Valid HTTP Status Codes" id="767c0c38-edf8-464f-a96c-9ff0b8d4f106" name="Valid HTTP Status Codes">
              <con:settings/>
              <con:configuration>
                <codes>200</codes>
              </con:configuration>
            </con:assertion>
            <con:credentials>
              <con:username>vendor1-erc</con:username>
              <con:password>Lkjh123!@#</con:password>
              <con:selectedAuthProfile>Basic</con:selectedAuthProfile>
              <con:preemptive>true</con:preemptive>
              <con:addedBasicAuthenticationTypes>Basic</con:addedBasicAuthenticationTypes>
              <con:authType>Preemptive</con:authType>
            </con:credentials>
            <con:jmsConfig JMSDeliveryMode="PERSISTENT"/>
            <con:parameters/>
          </con:restRequest>
        </con:config>
      </con:testStep>
      <con:testStep type="restrequest" name="UpdateUser" id="29f0dcc3-3174-43fe-950e-787aeafba4ed">
        <con:settings/>
        <con:config service="http://${#Project#url}" resourcePath="/api/TMS/UpdateUser" methodName="UpdateUser" xsi:type="con:RestRequestStep" xmlns:xsi="http://www.w3.org/2001/XMLSchema-instance">
          <con:restRequest name="UpdateUser" id="bab34dcc-1c9b-4f80-837b-e40d1bac22ae" mediaType="application/json" postQueryString="false">
            <con:settings>
              <con:setting id="com.eviware.soapui.impl.wsdl.WsdlRequest@request-headers">&lt;xml-fragment/></con:setting>
            </con:settings>
            <con:endpoint>${#Project#url}</con:endpoint>
            <con:request>{
    "SignOnRq": {
        "LogId": "${=java.util.UUID.randomUUID()}",
        "DateTime": "${TodayDate#result}",
        "ChannelId": "1",
        "OurBranchId": "01"
    },
    "RootObject": {
        "id": "a2737f2b8c134ee89f33b354a1b50e6c",
        "userId": "a73fe020-e39f-479b-9722-eccdbf6e15bc",
        "updatedUser": "API_HC_kashif",
        "customerId": "1064",
        "Nric": "123456789",
        "firstName": "a",
        "LastName": "b",
        "country": "S",
        "deviceID": "API_HC_Test"
    }
}</con:request>
            <con:originalUri>http://https/waqfepayment.gslb.sit.eradahcapital.com/api/TMS/UpdateUser</con:originalUri>
            <con:assertion type="Valid HTTP Status Codes" id="78e7d58c-bd31-48ab-8c10-1e255c4bef88" name="Valid HTTP Status Codes">
              <con:settings/>
              <con:configuration>
                <codes>200</codes>
              </con:configuration>
            </con:assertion>
            <con:credentials>
              <con:username>vendor1-erc</con:username>
              <con:password>Lkjh123!@#</con:password>
              <con:selectedAuthProfile>Basic</con:selectedAuthProfile>
              <con:preemptive>true</con:preemptive>
              <con:addedBasicAuthenticationTypes>Basic</con:addedBasicAuthenticationTypes>
              <con:authType>Preemptive</con:authType>
            </con:credentials>
            <con:jmsConfig JMSDeliveryMode="PERSISTENT"/>
            <con:parameters/>
          </con:restRequest>
        </con:config>
      </con:testStep>
      <con:testStep type="restrequest" name="DeleteUser" id="4d732297-662a-463f-82ea-d6d8767a9282">
        <con:settings/>
        <con:config service="http://${#Project#url}" resourcePath="/api/TMS/DeleteUser" methodName="DeleteUser" xsi:type="con:RestRequestStep" xmlns:xsi="http://www.w3.org/2001/XMLSchema-instance">
          <con:restRequest name="DeleteUser" id="4b598b6e-b348-4252-9f62-d4f16c0e3a17" mediaType="application/json" postQueryString="false">
            <con:settings>
              <con:setting id="com.eviware.soapui.impl.wsdl.WsdlRequest@request-headers">&lt;xml-fragment/></con:setting>
            </con:settings>
            <con:endpoint>${#Project#url}</con:endpoint>
            <con:request>{
    "SignOnRq": {
        "LogId": "${=java.util.UUID.randomUUID()}",
        "DateTime": "${TodayDate#result}",
        "ChannelId": "1",
        "OurBranchId": "01"
    },
    "RootObject": {
        "id": "${CreateUser#Response#$['content']}",
        "customerId": "1064"
    }
}</con:request>
            <con:originalUri>https://waqfepayment.gslb.sit.eradahcapital.com/api/TMS/DeleteUser</con:originalUri>
            <con:assertion type="Valid HTTP Status Codes" id="f8225eeb-c51e-4773-8575-4df9c509306c" name="Valid HTTP Status Codes">
              <con:settings/>
              <con:configuration>
                <codes>200</codes>
              </con:configuration>
            </con:assertion>
            <con:credentials>
              <con:username>vendor1-erc</con:username>
              <con:password>Lkjh123!@#</con:password>
              <con:selectedAuthProfile>Basic</con:selectedAuthProfile>
              <con:preemptive>true</con:preemptive>
              <con:addedBasicAuthenticationTypes>Basic</con:addedBasicAuthenticationTypes>
              <con:authType>Preemptive</con:authType>
            </con:credentials>
            <con:jmsConfig JMSDeliveryMode="PERSISTENT"/>
            <con:parameters/>
          </con:restRequest>
        </con:config>
      </con:testStep>
      <con:testStep type="restrequest" name="AssignToken" id="db45e557-79f7-4b1b-ae4e-cdfadf0145f6">
        <con:settings/>
        <con:config service="http://${#Project#url}" resourcePath="/api/TMS/AssignToken" methodName="AssignToken" xsi:type="con:RestRequestStep" xmlns:xsi="http://www.w3.org/2001/XMLSchema-instance">
          <con:restRequest name="AssignToken" id="3e80c148-dd6e-4ee1-b4c3-3b631a6b1b5b" mediaType="application/json" postQueryString="false">
            <con:settings>
              <con:setting id="com.eviware.soapui.impl.wsdl.WsdlRequest@request-headers">&lt;xml-fragment/></con:setting>
            </con:settings>
            <con:endpoint>${#Project#url}</con:endpoint>
            <con:request>{
    "SignOnRq": {
        "LogId": "${=java.util.UUID.randomUUID()}",
        "DateTime": "${TodayDate#result}",
        "ChannelId": "1",
        "OurBranchId": "01"
    },
    "RootObject": {
        "id": "a2737f2b8c134ee89f33b354a1b50e6c",
        "customerId": "1064"
    }
}</con:request>
            <con:originalUri>https://waqfepayment.gslb.sit.eradahcapital.com/api/TMS/AssignToken</con:originalUri>
            <con:assertion type="Valid HTTP Status Codes" id="a94c263e-2af8-4635-988f-e0f2e175913d" name="Valid HTTP Status Codes">
              <con:settings/>
              <con:configuration>
                <codes>200</codes>
              </con:configuration>
            </con:assertion>
            <con:credentials>
              <con:username>vendor1-erc</con:username>
              <con:password>Lkjh123!@#</con:password>
              <con:selectedAuthProfile>Basic</con:selectedAuthProfile>
              <con:preemptive>true</con:preemptive>
              <con:addedBasicAuthenticationTypes>Basic</con:addedBasicAuthenticationTypes>
              <con:authType>Preemptive</con:authType>
            </con:credentials>
            <con:jmsConfig JMSDeliveryMode="PERSISTENT"/>
            <con:parameters/>
          </con:restRequest>
        </con:config>
      </con:testStep>
      <con:testStep type="restrequest" name="RandomTokenAssignment" id="54697ca2-0453-4156-b96d-5d71553dfc92">
        <con:settings/>
        <con:config service="http://${#Project#url}" resourcePath="/api/TMS/RandomTokenAssignment" methodName="RandomTokenAssignment" xsi:type="con:RestRequestStep" xmlns:xsi="http://www.w3.org/2001/XMLSchema-instance">
          <con:restRequest name="RandomTokenAssignment" id="761f6cc3-77b4-4eb1-aa9e-6df3465d7fd6" mediaType="application/json" postQueryString="false">
            <con:settings>
              <con:setting id="com.eviware.soapui.impl.wsdl.WsdlRequest@request-headers">&lt;xml-fragment/></con:setting>
            </con:settings>
            <con:endpoint>${#Project#url}</con:endpoint>
            <con:request>{
    "SignOnRq": {
        "LogId": "${=java.util.UUID.randomUUID()}",
        "DateTime": "${TodayDate#result}",
        "ChannelId": "1",
        "OurBranchId": "01"
    },
    "RootObject": {
       
    "id":"a2737f2b8c134ee89f33b354a1b50e6c",
    "customerId": "1064",
    "token":"aEF79AC227",
    "apin":"d7rHT/H6yATsdZ5WIAEjQR/PPrIgWT7X9TXYlovbnyQg13RuRr+jSq8nCl+zFsByRVeGZn0ajwfEBRvDn+a6IqAsKc7PONhBIHIX+Mcrt3s="

    }
}</con:request>
            <con:originalUri>https://waqfepayment.gslb.sit.eradahcapital.com/api/TMS/RandomTokenAssignment</con:originalUri>
            <con:assertion type="Valid HTTP Status Codes" id="cda04c29-185a-42af-9a7d-f95be7c0ff84" name="Valid HTTP Status Codes">
              <con:settings/>
              <con:configuration>
                <codes>200</codes>
              </con:configuration>
            </con:assertion>
            <con:credentials>
              <con:username>vendor1-erc</con:username>
              <con:password>Lkjh123!@#</con:password>
              <con:selectedAuthProfile>Basic</con:selectedAuthProfile>
              <con:preemptive>true</con:preemptive>
              <con:addedBasicAuthenticationTypes>Basic</con:addedBasicAuthenticationTypes>
              <con:authType>Preemptive</con:authType>
            </con:credentials>
            <con:jmsConfig JMSDeliveryMode="PERSISTENT"/>
            <con:parameters/>
          </con:restRequest>
        </con:config>
      </con:testStep>
      <con:testStep type="restrequest" name="TokenStatusUpdate" id="bf06ce3f-cdbb-4199-a6a2-f9e558444a0b">
        <con:settings/>
        <con:config service="http://${#Project#url}" resourcePath="/api/TMS/TokenStatusUpdate" methodName="TokenStatusUpdate" xsi:type="con:RestRequestStep" xmlns:xsi="http://www.w3.org/2001/XMLSchema-instance">
          <con:restRequest name="TokenStatusUpdate" id="3faeea0e-d650-474c-b270-cfc69099a298" mediaType="application/json" postQueryString="false">
            <con:settings>
              <con:setting id="com.eviware.soapui.impl.wsdl.WsdlRequest@request-headers">&lt;xml-fragment/></con:setting>
            </con:settings>
            <con:endpoint>${#Project#url}</con:endpoint>
            <con:request>{
    "SignOnRq": {
        "LogId": "${=java.util.UUID.randomUUID()}",
        "DateTime": "${TodayDate#result}",
        "ChannelId": "1",
        "OurBranchId": "01"
    },
    "RootObject": {
       
 "customerId": "1064",
    "status":"ACTIVATED",
    "token":"${AssignToken#Response#$['content']['token']}"
    }
}</con:request>
            <con:originalUri>https://waqfepayment.gslb.sit.eradahcapital.com/api/TMS/TokenStatusUpdate</con:originalUri>
            <con:assertion type="Valid HTTP Status Codes" id="fa9da307-baf2-4ba1-855b-1c6b7584ad19" name="Valid HTTP Status Codes">
              <con:settings/>
              <con:configuration>
                <codes>200</codes>
              </con:configuration>
            </con:assertion>
            <con:credentials>
              <con:username>vendor1-erc</con:username>
              <con:password>Lkjh123!@#</con:password>
              <con:selectedAuthProfile>Basic</con:selectedAuthProfile>
              <con:preemptive>true</con:preemptive>
              <con:addedBasicAuthenticationTypes>Basic</con:addedBasicAuthenticationTypes>
              <con:authType>Preemptive</con:authType>
            </con:credentials>
            <con:jmsConfig JMSDeliveryMode="PERSISTENT"/>
            <con:parameters/>
          </con:restRequest>
        </con:config>
      </con:testStep>
      <con:testStep type="restrequest" name="AuthenticationRequest" id="ffc79bb7-7afb-4891-897a-4814faa6334a" disabled="true">
        <con:settings/>
        <con:config service="AuthenticationRequest" resourcePath="/api/TMS/AuthenticationRequest" methodName="AuthenticationRequest" xsi:type="con:RestRequestStep" xmlns:xsi="http://www.w3.org/2001/XMLSchema-instance">
          <con:restRequest name="AuthenticationRequest" id="74c2da51-5162-4b0d-91c7-9ea597323971" mediaType="application/json" postQueryString="false">
            <con:settings>
              <con:setting id="com.eviware.soapui.impl.wsdl.WsdlRequest@request-headers">&lt;xml-fragment/></con:setting>
            </con:settings>
            <con:endpoint>${#Project#url}</con:endpoint>
            <con:request>{
    "SignOnRq": {
        "LogId": "{{$guid}}",
        "DateTime": "2020-12-14T16:22:14.2910531+04:00",
        "ChannelId": "1",
        "OurBranchId": "02"
    },
    "customer": "1064",
    "RootObject": {
        "messageId": "AUTHmsg0c9011ac-abda-d48e-6af3-asefuyf2o4033c",
        "ts": "fR7F9D2DD4",
        "payloadData": {
            "passType": "1",
            "notifyMsgFlag": "0",
            "notifyMsgData": {
                "textToDisplay": "V-Key authenticate Request"
            },
            "msgFlag": "0",
            "msgData": {
                "data": ""
            }
        },
        "signatureData": "",
        "callbackUrl": "https://retail-vkey.gslb.uat.eradahcapital.com/api/VkeyHost/StatusUpdate",
        "customerId": "1064",
        "vseSign": "1",
        "simSign": "0"
    }
}</con:request>
            <con:originalUri>https://waqfepayment.gslb.sit.eradahcapital.com/api/TMS/AuthenticationRequest</con:originalUri>
            <con:assertion type="Valid HTTP Status Codes" id="e68e11cf-dd6a-4b0d-9b56-707f7c98c10e" name="Valid HTTP Status Codes">
              <con:settings/>
              <con:configuration>
                <codes>200</codes>
              </con:configuration>
            </con:assertion>
            <con:assertion type="Response SLA Assertion" id="28e95fcf-2014-4008-a778-e39b783322fa" name="Response SLA">
              <con:configuration>
                <SLA>200</SLA>
              </con:configuration>
            </con:assertion>
            <con:credentials>
              <con:username>vendor1-erc</con:username>
              <con:password>Lkjh123!@#</con:password>
              <con:selectedAuthProfile>Basic</con:selectedAuthProfile>
              <con:preemptive>true</con:preemptive>
              <con:addedBasicAuthenticationTypes>Basic</con:addedBasicAuthenticationTypes>
              <con:authType>Preemptive</con:authType>
            </con:credentials>
            <con:jmsConfig JMSDeliveryMode="PERSISTENT"/>
            <con:parameters/>
          </con:restRequest>
        </con:config>
      </con:testStep>
      <con:testStep type="restrequest" name="PushNotification" id="f0b36cbc-3fce-4635-b53e-b711a8e8b0b2" disabled="true">
        <con:settings/>
        <con:config service="PushNotification" resourcePath="/api/TMS/PushNotification" methodName="PushNotification" xsi:type="con:RestRequestStep" xmlns:xsi="http://www.w3.org/2001/XMLSchema-instance">
          <con:restRequest name="PushNotification" id="6f702786-4b67-4a0e-a3bb-fdeebee8134c" mediaType="application/json" postQueryString="false">
            <con:settings>
              <con:setting id="com.eviware.soapui.impl.wsdl.WsdlRequest@request-headers">&lt;xml-fragment/></con:setting>
            </con:settings>
            <con:endpoint>${#Project#url}</con:endpoint>
            <con:request/>
            <con:originalUri>https://waqfepayment.gslb.sit.eradahcapital.com/api/TMS/PushNotification</con:originalUri>
            <con:assertion type="Valid HTTP Status Codes" id="72294dda-87e2-4e05-832f-cb4005b93ea0" name="Valid HTTP Status Codes">
              <con:settings/>
              <con:configuration>
                <codes>200</codes>
              </con:configuration>
            </con:assertion>
            <con:assertion type="Response SLA Assertion" id="97ce0a98-34ce-4413-b7fd-9f1572954629" name="Response SLA">
              <con:configuration>
                <SLA>200</SLA>
              </con:configuration>
            </con:assertion>
            <con:credentials>
              <con:username>vendor1-erc</con:username>
              <con:password>Lkjh123!@#</con:password>
              <con:selectedAuthProfile>Basic</con:selectedAuthProfile>
              <con:preemptive>true</con:preemptive>
              <con:addedBasicAuthenticationTypes>Basic</con:addedBasicAuthenticationTypes>
              <con:authType>Preemptive</con:authType>
            </con:credentials>
            <con:jmsConfig JMSDeliveryMode="PERSISTENT"/>
            <con:parameters/>
          </con:restRequest>
        </con:config>
      </con:testStep>
      <con:testStep type="restrequest" name="RegisterToken" id="b8b7df96-f652-402e-9eee-8121f84f4eee" disabled="true">
        <con:settings/>
        <con:config service="RegisterToken" resourcePath="/api/TMS/RegisterToken" methodName="RegisterToken" xsi:type="con:RestRequestStep" xmlns:xsi="http://www.w3.org/2001/XMLSchema-instance">
          <con:restRequest name="RegisterToken" id="c069ca06-1884-4920-8a55-ac00d82e559f" mediaType="application/json" postQueryString="false">
            <con:settings>
              <con:setting id="com.eviware.soapui.impl.wsdl.WsdlRequest@request-headers">&lt;xml-fragment/></con:setting>
            </con:settings>
            <con:endpoint>${#Project#url}</con:endpoint>
            <con:request/>
            <con:originalUri>https://waqfepayment.gslb.sit.eradahcapital.com/api/TMS/RegisterToken</con:originalUri>
            <con:assertion type="Valid HTTP Status Codes" id="12d3ca06-846d-4d6f-9e77-8a2649a0d16c" name="Valid HTTP Status Codes">
              <con:settings/>
              <con:configuration>
                <codes>200</codes>
              </con:configuration>
            </con:assertion>
            <con:assertion type="Response SLA Assertion" id="2aab8151-c044-459b-973d-ed92ad7e4308" name="Response SLA">
              <con:configuration>
                <SLA>200</SLA>
              </con:configuration>
            </con:assertion>
            <con:credentials>
              <con:username>vendor1-erc</con:username>
              <con:password>Lkjh123!@#</con:password>
              <con:selectedAuthProfile>Basic</con:selectedAuthProfile>
              <con:preemptive>true</con:preemptive>
              <con:addedBasicAuthenticationTypes>Basic</con:addedBasicAuthenticationTypes>
              <con:authType>Preemptive</con:authType>
            </con:credentials>
            <con:jmsConfig JMSDeliveryMode="PERSISTENT"/>
            <con:parameters/>
          </con:restRequest>
        </con:config>
      </con:testStep>
      <con:properties/>
      <con:reportParameters/>
      <con:breakPoints>
        <con:testStepId>a4f8ed55-e53a-428f-ab7d-c98fe58ac95c</con:testStepId>
        <con:status>NONE</con:status>
        <con:properties/>
      </con:breakPoints>
    </con:testCase>
    <con:properties/>
    <con:reportParameters/>
  </con:testSuite>
  <con:savedRecentRuns>1</con:savedRecentRuns>
  <con:requirements/>
  <con:properties>
    <con:property>
      <con:name>url</con:name>
      <con:value>https://waqfepayment.gslb.uat.eradahcapital.com</con:value>
    </con:property>
  </con:properties>
  <con:wssContainer/>
  <con:databaseConnectionContainer/>
  <con:jmsConnectionContainer/>
  <con:oAuth2ProfileContainer/>
  <con:oAuth1ProfileContainer/>
  <con:reporting>
    <con:xmlTemplates/>
    <con:parameters/>
  </con:reporting>
  <con:eventHandlers type="RequestFilter.filterRequest" name="RequestFilter.filterRequest">
    <con:script>// Sample event script to add custom HTTP header to all outgoing REST, SOAP and HTTP(S) calls
// This code is often used for adding custom authentication to SoapUI Pro tests

// If hardcoding the token, uncomment and change line 5
// token = '4567'

// If your token is parameterized in Project level custom property, uncomment line 8
// token = request.parent.testCase.testSuite.project.getProperty('auth_token').getValue()

// To modify all outgoing calls, remove comments from lines 11 to 16
// headers = request.requestHeaders
// if (headers.containsKey('auth_token2') == false) {
//   headers.put('auth_token2', token)
//   request.requestHeaders = headers
// }</con:script>
  </con:eventHandlers>
  <con:eventHandlers type="TestRunListener.afterStep" name="TestRunListener.afterStep">
    <con:script>// Save all test step results into files
// Change the directory path in line 5 to a location where you want to store details
// then uncomment lines 5 to 10

// filePath = 'C:\\tempOutputDirectory\\'
// fos = new java.io.FileOutputStream(filePath + testStepResult.testStep.label + '.txt', true)
// pw = new java.io.PrintWriter(fos)
// testStepResult.writeTo(pw)
// pw.close()
// fos.close()</con:script>
  </con:eventHandlers>
  <con:authRepository/>
  <con:tags/>
</con:soapui-project>
