<?xml version="1.0" encoding="UTF-8"?>
<con:soapui-project id="2f824299-b9a8-4237-99f2-5e82b527718d" created="2.8.0" activeEnvironment="Default environment" name="ODSIMPLEMENTATION_MLP-UAT" resourceRoot="" updated="3.20.1 2022-01-18T13:40:47Z" encryptionMode="Not encrypted" xmlns:con="http://eviware.com/soapui/config">
  <con:settings>
    <con:setting id="IncludeOverview">true</con:setting>
    <con:setting id="IncludeResults">true</con:setting>
    <con:setting id="FlowLayout">true</con:setting>
    <con:setting id="ErrorDetails">true</con:setting>
    <con:setting id="IncludeCoverage">true</con:setting>
  </con:settings>
  <con:interface xsi:type="con:RestService" id="c4491669-c307-47c4-b179-352b80679a80" wadlVersion="http://wadl.dev.java.net/2009/02" name="${#Project#url}" type="rest" xmlns:xsi="http://www.w3.org/2001/XMLSchema-instance">
    <con:settings/>
    <con:definitionCache type="TEXT" rootPart=""/>
    <con:endpoints>
      <con:endpoint>${#Project#url}</con:endpoint>
    </con:endpoints>
    <con:resource name="GetBillPayment" path="/api/ODS/getBillPayment" id="b8097a09-1f95-494d-93e3-d72d3b97ff8b">
      <con:settings/>
      <con:parameters/>
      <con:method name="GetBillPayment" id="174f3b67-d8f7-4e07-84d3-16ad44ba18ec" method="POST">
        <con:settings/>
        <con:parameters>
          <con:parameter>
            <con:name>Content-Type</con:name>
            <con:value>application/json</con:value>
            <con:style>HEADER</con:style>
            <con:default/>
            <con:path xsi:nil="true"/>
            <con:description xsi:nil="true"/>
          </con:parameter>
        </con:parameters>
        <con:representation type="RESPONSE">
          <con:mediaType>application/json; charset=utf-8</con:mediaType>
          <con:status>200</con:status>
          <con:params/>
          <con:element xmlns:get="https://waqfepayment.gslb.uat.eradahcapital.com/api/ODS/getBillPayment">get:Response</con:element>
        </con:representation>
        <con:representation type="REQUEST">
          <con:mediaType>application/json</con:mediaType>
          <con:params/>
        </con:representation>
        <con:representation type="FAULT">
          <con:mediaType>application/json</con:mediaType>
          <con:status>401 400</con:status>
          <con:params/>
          <con:element xmlns:get="https://waqfepayment.gslb.uat.eradahcapital.com/api/ODS/getBillPayment">get:Fault</con:element>
        </con:representation>
        <con:request name="getBillPayment" id="3ccd5f2b-f2b4-410c-8abc-04c1e44ca854" mediaType="application/json">
          <con:settings/>
          <con:endpoint>${#Project#url}</con:endpoint>
          <con:request>{\r
    "SignOnRq": {\r
        "LogId": "{{$guid}}",\r
        "DateTime": "2019-07-14T09:15:12.0270941+00:00",\r
        "ChannelId": "16",\r
        "OurBranchId": "01"\r
    },\r
    "customerId":"000009876"\r
}</con:request>
          <con:credentials>
            <con:selectedAuthProfile>No Authorization</con:selectedAuthProfile>
            <con:authType>No Authorization</con:authType>
          </con:credentials>
          <con:parameters>
            <con:entry key="Content-Type" value="application/json"/>
          </con:parameters>
          <con:parameterOrder>
            <con:entry>Content-Type</con:entry>
          </con:parameterOrder>
        </con:request>
      </con:method>
    </con:resource>
    <con:resource name="GetBulkUpload" path="/api/ODS/getBulkUpload" id="66d0574b-5f23-41b0-9144-f8a7f8766dab">
      <con:settings/>
      <con:parameters/>
      <con:method name="GetBulkUpload" id="0bc3d4f8-1b04-47b9-8cda-18bfe92d37c5" method="POST">
        <con:settings/>
        <con:parameters>
          <con:parameter>
            <con:name>Content-Type</con:name>
            <con:value>application/json</con:value>
            <con:style>HEADER</con:style>
            <con:default/>
            <con:path xsi:nil="true"/>
            <con:description xsi:nil="true"/>
          </con:parameter>
        </con:parameters>
        <con:representation type="RESPONSE">
          <con:mediaType>application/json; charset=utf-8</con:mediaType>
          <con:status>200</con:status>
          <con:params/>
          <con:element xmlns:get="https://waqfepayment.gslb.uat.eradahcapital.com/api/ODS/getBulkUpload">get:Response</con:element>
        </con:representation>
        <con:representation type="REQUEST">
          <con:mediaType>application/json</con:mediaType>
          <con:params/>
        </con:representation>
        <con:representation type="FAULT">
          <con:mediaType>application/json</con:mediaType>
          <con:status>401 400</con:status>
          <con:params/>
          <con:element xmlns:get="https://waqfepayment.gslb.uat.eradahcapital.com/api/ODS/getBulkUpload">get:Fault</con:element>
        </con:representation>
        <con:request name="getBulkUpload" id="a1341a28-7904-4159-9503-bdd1e914819b" mediaType="application/json">
          <con:settings/>
          <con:endpoint>${#Project#url}</con:endpoint>
          <con:request>{\r
    "SignOnRq": {\r
        "LogId": "1234-567",\r
        "DateTime": "2019-07-14T09:15:12.0270941+00:00",\r
        "ChannelId": "16",\r
        "OurBranchId": "01"\r
    },\r
    "customerId":"000142346"\r
}</con:request>
          <con:credentials>
            <con:selectedAuthProfile>No Authorization</con:selectedAuthProfile>
            <con:authType>No Authorization</con:authType>
          </con:credentials>
          <con:parameters>
            <con:entry key="Content-Type" value="application/json"/>
          </con:parameters>
          <con:parameterOrder>
            <con:entry>Content-Type</con:entry>
          </con:parameterOrder>
        </con:request>
      </con:method>
    </con:resource>
    <con:resource name="GetSalaryUpload" path="/api/ODS/getSalaryUpload" id="c18e6a21-dfa3-4f20-9153-ae774a7d196c">
      <con:settings/>
      <con:parameters/>
      <con:method name="GetSalaryUpload" id="d0d0ad60-4137-4983-b27f-013b8dfef618" method="POST">
        <con:settings/>
        <con:parameters>
          <con:parameter>
            <con:name>Content-Type</con:name>
            <con:value>application/json</con:value>
            <con:style>HEADER</con:style>
            <con:default/>
            <con:path xsi:nil="true"/>
            <con:description xsi:nil="true"/>
          </con:parameter>
        </con:parameters>
        <con:representation type="REQUEST">
          <con:mediaType>application/json</con:mediaType>
          <con:params/>
        </con:representation>
        <con:representation type="RESPONSE">
          <con:mediaType>application/json; charset=utf-8</con:mediaType>
          <con:status>200</con:status>
          <con:params/>
          <con:element xmlns:get="https://waqfepayment.gslb.uat.eradahcapital.com/api/ODS/getSalaryUpload">get:Response</con:element>
        </con:representation>
        <con:representation type="FAULT">
          <con:mediaType>application/json</con:mediaType>
          <con:status>400</con:status>
          <con:params/>
          <con:element xmlns:get="https://waqfepayment.gslb.uat.eradahcapital.com/api/ODS/getSalaryUpload">get:Fault</con:element>
        </con:representation>
        <con:request name="getSalaryUpload" id="60ad1a31-aecb-44e2-9f77-09df79b8da1a" mediaType="application/json">
          <con:settings/>
          <con:endpoint>${#Project#url}</con:endpoint>
          <con:request>{\r
    "SignOnRq": {\r
        "LogId": "123-456",\r
        "DateTime": "2019-07-14T09:15:12.0270941+00:00",\r
        "ChannelId": "5",\r
        "OurBranchId": "01"\r
    },\r
    "customerId":"000000709"\r
}</con:request>
          <con:credentials>
            <con:selectedAuthProfile>No Authorization</con:selectedAuthProfile>
            <con:authType>No Authorization</con:authType>
          </con:credentials>
          <con:parameters>
            <con:entry key="Content-Type" value="application/json"/>
          </con:parameters>
          <con:parameterOrder>
            <con:entry>Content-Type</con:entry>
          </con:parameterOrder>
        </con:request>
      </con:method>
    </con:resource>
    <con:resource name="GetSweep" path="/api/ODS/getSweep" id="67a4b13b-78b7-472f-8b48-2beaa764a0ee">
      <con:settings/>
      <con:parameters/>
      <con:method name="GetSweep" id="41914944-a26e-4570-b329-fc0eb6e16ee5" method="POST">
        <con:settings/>
        <con:parameters>
          <con:parameter>
            <con:name>Content-Type</con:name>
            <con:value>application/json</con:value>
            <con:style>HEADER</con:style>
            <con:default/>
            <con:path xsi:nil="true"/>
            <con:description xsi:nil="true"/>
          </con:parameter>
        </con:parameters>
        <con:representation type="RESPONSE">
          <con:mediaType>application/json; charset=utf-8</con:mediaType>
          <con:status>200</con:status>
          <con:params/>
          <con:element xmlns:get="https://waqfepayment.gslb.uat.eradahcapital.com/api/ODS/getSweep">get:Response</con:element>
        </con:representation>
        <con:representation type="REQUEST">
          <con:mediaType>application/json</con:mediaType>
          <con:params/>
        </con:representation>
        <con:representation type="FAULT">
          <con:mediaType>application/json</con:mediaType>
          <con:status>400</con:status>
          <con:params/>
          <con:element xmlns:get="https://waqfepayment.gslb.uat.eradahcapital.com/api/ODS/getSweep">get:Fault</con:element>
        </con:representation>
        <con:request name="getSweep" id="adf23ad2-4212-4077-8826-7a4a981cf4cf" mediaType="application/json">
          <con:settings/>
          <con:endpoint>${#Project#url}</con:endpoint>
          <con:request>{\r
    "SignOnRq": {\r
        "LogId": "890-890",\r
        "DateTime": "2019-07-14T09:15:12.0270941+00:00",\r
        "ChannelId": "5",\r
        "OurBranchId": "01"\r
    },\r
    "customerId":"000000326"\r
}</con:request>
          <con:credentials>
            <con:selectedAuthProfile>No Authorization</con:selectedAuthProfile>
            <con:authType>No Authorization</con:authType>
          </con:credentials>
          <con:parameters>
            <con:entry key="Content-Type" value="application/json"/>
          </con:parameters>
          <con:parameterOrder>
            <con:entry>Content-Type</con:entry>
          </con:parameterOrder>
        </con:request>
      </con:method>
    </con:resource>
    <con:resource name="GetLoan" path="/api/ODS/getLoan" id="2c6d7dc5-8b16-43c7-9bf4-99bdd2d675f6">
      <con:settings/>
      <con:parameters/>
      <con:method name="GetLoan" id="86ac831f-73c3-417b-988b-da4c099a84c9" method="POST">
        <con:settings/>
        <con:parameters>
          <con:parameter>
            <con:name>Content-Type</con:name>
            <con:value>application/json</con:value>
            <con:style>HEADER</con:style>
            <con:default/>
            <con:path xsi:nil="true"/>
            <con:description xsi:nil="true"/>
          </con:parameter>
        </con:parameters>
        <con:representation type="REQUEST">
          <con:mediaType>application/json</con:mediaType>
          <con:params/>
        </con:representation>
        <con:representation type="RESPONSE">
          <con:mediaType>application/json; charset=utf-8</con:mediaType>
          <con:status>200</con:status>
          <con:params/>
          <con:element xmlns:get="https://waqfepayment.gslb.uat.eradahcapital.com/api/ODS/getLoan">get:Response</con:element>
        </con:representation>
        <con:representation type="FAULT">
          <con:mediaType>application/json</con:mediaType>
          <con:status>401 400</con:status>
          <con:params/>
          <con:element xmlns:get="https://waqfepayment.gslb.uat.eradahcapital.com/api/ODS/getLoan">get:Fault</con:element>
        </con:representation>
        <con:request name="getLoan" id="f428cfb5-52cd-4792-a862-c7fb2ec948c4" mediaType="application/json">
          <con:settings/>
          <con:endpoint>${#Project#url}</con:endpoint>
          <con:request>{\r
    "SignOnRq": {\r
        "LogId": "880-009",\r
        "DateTime": "2019-07-14T09:15:12.0270941+00:00",\r
        "ChannelId": "5",\r
        "OurBranchId": "01"\r
    },\r
    "customerId":"000074337"\r
}</con:request>
          <con:credentials>
            <con:selectedAuthProfile>No Authorization</con:selectedAuthProfile>
            <con:authType>No Authorization</con:authType>
          </con:credentials>
          <con:parameters>
            <con:entry key="Content-Type" value="application/json"/>
          </con:parameters>
          <con:parameterOrder>
            <con:entry>Content-Type</con:entry>
          </con:parameterOrder>
        </con:request>
      </con:method>
    </con:resource>
    <con:resource name="GetTermDeposit" path="/api/ODS/getTermDeposit" id="e802240e-58ea-4584-a72d-bb920b4ea2f9">
      <con:settings/>
      <con:parameters/>
      <con:method name="GetTermDeposit" id="e9359361-bd14-41c8-8ae7-9688737a08ca" method="POST">
        <con:settings/>
        <con:parameters>
          <con:parameter>
            <con:name>Content-Type</con:name>
            <con:value>application/json</con:value>
            <con:style>HEADER</con:style>
            <con:default/>
            <con:path xsi:nil="true"/>
            <con:description xsi:nil="true"/>
          </con:parameter>
        </con:parameters>
        <con:representation type="REQUEST">
          <con:mediaType>application/json</con:mediaType>
          <con:params/>
        </con:representation>
        <con:representation type="RESPONSE">
          <con:mediaType>application/json; charset=utf-8</con:mediaType>
          <con:status>200</con:status>
          <con:params/>
          <con:element xmlns:get="https://waqfepayment.gslb.uat.eradahcapital.com/api/ODS/getTermDeposit">get:Response</con:element>
        </con:representation>
        <con:representation type="FAULT">
          <con:mediaType>application/json</con:mediaType>
          <con:status>401</con:status>
          <con:params/>
          <con:element xmlns:get="https://waqfepayment.gslb.uat.eradahcapital.com/api/ODS/getTermDeposit">get:Fault</con:element>
        </con:representation>
        <con:request name="getTermDeposit" id="7ab220ff-5bb9-45ed-9dc5-b5ec93766040" mediaType="application/json">
          <con:settings/>
          <con:endpoint>${#Project#url}</con:endpoint>
          <con:request>{\r
    "SignOnRq": {\r
        "LogId": "778-009",\r
        "DateTime": "2019-07-14T09:15:12.0270941+00:00",\r
        "ChannelId": "5",\r
        "OurBranchId": "01"\r
    },\r
    "customerId":"000098420"\r
}</con:request>
          <con:credentials>
            <con:selectedAuthProfile>No Authorization</con:selectedAuthProfile>
            <con:authType>No Authorization</con:authType>
          </con:credentials>
          <con:parameters>
            <con:entry key="Content-Type" value="application/json"/>
          </con:parameters>
          <con:parameterOrder>
            <con:entry>Content-Type</con:entry>
          </con:parameterOrder>
        </con:request>
      </con:method>
    </con:resource>
    <con:resource name="GetHold" path="/api/ODS/getHold" id="202ab680-55c4-47c1-a8da-9a820eae829a">
      <con:settings/>
      <con:parameters/>
      <con:method name="GetHold" id="1d1e8da0-4dc6-4b1f-9069-6f87b3d0d6c4" method="POST">
        <con:settings/>
        <con:parameters>
          <con:parameter>
            <con:name>Content-Type</con:name>
            <con:value>application/json</con:value>
            <con:style>HEADER</con:style>
            <con:default/>
            <con:path xsi:nil="true"/>
            <con:description xsi:nil="true"/>
          </con:parameter>
        </con:parameters>
        <con:representation type="RESPONSE">
          <con:mediaType>application/json; charset=utf-8</con:mediaType>
          <con:status>200</con:status>
          <con:params/>
          <con:element xmlns:get="https://waqfepayment.gslb.uat.eradahcapital.com/api/ODS/getHold">get:Response</con:element>
        </con:representation>
        <con:representation type="REQUEST">
          <con:mediaType>application/json</con:mediaType>
          <con:params/>
        </con:representation>
        <con:representation type="FAULT">
          <con:mediaType>application/json</con:mediaType>
          <con:status>401</con:status>
          <con:params/>
          <con:element xmlns:get="https://waqfepayment.gslb.uat.eradahcapital.com/api/ODS/getHold">get:Fault</con:element>
        </con:representation>
        <con:request name="getHold" id="ee62d0a9-bb0c-47a1-8134-73f19e532163" mediaType="application/json" postQueryString="false">
          <con:settings/>
          <con:endpoint>${#Project#url}</con:endpoint>
          <con:request>{\r
    "SignOnRq": {\r
        "LogId": "123-456-789",\r
        "DateTime": "2019-07-14T09:15:12.0270941+00:00",\r
        "ChannelId": "5",\r
        "OurBranchId": "01"\r
    },\r
    "customerId":"000165996"\r
}</con:request>
          <con:credentials>
            <con:selectedAuthProfile>No Authorization</con:selectedAuthProfile>
            <con:authType>No Authorization</con:authType>
          </con:credentials>
          <con:jmsConfig JMSDeliveryMode="PERSISTENT"/>
          <con:parameters>
            <con:entry key="Content-Type" value="application/json"/>
          </con:parameters>
          <con:parameterOrder>
            <con:entry>Content-Type</con:entry>
          </con:parameterOrder>
        </con:request>
      </con:method>
    </con:resource>
    <con:resource name="Transaction" path="/api/ODS/Transaction" id="a173f072-6d43-4d30-a484-d0abac58550a">
      <con:settings/>
      <con:parameters/>
      <con:method name="Transaction" id="2dcb4134-fbfa-482d-9a5f-aa4477547ef9" method="POST">
        <con:settings/>
        <con:parameters>
          <con:parameter required="true">
            <con:name>Content-Type</con:name>
            <con:value/>
            <con:style>HEADER</con:style>
            <con:default/>
          </con:parameter>
        </con:parameters>
        <con:representation type="FAULT">
          <con:mediaType>application/json</con:mediaType>
          <con:status>400</con:status>
          <con:params/>
          <con:element xmlns:tran="https://waqfepayment.gslb.uat.eradahcapital.com/api/ODS/Transaction">tran:Fault</con:element>
        </con:representation>
        <con:representation type="REQUEST">
          <con:mediaType>application/json</con:mediaType>
          <con:params/>
        </con:representation>
        <con:representation type="RESPONSE">
          <con:mediaType>application/json; charset=utf-8</con:mediaType>
          <con:status>200</con:status>
          <con:params/>
          <con:element xmlns:tran="https://waqfepayment.gslb.uat.eradahcapital.com/api/ODS/Transaction">tran:Response</con:element>
        </con:representation>
        <con:request name="Transaction" id="9cc97a4d-686d-4cf0-8322-ff6af33d3618" mediaType="application/json" postQueryString="false">
          <con:settings>
            <con:setting id="com.eviware.soapui.impl.wsdl.WsdlRequest@request-headers">&lt;xml-fragment/></con:setting>
          </con:settings>
          <con:endpoint>${#Project#url}</con:endpoint>
          <con:request>Reqeust:
{
    "SignOnRq": {
        "LogId": "da4-37c1-4375-99bd-8c651c9b6e5a",
        "DateTime": "2021-06-24T15:58:33.134Z",
        "ChannelId": "16",
        "OurBranchId": "01"
    },
    "accountId": "0210100031499201",
    "page": "0",
    "size": "10"
}



Response:
{
    "requestDateTime": "2021-06-24T15:58:33.134Z",
    "logId": "da4-37c1-4375-99bd-8c651c9b6e5a",
    "status": {
        "code": "MSG-000000",
        "severity": "Success",
        "statusMessage": "Success"
    },
    "content": {
        "content": [
            {
                "productID": "ZACCIN",
                "accountName": "ABHINAV DOEGAR",
                "accountType": "Customer / subsidiary ledger account",
                "acquireCountryCode": "",
                "additionalData": null,
                "amount": 2000.0,
                "bankName": null,
                "bicCode": "EBILAEA0",
                "branchName": "Retail Branch",
                "buyExchangeRate": null,
                "cashbackEarnedAmount": null,
                "channelName": "IMS Payment Hub (ECSFin)",
                "channelRefId": "R699254450998953050126857",
                "channelSource": "",
                "chequeDate": null,
                "chequeDigit": null,
                "chequeId": null,
                "chequeSuperviseTerminal": null,
                "chequeStatus": null,
                "clearingType": " ",
                "companyNumber": "",
                "conversionRate": null,
                "currency": "AED",
                "customerId": "000314992",
                "description": "Outgoing AED Remittance to: Ravi AE950260000215684613301 Amnt: AED 2000.00 17062021 Memo: FTS to AE950260000215684613301 R699254450998953",
                "documentType": "",
                "drawerOrPayee": null,
                "ecommerceVisaAuthentication": "",
                "extraDetail": "Message has been Submitted",
                "feeAmount": 0.0,
                "foreignAmount": null,
                "fromAccountNumber": "0210100031499201",
                "holdAmountAed": null,
                "iban": null,
                "instrumentCopyText": "Outgoing AED Remittance to: Ravi AE950260000215684613301 Amnt: AED 2000.00 17062021 Memo: FTS to AE950260000215684613301 R699254450998953",
                "mainTransactionIdentifier": "true",
                "merchantCategoryCode": "",
                "merchantMoneythorType": "",
                "merchantName": null,
                "merchantType": "",
                "otherBankIdentifier": null,
                "postedDate": "2021-06-17T17:01:00.000+04:00",
                "productName": "Z Account",
                "reasonCodeSending": "FTS to AE950260000215684613301 R699254450998953",
                "referenceNumber": "",
                "registerDate": null,
                "remarks": "FTS to AE950260000215684613301 R699254450998953",
                "returnCode": null,
                "reversedIndicator": false,
                "settlementAmount": 2000.0,
                "settlementCurrency": "",
                "sourceBranch": "",
                "specialExchangeRate": null,
                "specialExchangeRateIndicator": null,
                "standingInstructionIndicator": false,
                "status": "SUBMITTED",
                "swiftCode": "EBILAEA0",
                "targetBranch": "",
                "toAccountNumber": "AE950260000215684613301",
                "transactionAmountType": "transaction",
                "transactionDate": "2021-06-17T17:01:27.057+04:00",
                "transferType": "IPI outgoing",
                "type": "debit",
                "typeDescription": "Outgoing transfer within UAE",
                "valueDate": "2021-06-17T00:00:00.000+04:00",
                "visaTransactionId": null,
                "voucherCode": null,
                "withholdingTaxAmount": 0.0,
                "withholdingTaxMode": "T",
                "beneficiaryAddress": null,
                "beneficiaryBankAddress": null,
                "beneficiaryBankName": "EmiratesNBD Bank PJSC",
                "beneficiaryName": "Ravi",
                "exchangeRate": 1.0,
                "reason": "Utility Bill Payments",
                "reference": "R699254450998953"
            },
            {
                "productID": null,
                "accountName": null,
                "accountType": "",
                "acquireCountryCode": null,
                "additionalData": null,
                "amount": 2000.0,
                "bankName": null,
                "bicCode": "EBILAEA0",
                "branchName": null,
                "buyExchangeRate": null,
                "cashbackEarnedAmount": null,
                "channelName": null,
                "channelRefId": null,
                "channelSource": null,
                "chequeDate": null,
                "chequeDigit": null,
                "chequeId": null,
                "chequeSuperviseTerminal": null,
                "chequeStatus": null,
                "clearingType": null,
                "companyNumber": null,
                "conversionRate": null,
                "currency": null,
                "customerId": "000314992",
                "description": null,
                "documentType": null,
                "drawerOrPayee": null,
                "ecommerceVisaAuthentication": null,
                "extraDetail": "Message has been Submitted",
                "feeAmount": 0.0,
                "foreignAmount": null,
                "fromAccountNumber": "0210100031499201",
                "holdAmountAed": null,
                "iban": null,
                "instrumentCopyText": null,
                "mainTransactionIdentifier": null,
                "merchantCategoryCode": null,
                "merchantMoneythorType": null,
                "merchantName": null,
                "merchantType": null,
                "otherBankIdentifier": null,
                "postedDate": "2021-06-17T17:01:00.000+04:00",
                "productName": null,
                "reasonCodeSending": "FTS to AE950260000215684613301 R699254450998953",
                "referenceNumber": null,
                "registerDate": null,
                "remarks": "FTS to AE950260000215684613301 R699254450998953",
                "returnCode": null,
                "reversedIndicator": false,
                "settlementAmount": 2000.0,
                "settlementCurrency": null,
                "sourceBranch": null,
                "specialExchangeRate": null,
                "specialExchangeRateIndicator": null,
                "standingInstructionIndicator": false,
                "status": "SUBMITTED",
                "swiftCode": "EBILAEA0",
                "targetBranch": null,
                "toAccountNumber": "AE950260000215684613301",
                "transactionAmountType": null,
                "transactionDate": null,
                "transferType": "IPI outgoing",
                "type": null,
                "typeDescription": "",
                "valueDate": null,
                "visaTransactionId": null,
                "voucherCode": null,
                "withholdingTaxAmount": null,
                "withholdingTaxMode": null,
                "beneficiaryAddress": null,
                "beneficiaryBankAddress": null,
                "beneficiaryBankName": "EmiratesNBD Bank PJSC",
                "beneficiaryName": "Ravi",
                "exchangeRate": 1.0,
                "reason": "Utility Bill Payments",
                "reference": "R699254450998953"
            },
            {
                "productID": "ZACCIN",
                "accountName": "ABHINAV DOEGAR",
                "accountType": "Customer / subsidiary ledger account",
                "acquireCountryCode": "",
                "additionalData": null,
                "amount": 2000.0,
                "bankName": null,
                "bicCode": "EBILAEA0",
                "branchName": "Retail Branch",
                "buyExchangeRate": null,
                "cashbackEarnedAmount": null,
                "channelName": "IMS Payment Hub (ECSFin)",
                "channelRefId": "R554779754748398050028210",
                "channelSource": "",
                "chequeDate": null,
                "chequeDigit": null,
                "chequeId": null,
                "chequeSuperviseTerminal": null,
                "chequeStatus": null,
                "clearingType": " ",
                "companyNumber": "",
                "conversionRate": null,
                "currency": "AED",
                "customerId": "000314992",
                "description": "Outgoing AED Remittance to: Ravi AE950260000215684613301 Amnt: AED 2000.00 17062021 Memo: FTS to AE950260000215684613301 R554779754748398",
                "documentType": "",
                "drawerOrPayee": null,
                "ecommerceVisaAuthentication": "",
                "extraDetail": "Message has been Submitted",
                "feeAmount": 0.0,
                "foreignAmount": null,
                "fromAccountNumber": "0210100031499201",
                "holdAmountAed": null,
                "iban": null,
                "instrumentCopyText": "Outgoing AED Remittance to: Ravi AE950260000215684613301 Amnt: AED 2000.00 17062021 Memo: FTS to AE950260000215684613301 R554779754748398",
                "mainTransactionIdentifier": "true",
                "merchantCategoryCode": "",
                "merchantMoneythorType": "",
                "merchantName": null,
                "merchantType": "",
                "otherBankIdentifier": null,
                "postedDate": "2021-06-17T17:00:00.000+04:00",
                "productName": "Z Account",
                "reasonCodeSending": "FTS to AE950260000215684613301 R554779754748398",
                "referenceNumber": "",
                "registerDate": null,
                "remarks": "FTS to AE950260000215684613301 R554779754748398",
                "returnCode": null,
                "reversedIndicator": false,
                "settlementAmount": 2000.0,
                "settlementCurrency": "",
                "sourceBranch": "",
                "specialExchangeRate": null,
                "specialExchangeRateIndicator": null,
                "standingInstructionIndicator": false,
                "status": "SUBMITTED",
                "swiftCode": "EBILAEA0",
                "targetBranch": "",
                "toAccountNumber": "AE950260000215684613301",
                "transactionAmountType": "transaction",
                "transactionDate": "2021-06-17T17:00:28.430+04:00",
                "transferType": "IPI outgoing",
                "type": "debit",
                "typeDescription": "Outgoing transfer within UAE",
                "valueDate": "2021-06-17T00:00:00.000+04:00",
                "visaTransactionId": null,
                "voucherCode": null,
                "withholdingTaxAmount": 0.0,
                "withholdingTaxMode": "T",
                "beneficiaryAddress": null,
                "beneficiaryBankAddress": null,
                "beneficiaryBankName": "EmiratesNBD Bank PJSC",
                "beneficiaryName": "Ravi",
                "exchangeRate": 1.0,
                "reason": "Utility Bill Payments",
                "reference": "R554779754748398"
            },
            {
                "productID": null,
                "accountName": null,
                "accountType": "",
                "acquireCountryCode": null,
                "additionalData": null,
                "amount": 2000.0,
                "bankName": null,
                "bicCode": "EBILAEA0",
                "branchName": null,
                "buyExchangeRate": null,
                "cashbackEarnedAmount": null,
                "channelName": null,
                "channelRefId": null,
                "channelSource": null,
                "chequeDate": null,
                "chequeDigit": null,
                "chequeId": null,
                "chequeSuperviseTerminal": null,
                "chequeStatus": null,
                "clearingType": null,
                "companyNumber": null,
                "conversionRate": null,
                "currency": null,
                "customerId": "000314992",
                "description": null,
                "documentType": null,
                "drawerOrPayee": null,
                "ecommerceVisaAuthentication": null,
                "extraDetail": "Message has been Submitted",
                "feeAmount": 0.0,
                "foreignAmount": null,
                "fromAccountNumber": "0210100031499201",
                "holdAmountAed": null,
                "iban": null,
                "instrumentCopyText": null,
                "mainTransactionIdentifier": null,
                "merchantCategoryCode": null,
                "merchantMoneythorType": null,
                "merchantName": null,
                "merchantType": null,
                "otherBankIdentifier": null,
                "postedDate": "2021-06-17T17:00:00.000+04:00",
                "productName": null,
                "reasonCodeSending": "FTS to AE950260000215684613301 R554779754748398",
                "referenceNumber": null,
                "registerDate": null,
                "remarks": "FTS to AE950260000215684613301 R554779754748398",
                "returnCode": null,
                "reversedIndicator": false,
                "settlementAmount": 2000.0,
                "settlementCurrency": null,
                "sourceBranch": null,
                "specialExchangeRate": null,
                "specialExchangeRateIndicator": null,
                "standingInstructionIndicator": false,
                "status": "SUBMITTED",
                "swiftCode": "EBILAEA0",
                "targetBranch": null,
                "toAccountNumber": "AE950260000215684613301",
                "transactionAmountType": null,
                "transactionDate": null,
                "transferType": "IPI outgoing",
                "type": null,
                "typeDescription": "",
                "valueDate": null,
                "visaTransactionId": null,
                "voucherCode": null,
                "withholdingTaxAmount": null,
                "withholdingTaxMode": null,
                "beneficiaryAddress": null,
                "beneficiaryBankAddress": null,
                "beneficiaryBankName": "EmiratesNBD Bank PJSC",
                "beneficiaryName": "Ravi",
                "exchangeRate": 1.0,
                "reason": "Utility Bill Payments",
                "reference": "R554779754748398"
            },
            {
                "productID": "ZACCIN",
                "accountName": "ABHINAV DOEGAR",
                "accountType": "Customer / subsidiary ledger account",
                "acquireCountryCode": "",
                "additionalData": null,
                "amount": 3000.0,
                "bankName": null,
                "bicCode": "EBILAEA0",
                "branchName": "Retail Branch",
                "buyExchangeRate": null,
                "cashbackEarnedAmount": null,
                "channelName": "IMS Payment Hub (ECSFin)",
                "channelRefId": "R313951877348108045856111",
                "channelSource": "",
                "chequeDate": null,
                "chequeDigit": null,
                "chequeId": null,
                "chequeSuperviseTerminal": null,
                "chequeStatus": null,
                "clearingType": " ",
                "companyNumber": "",
                "conversionRate": null,
                "currency": "AED",
                "customerId": "000314992",
                "description": "Outgoing AED Remittance to: Ravi AE950260000215684613301 Amnt: AED 3000.00 17062021 Memo: FTS to AE950260000215684613301 R313951877348108",
                "documentType": "",
                "drawerOrPayee": null,
                "ecommerceVisaAuthentication": "",
                "extraDetail": "Message has been Submitted",
                "feeAmount": 0.0,
                "foreignAmount": null,
                "fromAccountNumber": "0210100031499201",
                "holdAmountAed": null,
                "iban": null,
                "instrumentCopyText": "Outgoing AED Remittance to: Ravi AE950260000215684613301 Amnt: AED 3000.00 17062021 Memo: FTS to AE950260000215684613301 R313951877348108",
                "mainTransactionIdentifier": "true",
                "merchantCategoryCode": "",
                "merchantMoneythorType": "",
                "merchantName": null,
                "merchantType": "",
                "otherBankIdentifier": null,
                "postedDate": "2021-06-17T16:58:00.000+04:00",
                "productName": "Z Account",
                "reasonCodeSending": "FTS to AE950260000215684613301 R313951877348108",
                "referenceNumber": "",
                "registerDate": null,
                "remarks": "FTS to AE950260000215684613301 R313951877348108",
                "returnCode": null,
                "reversedIndicator": false,
                "settlementAmount": 3000.0,
                "settlementCurrency": "",
                "sourceBranch": "",
                "specialExchangeRate": null,
                "specialExchangeRateIndicator": null,
                "standingInstructionIndicator": false,
                "status": "SUBMITTED",
                "swiftCode": "EBILAEA0",
                "targetBranch": "",
                "toAccountNumber": "AE950260000215684613301",
                "transactionAmountType": "transaction",
                "transactionDate": "2021-06-17T16:58:56.310+04:00",
                "transferType": "IPI outgoing",
                "type": "debit",
                "typeDescription": "Outgoing transfer within UAE",
                "valueDate": "2021-06-17T00:00:00.000+04:00",
                "visaTransactionId": null,
                "voucherCode": null,
                "withholdingTaxAmount": 0.0,
                "withholdingTaxMode": "T",
                "beneficiaryAddress": null,
                "beneficiaryBankAddress": null,
                "beneficiaryBankName": "EmiratesNBD Bank PJSC",
                "beneficiaryName": "Ravi",
                "exchangeRate": 1.0,
                "reason": "Financial services",
                "reference": "R313951877348108"
            },
            {
                "productID": null,
                "accountName": null,
                "accountType": "",
                "acquireCountryCode": null,
                "additionalData": null,
                "amount": 3000.0,
                "bankName": null,
                "bicCode": "EBILAEA0",
                "branchName": null,
                "buyExchangeRate": null,
                "cashbackEarnedAmount": null,
                "channelName": null,
                "channelRefId": null,
                "channelSource": null,
                "chequeDate": null,
                "chequeDigit": null,
                "chequeId": null,
                "chequeSuperviseTerminal": null,
                "chequeStatus": null,
                "clearingType": null,
                "companyNumber": null,
                "conversionRate": null,
                "currency": null,
                "customerId": "000314992",
                "description": null,
                "documentType": null,
                "drawerOrPayee": null,
                "ecommerceVisaAuthentication": null,
                "extraDetail": "Message has been Submitted",
                "feeAmount": 0.0,
                "foreignAmount": null,
                "fromAccountNumber": "0210100031499201",
                "holdAmountAed": null,
                "iban": null,
                "instrumentCopyText": null,
                "mainTransactionIdentifier": null,
                "merchantCategoryCode": null,
                "merchantMoneythorType": null,
                "merchantName": null,
                "merchantType": null,
                "otherBankIdentifier": null,
                "postedDate": "2021-06-17T16:58:00.000+04:00",
                "productName": null,
                "reasonCodeSending": "FTS to AE950260000215684613301 R313951877348108",
                "referenceNumber": null,
                "registerDate": null,
                "remarks": "FTS to AE950260000215684613301 R313951877348108",
                "returnCode": null,
                "reversedIndicator": false,
                "settlementAmount": 3000.0,
                "settlementCurrency": null,
                "sourceBranch": null,
                "specialExchangeRate": null,
                "specialExchangeRateIndicator": null,
                "standingInstructionIndicator": false,
                "status": "SUBMITTED",
                "swiftCode": "EBILAEA0",
                "targetBranch": null,
                "toAccountNumber": "AE950260000215684613301",
                "transactionAmountType": null,
                "transactionDate": null,
                "transferType": "IPI outgoing",
                "type": null,
                "typeDescription": "",
                "valueDate": null,
                "visaTransactionId": null,
                "voucherCode": null,
                "withholdingTaxAmount": null,
                "withholdingTaxMode": null,
                "beneficiaryAddress": null,
                "beneficiaryBankAddress": null,
                "beneficiaryBankName": "EmiratesNBD Bank PJSC",
                "beneficiaryName": "Ravi",
                "exchangeRate": 1.0,
                "reason": "Financial services",
                "reference": "R313951877348108"
            },
            {
                "productID": "ZACCIN",
                "accountName": "ABHINAV DOEGAR",
                "accountType": "Customer / subsidiary ledger account",
                "acquireCountryCode": "",
                "additionalData": "",
                "amount": 0.35,
                "bankName": "ZAND BANK",
                "bicCode": "",
                "branchName": "Retail Branch",
                "buyExchangeRate": null,
                "cashbackEarnedAmount": null,
                "channelName": "IMS Payment Hub (ECSFin)",
                "channelRefId": "R408444161172395045751216",
                "channelSource": "",
                "chequeDate": null,
                "chequeDigit": null,
                "chequeId": null,
                "chequeSuperviseTerminal": null,
                "chequeStatus": null,
                "clearingType": " ",
                "companyNumber": "",
                "conversionRate": null,
                "currency": "AED",
                "customerId": "000314992",
                "description": "Value Added Tax (VAT) for transaction - R408444161172395045751216",
                "documentType": "",
                "drawerOrPayee": null,
                "ecommerceVisaAuthentication": "",
                "extraDetail": null,
                "feeAmount": null,
                "foreignAmount": 0.0,
                "fromAccountNumber": "",
                "holdAmountAed": null,
                "iban": null,
                "instrumentCopyText": "Value Added Tax (VAT) for transaction - R408444161172395045751216",
                "mainTransactionIdentifier": "true",
                "merchantCategoryCode": "",
                "merchantMoneythorType": "",
                "merchantName": null,
                "merchantType": "",
                "otherBankIdentifier": "",
                "postedDate": "2021-06-17T16:57:51.533+04:00",
                "productName": "Z Account",
                "reasonCodeSending": "",
                "referenceNumber": "VAT",
                "registerDate": null,
                "remarks": "",
                "returnCode": null,
                "reversedIndicator": null,
                "settlementAmount": null,
                "settlementCurrency": "",
                "sourceBranch": "",
                "specialExchangeRate": null,
                "specialExchangeRateIndicator": null,
                "standingInstructionIndicator": null,
                "status": "posted",
                "swiftCode": "ZANDAEAA",
                "targetBranch": "",
                "toAccountNumber": "",
                "transactionAmountType": "vat",
                "transactionDate": "2021-06-17T16:57:51.533+04:00",
                "transferType": "",
                "type": "debit",
                "typeDescription": "VAT on Fees and Charges",
                "valueDate": "2021-06-17T00:00:00.000+04:00",
                "visaTransactionId": null,
                "voucherCode": null,
                "withholdingTaxAmount": 0.0,
                "withholdingTaxMode": "T",
                "beneficiaryAddress": null,
                "beneficiaryBankAddress": null,
                "beneficiaryBankName": null,
                "beneficiaryName": null,
                "exchangeRate": null,
                "reason": null,
                "reference": null
            },
            {
                "productID": "ZACCIN",
                "accountName": "ABHINAV DOEGAR",
                "accountType": "Customer / subsidiary ledger account",
                "acquireCountryCode": "",
                "additionalData": null,
                "amount": 20000.0,
                "bankName": null,
                "bicCode": "EBILAEA0",
                "branchName": "Retail Branch",
                "buyExchangeRate": null,
                "cashbackEarnedAmount": null,
                "channelName": "IMS Payment Hub (ECSFin)",
                "channelRefId": "R408444161172395045751216",
                "channelSource": "",
                "chequeDate": null,
                "chequeDigit": null,
                "chequeId": null,
                "chequeSuperviseTerminal": null,
                "chequeStatus": null,
                "clearingType": " ",
                "companyNumber": "",
                "conversionRate": null,
                "currency": "AED",
                "customerId": "000314992",
                "description": "Outgoing AED Remittance to: Ravi AE950260000215684613301 Amnt: AED 20000.00 17062021 Memo: FTS to AE950260000215684613301 R408444161172395",
                "documentType": "",
                "drawerOrPayee": null,
                "ecommerceVisaAuthentication": "",
                "extraDetail": "Message has been Submitted",
                "feeAmount": 7.0,
                "foreignAmount": null,
                "fromAccountNumber": "0210100031499201",
                "holdAmountAed": null,
                "iban": null,
                "instrumentCopyText": "Outgoing AED Remittance to: Ravi AE950260000215684613301 Amnt: AED 20000.00 17062021 Memo: FTS to AE950260000215684613301 R408444161172395",
                "mainTransactionIdentifier": "true",
                "merchantCategoryCode": "",
                "merchantMoneythorType": "",
                "merchantName": null,
                "merchantType": "",
                "otherBankIdentifier": null,
                "postedDate": "2021-06-17T16:57:00.000+04:00",
                "productName": "Z Account",
                "reasonCodeSending": "FTS to AE950260000215684613301 R408444161172395",
                "referenceNumber": "",
                "registerDate": null,
                "remarks": "FTS to AE950260000215684613301 R408444161172395",
                "returnCode": null,
                "reversedIndicator": false,
                "settlementAmount": 20000.0,
                "settlementCurrency": "",
                "sourceBranch": "",
                "specialExchangeRate": null,
                "specialExchangeRateIndicator": null,
                "standingInstructionIndicator": false,
                "status": "SUBMITTED",
                "swiftCode": "EBILAEA0",
                "targetBranch": "",
                "toAccountNumber": "AE950260000215684613301",
                "transactionAmountType": "transaction",
                "transactionDate": "2021-06-17T16:57:51.497+04:00",
                "transferType": "FTS outgoing",
                "type": "debit",
                "typeDescription": "Outgoing transfer within UAE",
                "valueDate": "2021-06-17T00:00:00.000+04:00",
                "visaTransactionId": null,
                "voucherCode": null,
                "withholdingTaxAmount": 0.0,
                "withholdingTaxMode": "T",
                "beneficiaryAddress": null,
                "beneficiaryBankAddress": null,
                "beneficiaryBankName": "EmiratesNBD Bank PJSC",
                "beneficiaryName": "Ravi",
                "exchangeRate": 1.0,
                "reason": "Commission",
                "reference": "R408444161172395"
            },
            {
                "productID": "ZACCIN",
                "accountName": "ABHINAV DOEGAR",
                "accountType": "Customer / subsidiary ledger account",
                "acquireCountryCode": "",
                "additionalData": null,
                "amount": 7.0,
                "bankName": null,
                "bicCode": "EBILAEA0",
                "branchName": "Retail Branch",
                "buyExchangeRate": null,
                "cashbackEarnedAmount": null,
                "channelName": "IMS Payment Hub (ECSFin)",
                "channelRefId": "R408444161172395045751216",
                "channelSource": "",
                "chequeDate": null,
                "chequeDigit": null,
                "chequeId": null,
                "chequeSuperviseTerminal": null,
                "chequeStatus": null,
                "clearingType": " ",
                "companyNumber": "",
                "conversionRate": null,
                "currency": "AED",
                "customerId": "000314992",
                "description": "Outgoing AED Remittance Processing Fee to: Ravi Amnt: AED 20000.00 17062021 Memo: FTS to AE950260000215684613301 R408444161172395",
                "documentType": "",
                "drawerOrPayee": null,
                "ecommerceVisaAuthentication": "",
                "extraDetail": "Message has been Submitted",
                "feeAmount": 7.0,
                "foreignAmount": null,
                "fromAccountNumber": "0210100031499201",
                "holdAmountAed": null,
                "iban": null,
                "instrumentCopyText": "Outgoing AED Remittance Processing Fee to: Ravi Amnt: AED 20000.00 17062021 Memo: FTS to AE950260000215684613301 R408444161172395",
                "mainTransactionIdentifier": "true",
                "merchantCategoryCode": "",
                "merchantMoneythorType": "",
                "merchantName": null,
                "merchantType": "",
                "otherBankIdentifier": null,
                "postedDate": "2021-06-17T16:57:00.000+04:00",
                "productName": "Z Account",
                "reasonCodeSending": "FTS to AE950260000215684613301 R408444161172395",
                "referenceNumber": "",
                "registerDate": null,
                "remarks": "FTS to AE950260000215684613301 R408444161172395",
                "returnCode": null,
                "reversedIndicator": false,
                "settlementAmount": 20000.0,
                "settlementCurrency": "",
                "sourceBranch": "",
                "specialExchangeRate": null,
                "specialExchangeRateIndicator": null,
                "standingInstructionIndicator": false,
                "status": "SUBMITTED",
                "swiftCode": "EBILAEA0",
                "targetBranch": "",
                "toAccountNumber": "AE950260000215684613301",
                "transactionAmountType": "transaction",
                "transactionDate": "2021-06-17T16:57:51.517+04:00",
                "transferType": "FTS outgoing",
                "type": "debit",
                "typeDescription": "Fee for Outgoing transfer within UAE",
                "valueDate": "2021-06-17T00:00:00.000+04:00",
                "visaTransactionId": null,
                "voucherCode": null,
                "withholdingTaxAmount": 0.35,
                "withholdingTaxMode": "T",
                "beneficiaryAddress": null,
                "beneficiaryBankAddress": null,
                "beneficiaryBankName": "EmiratesNBD Bank PJSC",
                "beneficiaryName": "Ravi",
                "exchangeRate": 1.0,
                "reason": "Commission",
                "reference": "R408444161172395"
            },
            {
                "productID": null,
                "accountName": null,
                "accountType": "",
                "acquireCountryCode": null,
                "additionalData": null,
                "amount": 20000.0,
                "bankName": null,
                "bicCode": "EBILAEA0",
                "branchName": null,
                "buyExchangeRate": null,
                "cashbackEarnedAmount": null,
                "channelName": null,
                "channelRefId": null,
                "channelSource": null,
                "chequeDate": null,
                "chequeDigit": null,
                "chequeId": null,
                "chequeSuperviseTerminal": null,
                "chequeStatus": null,
                "clearingType": null,
                "companyNumber": null,
                "conversionRate": null,
                "currency": null,
                "customerId": "000314992",
                "description": null,
                "documentType": null,
                "drawerOrPayee": null,
                "ecommerceVisaAuthentication": null,
                "extraDetail": "Message has been Submitted",
                "feeAmount": 7.0,
                "foreignAmount": null,
                "fromAccountNumber": "0210100031499201",
                "holdAmountAed": null,
                "iban": null,
                "instrumentCopyText": null,
                "mainTransactionIdentifier": null,
                "merchantCategoryCode": null,
                "merchantMoneythorType": null,
                "merchantName": null,
                "merchantType": null,
                "otherBankIdentifier": null,
                "postedDate": "2021-06-17T16:57:00.000+04:00",
                "productName": null,
                "reasonCodeSending": "FTS to AE950260000215684613301 R408444161172395",
                "referenceNumber": null,
                "registerDate": null,
                "remarks": "FTS to AE950260000215684613301 R408444161172395",
                "returnCode": null,
                "reversedIndicator": false,
                "settlementAmount": 20000.0,
                "settlementCurrency": null,
                "sourceBranch": null,
                "specialExchangeRate": null,
                "specialExchangeRateIndicator": null,
                "standingInstructionIndicator": false,
                "status": "SUBMITTED",
                "swiftCode": "EBILAEA0",
                "targetBranch": null,
                "toAccountNumber": "AE950260000215684613301",
                "transactionAmountType": null,
                "transactionDate": null,
                "transferType": "FTS outgoing",
                "type": null,
                "typeDescription": "",
                "valueDate": null,
                "visaTransactionId": null,
                "voucherCode": null,
                "withholdingTaxAmount": null,
                "withholdingTaxMode": null,
                "beneficiaryAddress": null,
                "beneficiaryBankAddress": null,
                "beneficiaryBankName": "EmiratesNBD Bank PJSC",
                "beneficiaryName": "Ravi",
                "exchangeRate": 1.0,
                "reason": "Commission",
                "reference": "R408444161172395"
            }
        ],
        "totalPages": 4,
        "totalElements": 36,
        "last": false,
        "size": 10,
        "numberOfElements": 10,
        "first": true,
        "empty": false
    }
}</con:request>
          <con:credentials>
            <con:selectedAuthProfile>No Authorization</con:selectedAuthProfile>
            <con:authType>No Authorization</con:authType>
          </con:credentials>
          <con:jmsConfig JMSDeliveryMode="PERSISTENT"/>
          <con:parameters>
            <con:entry key="Content-Type" value="application/json"/>
          </con:parameters>
          <con:parameterOrder>
            <con:entry>Content-Type</con:entry>
          </con:parameterOrder>
        </con:request>
      </con:method>
    </con:resource>
    <con:resource name="BenificiaryTransaction" path="/api/ODS/BeneficiaryTransaction" id="b44b62cd-662d-463e-ab4e-fcde7209ea47">
      <con:settings/>
      <con:parameters/>
      <con:method name="BeneficiaryTransaction" id="f5b81e55-fac1-4cb8-a5c6-07f058b9edea" method="POST">
        <con:settings/>
        <con:parameters>
          <con:parameter required="true">
            <con:name>Content-type</con:name>
            <con:value/>
            <con:style>HEADER</con:style>
            <con:default/>
          </con:parameter>
        </con:parameters>
        <con:representation type="FAULT">
          <con:mediaType>application/json</con:mediaType>
          <con:status>400</con:status>
          <con:params/>
          <con:element xmlns:ben="https://waqfepayment.gslb.uat.eradahcapital.com/api/ODS/BenificiaryTransaction">ben:Fault</con:element>
        </con:representation>
        <con:representation type="REQUEST">
          <con:mediaType>application/json</con:mediaType>
          <con:params/>
        </con:representation>
        <con:representation type="RESPONSE">
          <con:mediaType>application/json; charset=utf-8</con:mediaType>
          <con:status>200</con:status>
          <con:params/>
          <con:element xmlns:ben="https://waqfepayment.gslb.uat.eradahcapital.com/api/ODS/BenificiaryTransaction">ben:Response</con:element>
        </con:representation>
        <con:representation type="FAULT">
          <con:mediaType>application/json; charset=utf-8</con:mediaType>
          <con:status>400</con:status>
          <con:params/>
          <con:element xmlns:ben="https://waqfepayment.gslb.uat.eradahcapital.com/api/ODS/BenificiaryTransaction">ben:Fault</con:element>
        </con:representation>
        <con:request name="BeneficiaryTransaction" id="b50fc2b9-201c-4b2d-9898-e61e2bb56341" mediaType="application/json" postQueryString="false">
          <con:settings>
            <con:setting id="com.eviware.soapui.impl.wsdl.WsdlRequest@request-headers">&lt;xml-fragment/></con:setting>
          </con:settings>
          <con:endpoint>${#Project#url}</con:endpoint>
          <con:request>{
    "SignOnRq": {
        "LogId": "{{$guid}}",
        "DateTime": "2021-06-22T09:39:50.408Z",
        "ChannelId": "16",
        "OurBranchId": "01"
    },
    "beneficiaryBusinessKey": "0210100031728101_32000788620022434173",
    "page": "0",
    "size": "10"
}</con:request>
          <con:credentials>
            <con:selectedAuthProfile>No Authorization</con:selectedAuthProfile>
            <con:authType>No Authorization</con:authType>
          </con:credentials>
          <con:jmsConfig JMSDeliveryMode="PERSISTENT"/>
          <con:parameters>
            <con:entry key="Content-type" value="application/json"/>
          </con:parameters>
          <con:parameterOrder>
            <con:entry>Content-type</con:entry>
          </con:parameterOrder>
        </con:request>
      </con:method>
    </con:resource>
    <con:resource name="getAccountsV3" path="/api/ODS/getAccountsV3" id="f20d0fc3-fcdc-41aa-ade8-158a5cbd2a6d">
      <con:settings/>
      <con:parameters/>
      <con:method name="getAccountV3" id="4343b42b-f095-4b32-94c9-2ae4bde074ab" method="POST">
        <con:settings/>
        <con:parameters>
          <con:parameter required="true">
            <con:name>Content-Type</con:name>
            <con:value/>
            <con:style>HEADER</con:style>
            <con:default/>
          </con:parameter>
        </con:parameters>
        <con:representation type="REQUEST">
          <con:mediaType>application/json</con:mediaType>
          <con:params/>
        </con:representation>
        <con:representation type="FAULT">
          <con:mediaType>application/json</con:mediaType>
          <con:status>401</con:status>
          <con:params/>
          <con:element xmlns:get="https://waqfepayment.gslb.uat.eradahcapital.com/api/ODS/getAccountsV3">get:Fault</con:element>
        </con:representation>
        <con:representation type="RESPONSE">
          <con:mediaType>application/json; charset=utf-8</con:mediaType>
          <con:status>200</con:status>
          <con:params/>
          <con:element xmlns:get="https://waqfepayment.gslb.uat.eradahcapital.com/api/ODS/getAccountsV3">get:Response</con:element>
        </con:representation>
        <con:request name="getAccountV3" id="99023ed8-dc8c-4167-8450-f694be2b9163" mediaType="application/json" postQueryString="false">
          <con:settings>
            <con:setting id="com.eviware.soapui.impl.wsdl.WsdlRequest@request-headers">&lt;xml-fragment/></con:setting>
          </con:settings>
          <con:endpoint>${#Project#url}</con:endpoint>
          <con:request>{
    "signOnRq": {
        "LogId": "{{$guid}}",
        "DateTime": "2019-08-18",
        "ChannelId": "16",
        "OurBranchId": "01"
    },
    "data": {
        "CustomerId": "000000334"
    }
}</con:request>
          <con:credentials>
            <con:selectedAuthProfile>No Authorization</con:selectedAuthProfile>
            <con:authType>No Authorization</con:authType>
          </con:credentials>
          <con:jmsConfig JMSDeliveryMode="PERSISTENT"/>
          <con:parameters>
            <con:entry key="Content-Type" value="application/json"/>
          </con:parameters>
          <con:parameterOrder>
            <con:entry>Content-Type</con:entry>
          </con:parameterOrder>
        </con:request>
      </con:method>
    </con:resource>
  </con:interface>
  <con:testSuite id="f31d532c-30ad-44c1-b245-b7b8bbfe831f" name="Cycle_20">
    <con:settings/>
    <con:savedRecentRuns>1</con:savedRecentRuns>
    <con:runType>SEQUENTIAL</con:runType>
    <con:testCase id="389ebc84-ef73-4d50-b585-be1e0b3cfea5" discardOkResults="false" failOnError="false" failTestCaseOnErrors="true" keepSession="false" name="ODS_2" searchProperties="true" timeout="0" wsrmEnabled="false" wsrmVersion="1.0" wsrmAckTo="" amfAuthorisation="false" amfEndpoint="" amfLogin="" amfPassword="" zephyrTestName="" zephyrTestId="">
      <con:settings/>
      <con:savedRecentRuns>1</con:savedRecentRuns>
      <con:testStep type="restrequest" name="getBillPayment" id="3d811db7-4d5f-4b75-a65a-d943d8e2aab5">
        <con:settings/>
        <con:config service="${#Project#url}" resourcePath="/api/ODS/getBillPayment" methodName="GetBillPayment" xsi:type="con:RestRequestStep" xmlns:xsi="http://www.w3.org/2001/XMLSchema-instance">
          <con:restRequest name="getBillPayment" id="3ccd5f2b-f2b4-410c-8abc-04c1e44ca854" mediaType="application/json" postQueryString="false">
            <con:settings>
              <con:setting id="com.eviware.soapui.impl.wsdl.WsdlRequest@request-headers">&lt;xml-fragment/></con:setting>
            </con:settings>
            <con:endpoint>${#Project#url}</con:endpoint>
            <con:request>{\r
    "SignOnRq": {\r
        "LogId": "${=java.util.UUID.randomUUID()}",\r
        "DateTime": "2019-07-14T09:15:12.0270941+00:00",\r
        "ChannelId": "16",\r
        "OurBranchId": "01"\r
    },\r
    "customerId":"000009876"\r
}</con:request>
            <con:originalUri>https://waqfepayment.gslb.uat.eradahcapital.com/api/ODS/getBillPayment</con:originalUri>
            <con:assertion type="Valid HTTP Status Codes" id="11a9e5a0-2410-4e14-83df-fb0d772e0ff5" name="Valid HTTP Status Codes">
              <con:settings/>
              <con:configuration>
                <codes>200</codes>
              </con:configuration>
            </con:assertion>
            <con:credentials>
              <con:username>vendor16-erc</con:username>
              <con:password>P@ssw0rd16</con:password>
              <con:selectedAuthProfile>Basic</con:selectedAuthProfile>
              <con:preemptive>true</con:preemptive>
              <con:addedBasicAuthenticationTypes>Basic</con:addedBasicAuthenticationTypes>
              <con:authType>Preemptive</con:authType>
            </con:credentials>
            <con:jmsConfig JMSDeliveryMode="PERSISTENT"/>
            <con:parameters>
              <con:entry key="Content-Type" value="application/json"/>
            </con:parameters>
            <con:parameterOrder>
              <con:entry>Content-Type</con:entry>
            </con:parameterOrder>
          </con:restRequest>
        </con:config>
      </con:testStep>
      <con:testStep type="restrequest" name="getBulkUpload" id="a4905205-0716-4ff6-b5de-e123769c96be">
        <con:settings/>
        <con:config service="${#Project#url}" resourcePath="/api/ODS/getBulkUpload" methodName="GetBulkUpload" xsi:type="con:RestRequestStep" xmlns:xsi="http://www.w3.org/2001/XMLSchema-instance">
          <con:restRequest name="getBulkUpload" id="a1341a28-7904-4159-9503-bdd1e914819b" mediaType="application/json" postQueryString="false">
            <con:settings>
              <con:setting id="com.eviware.soapui.impl.wsdl.WsdlRequest@request-headers">&lt;xml-fragment/></con:setting>
            </con:settings>
            <con:endpoint>${#Project#url}</con:endpoint>
            <con:request>{\r
    "SignOnRq": {\r
        "LogId": "${=java.util.UUID.randomUUID()}",\r
        "DateTime": "2019-07-14T09:15:12.0270941+00:00",\r
        "ChannelId": "16",\r
        "OurBranchId": "01"\r
    },\r
    "customerId":"000000709"\r
}</con:request>
            <con:originalUri>https://waqfepayment.gslb.uat.eradahcapital.com/api/ODS/getBulkUpload</con:originalUri>
            <con:assertion type="Valid HTTP Status Codes" id="0d5a268b-e419-4bd2-8ae6-6a9666ded03a" name="Valid HTTP Status Codes">
              <con:settings/>
              <con:configuration>
                <codes>200</codes>
              </con:configuration>
            </con:assertion>
            <con:credentials>
              <con:username>vendor16-erc</con:username>
              <con:password>P@ssw0rd16</con:password>
              <con:selectedAuthProfile>Basic</con:selectedAuthProfile>
              <con:preemptive>true</con:preemptive>
              <con:addedBasicAuthenticationTypes>NTLM</con:addedBasicAuthenticationTypes>
              <con:addedBasicAuthenticationTypes>Basic</con:addedBasicAuthenticationTypes>
              <con:authType>Preemptive</con:authType>
            </con:credentials>
            <con:jmsConfig JMSDeliveryMode="PERSISTENT"/>
            <con:parameters>
              <con:entry key="Content-Type" value="application/json"/>
            </con:parameters>
            <con:parameterOrder>
              <con:entry>Content-Type</con:entry>
            </con:parameterOrder>
          </con:restRequest>
        </con:config>
      </con:testStep>
      <con:testStep type="restrequest" name="getSalaryUpload" id="b4f53f4b-cb63-4c57-8680-62daf6992af9">
        <con:settings/>
        <con:config service="${#Project#url}" resourcePath="/api/ODS/getSalaryUpload" methodName="GetSalaryUpload" xsi:type="con:RestRequestStep" xmlns:xsi="http://www.w3.org/2001/XMLSchema-instance">
          <con:restRequest name="getSalaryUpload" id="60ad1a31-aecb-44e2-9f77-09df79b8da1a" mediaType="application/json" postQueryString="false">
            <con:settings>
              <con:setting id="com.eviware.soapui.impl.wsdl.WsdlRequest@request-headers">&lt;xml-fragment/></con:setting>
            </con:settings>
            <con:endpoint>${#Project#url}</con:endpoint>
            <con:request>{\r
    "SignOnRq": {\r
        "LogId": "${=java.util.UUID.randomUUID()}",\r
        "DateTime": "2019-07-14T09:15:12.0270941+00:00",\r
        "ChannelId": "16",\r
        "OurBranchId": "01"\r
    },\r
    "customerId":"000000709"\r
}</con:request>
            <con:originalUri>https://waqfepayment.gslb.uat.eradahcapital.com/api/ODS/getSalaryUpload</con:originalUri>
            <con:assertion type="Valid HTTP Status Codes" id="5b236566-00e7-4d4c-8083-8ed6665f807f" name="Valid HTTP Status Codes">
              <con:settings/>
              <con:configuration>
                <codes>200</codes>
              </con:configuration>
            </con:assertion>
            <con:credentials>
              <con:username>vendor16-erc</con:username>
              <con:password>P@ssw0rd16</con:password>
              <con:selectedAuthProfile>Basic</con:selectedAuthProfile>
              <con:preemptive>true</con:preemptive>
              <con:addedBasicAuthenticationTypes>Basic</con:addedBasicAuthenticationTypes>
              <con:authType>Preemptive</con:authType>
            </con:credentials>
            <con:jmsConfig JMSDeliveryMode="PERSISTENT"/>
            <con:parameters>
              <con:entry key="Content-Type" value="application/json"/>
            </con:parameters>
            <con:parameterOrder>
              <con:entry>Content-Type</con:entry>
            </con:parameterOrder>
          </con:restRequest>
        </con:config>
      </con:testStep>
      <con:testStep type="restrequest" name="getSweep" id="0e766334-2636-4528-9250-6034b1e4016f">
        <con:settings/>
        <con:config service="${#Project#url}" resourcePath="/api/ODS/getSweep" methodName="GetSweep" xsi:type="con:RestRequestStep" xmlns:xsi="http://www.w3.org/2001/XMLSchema-instance">
          <con:restRequest name="getSweep" id="adf23ad2-4212-4077-8826-7a4a981cf4cf" mediaType="application/json" postQueryString="false">
            <con:settings>
              <con:setting id="com.eviware.soapui.impl.wsdl.WsdlRequest@request-headers">&lt;xml-fragment/></con:setting>
            </con:settings>
            <con:endpoint>${#Project#url}</con:endpoint>
            <con:request>{\r
    "SignOnRq": {\r
        "LogId": "${=java.util.UUID.randomUUID()}",\r
        "DateTime": "2019-07-14T09:15:12.0270941+00:00",\r
        "ChannelId": "16",\r
        "OurBranchId": "01"\r
    },\r
    "customerId":"000317547"\r
}</con:request>
            <con:originalUri>https://waqfepayment.gslb.uat.eradahcapital.com/api/ODS/getSweep</con:originalUri>
            <con:assertion type="Valid HTTP Status Codes" id="05f98982-ba07-4df5-8220-05ac40cbf907" name="Valid HTTP Status Codes">
              <con:settings/>
              <con:configuration>
                <codes>200</codes>
              </con:configuration>
            </con:assertion>
            <con:credentials>
              <con:username>vendor16-erc</con:username>
              <con:password>P@ssw0rd16</con:password>
              <con:selectedAuthProfile>Basic</con:selectedAuthProfile>
              <con:preemptive>true</con:preemptive>
              <con:addedBasicAuthenticationTypes>Basic</con:addedBasicAuthenticationTypes>
              <con:authType>Preemptive</con:authType>
            </con:credentials>
            <con:jmsConfig JMSDeliveryMode="PERSISTENT"/>
            <con:parameters>
              <con:entry key="Content-Type" value="application/json"/>
            </con:parameters>
            <con:parameterOrder>
              <con:entry>Content-Type</con:entry>
            </con:parameterOrder>
          </con:restRequest>
        </con:config>
      </con:testStep>
      <con:testStep type="restrequest" name="getLoan" id="af203631-7d4e-47b5-93d2-f21d9d290ffa" disabled="true">
        <con:settings/>
        <con:config service="${#Project#url}" resourcePath="/api/ODS/getLoan" methodName="GetLoan" xsi:type="con:RestRequestStep" xmlns:xsi="http://www.w3.org/2001/XMLSchema-instance">
          <con:restRequest name="getLoan" id="f428cfb5-52cd-4792-a862-c7fb2ec948c4" mediaType="application/json" postQueryString="false">
            <con:settings>
              <con:setting id="com.eviware.soapui.impl.wsdl.WsdlRequest@request-headers">&lt;xml-fragment/></con:setting>
            </con:settings>
            <con:endpoint>${#Project#url}</con:endpoint>
            <con:request>{\r
    "SignOnRq": {\r
        "LogId": "${=java.util.UUID.randomUUID()}",\r
        "DateTime": "2019-07-14T09:15:12.0270941+00:00",\r
        "ChannelId": "16",\r
        "OurBranchId": "01"\r
    },\r
    "customerId":"000316011"\r
}</con:request>
            <con:originalUri>https://waqfepayment.gslb.uat.eradahcapital.com/api/ODS/getLoan</con:originalUri>
            <con:assertion type="Valid HTTP Status Codes" id="446c1ca2-f3e0-42d3-b826-ada6b9a17227" name="Valid HTTP Status Codes">
              <con:settings/>
              <con:configuration>
                <codes>200</codes>
              </con:configuration>
            </con:assertion>
            <con:credentials>
              <con:username>vendor16-erc</con:username>
              <con:password>P@ssw0rd16</con:password>
              <con:selectedAuthProfile>Basic</con:selectedAuthProfile>
              <con:preemptive>true</con:preemptive>
              <con:addedBasicAuthenticationTypes>Basic</con:addedBasicAuthenticationTypes>
              <con:authType>Preemptive</con:authType>
            </con:credentials>
            <con:jmsConfig JMSDeliveryMode="PERSISTENT"/>
            <con:parameters>
              <con:entry key="Content-Type" value="application/json"/>
            </con:parameters>
            <con:parameterOrder>
              <con:entry>Content-Type</con:entry>
            </con:parameterOrder>
          </con:restRequest>
        </con:config>
      </con:testStep>
      <con:testStep type="restrequest" name="getTermDeposit" id="71d1e97c-5e83-407c-8acb-87f1c1879c7d">
        <con:settings/>
        <con:config service="${#Project#url}" resourcePath="/api/ODS/getTermDeposit" methodName="GetTermDeposit" xsi:type="con:RestRequestStep" xmlns:xsi="http://www.w3.org/2001/XMLSchema-instance">
          <con:restRequest name="getTermDeposit" id="7ab220ff-5bb9-45ed-9dc5-b5ec93766040" mediaType="application/json" postQueryString="false">
            <con:settings>
              <con:setting id="com.eviware.soapui.impl.wsdl.WsdlRequest@request-headers">&lt;xml-fragment/></con:setting>
            </con:settings>
            <con:endpoint>${#Project#url}</con:endpoint>
            <con:request>{\r
    "SignOnRq": {\r
        "LogId": "${=java.util.UUID.randomUUID()}",\r
        "DateTime": "2019-07-14T09:15:12.0270941+00:00",\r
        "ChannelId": "16",\r
        "OurBranchId": "01"\r
    },\r
    "customerId":"000098420"\r
}</con:request>
            <con:originalUri>https://waqfepayment.gslb.uat.eradahcapital.com/api/ODS/getTermDeposit</con:originalUri>
            <con:assertion type="Valid HTTP Status Codes" id="44c8268c-8f95-4213-a923-d6de353cc4bf" name="Valid HTTP Status Codes">
              <con:settings/>
              <con:configuration>
                <codes>200</codes>
              </con:configuration>
            </con:assertion>
            <con:credentials>
              <con:username>vendor16-erc</con:username>
              <con:password>P@ssw0rd16</con:password>
              <con:selectedAuthProfile>Basic</con:selectedAuthProfile>
              <con:preemptive>true</con:preemptive>
              <con:addedBasicAuthenticationTypes>Basic</con:addedBasicAuthenticationTypes>
              <con:authType>Preemptive</con:authType>
            </con:credentials>
            <con:jmsConfig JMSDeliveryMode="PERSISTENT"/>
            <con:parameters>
              <con:entry key="Content-Type" value="application/json"/>
            </con:parameters>
            <con:parameterOrder>
              <con:entry>Content-Type</con:entry>
            </con:parameterOrder>
          </con:restRequest>
        </con:config>
      </con:testStep>
      <con:testStep type="restrequest" name="getHold" id="a2617b86-7fb1-4afc-bf1b-d2ee9fa2312e">
        <con:settings/>
        <con:config service="${#Project#url}" resourcePath="/api/ODS/getHold" methodName="GetHold" xsi:type="con:RestRequestStep" xmlns:xsi="http://www.w3.org/2001/XMLSchema-instance">
          <con:restRequest name="getHold" id="ee62d0a9-bb0c-47a1-8134-73f19e532163" mediaType="application/json" postQueryString="false">
            <con:settings>
              <con:setting id="com.eviware.soapui.impl.wsdl.WsdlRequest@request-headers">&lt;xml-fragment/></con:setting>
            </con:settings>
            <con:endpoint>${#Project#url}</con:endpoint>
            <con:request>{\r
    "SignOnRq": {\r
        "LogId": "${=java.util.UUID.randomUUID()}",\r
        "DateTime": "2019-07-14T09:15:12.0270941+00:00",\r
        "ChannelId": "16",\r
        "OurBranchId": "01"\r
    },\r
    "customerId":"000165996"\r
}</con:request>
            <con:originalUri>https://waqfepayment.gslb.uat.eradahcapital.com/api/ODS/getHold</con:originalUri>
            <con:assertion type="Valid HTTP Status Codes" id="56451332-80a6-4b87-9764-ed2c6bc18b09" name="Valid HTTP Status Codes">
              <con:settings/>
              <con:configuration>
                <codes>200</codes>
              </con:configuration>
            </con:assertion>
            <con:credentials>
              <con:username>vendor16-erc</con:username>
              <con:password>P@ssw0rd16</con:password>
              <con:selectedAuthProfile>Basic</con:selectedAuthProfile>
              <con:preemptive>true</con:preemptive>
              <con:addedBasicAuthenticationTypes>Basic</con:addedBasicAuthenticationTypes>
              <con:authType>Preemptive</con:authType>
            </con:credentials>
            <con:jmsConfig JMSDeliveryMode="PERSISTENT"/>
            <con:parameters>
              <con:entry key="Content-Type" value="application/json"/>
            </con:parameters>
            <con:parameterOrder>
              <con:entry>Content-Type</con:entry>
            </con:parameterOrder>
          </con:restRequest>
        </con:config>
      </con:testStep>
      <con:testStep type="restrequest" name="Transaction" id="d2c738de-28f4-4f34-a5fb-752046f465ad">
        <con:settings/>
        <con:config service="${#Project#url}" resourcePath="/api/ODS/Transaction" methodName="Transaction" xsi:type="con:RestRequestStep" xmlns:xsi="http://www.w3.org/2001/XMLSchema-instance">
          <con:restRequest name="Transaction" id="9cc97a4d-686d-4cf0-8322-ff6af33d3618" mediaType="application/json" postQueryString="false">
            <con:settings>
              <con:setting id="com.eviware.soapui.impl.wsdl.WsdlRequest@request-headers">&lt;xml-fragment/></con:setting>
            </con:settings>
            <con:endpoint>${#Project#url}</con:endpoint>
            <con:request>{
    "SignOnRq": {
        "LogId": "da4-37c1-4375-99bd-8c651c9b6e5a",
        "DateTime": "2021-06-24T15:58:33.134Z",
        "ChannelId": "16",
        "OurBranchId": "01"
    },
    "accountId": "0210100031499201",
    "page": "0",
    "size": "10"
}</con:request>
            <con:originalUri>https://waqfepayment.gslb.uat.eradahcapital.com/api/ODS/Transaction</con:originalUri>
            <con:assertion type="Valid HTTP Status Codes" id="46b591ab-d088-4a24-bd03-97ae3e79d646" name="Valid HTTP Status Codes">
              <con:settings/>
              <con:configuration>
                <codes>200</codes>
              </con:configuration>
            </con:assertion>
            <con:credentials>
              <con:username>vendor16-erc</con:username>
              <con:password>P@ssw0rd16</con:password>
              <con:selectedAuthProfile>Basic</con:selectedAuthProfile>
              <con:addedBasicAuthenticationTypes>Basic</con:addedBasicAuthenticationTypes>
              <con:authType>Global HTTP Settings</con:authType>
            </con:credentials>
            <con:jmsConfig JMSDeliveryMode="PERSISTENT"/>
            <con:parameters>
              <con:entry key="Content-Type" value=""/>
            </con:parameters>
            <con:parameterOrder>
              <con:entry>Content-Type</con:entry>
            </con:parameterOrder>
          </con:restRequest>
        </con:config>
      </con:testStep>
      <con:testStep type="restrequest" name="BeneficiaryTransaction" id="a5b17c69-6d38-43a8-992f-821bb65492e6">
        <con:settings/>
        <con:config service="${#Project#url}" resourcePath="/api/ODS/BeneficiaryTransaction" methodName="BeneficiaryTransaction" xsi:type="con:RestRequestStep" xmlns:xsi="http://www.w3.org/2001/XMLSchema-instance">
          <con:restRequest name="BeneficiaryTransaction" id="b50fc2b9-201c-4b2d-9898-e61e2bb56341" mediaType="application/json" postQueryString="false">
            <con:settings>
              <con:setting id="com.eviware.soapui.impl.wsdl.WsdlRequest@request-headers">&lt;xml-fragment/></con:setting>
            </con:settings>
            <con:endpoint>${#Project#url}</con:endpoint>
            <con:request>{
    "SignOnRq": {
        "LogId": "{{$guid}}",
        "DateTime": "2021-06-22T09:39:50.408Z",
        "ChannelId": "16",
        "OurBranchId": "01"
    },
    "beneficiaryBusinessKey": "0210100031728101_32000788620022434173",
    "page": "0",
    "size": "10"
}</con:request>
            <con:originalUri>https://waqfepayment.gslb.uat.eradahcapital.com/api/ODS/BenificiaryTransaction</con:originalUri>
            <con:assertion type="Valid HTTP Status Codes" id="5151bc73-31d6-4747-9631-7e51a9e9bb7e" name="Valid HTTP Status Codes">
              <con:settings/>
              <con:configuration>
                <codes>200</codes>
              </con:configuration>
            </con:assertion>
            <con:credentials>
              <con:username>vendor16-erc</con:username>
              <con:password>P@ssw0rd16</con:password>
              <con:selectedAuthProfile>Basic</con:selectedAuthProfile>
              <con:addedBasicAuthenticationTypes>Basic</con:addedBasicAuthenticationTypes>
              <con:authType>Global HTTP Settings</con:authType>
            </con:credentials>
            <con:jmsConfig JMSDeliveryMode="PERSISTENT"/>
            <con:parameters>
              <con:entry key="Content-type" value="application/json"/>
            </con:parameters>
            <con:parameterOrder>
              <con:entry>Content-type</con:entry>
            </con:parameterOrder>
          </con:restRequest>
        </con:config>
      </con:testStep>
      <con:testStep type="restrequest" name="getAccountV3" id="90bcf416-ddcb-4c4f-b46c-60b3485dba1b">
        <con:settings/>
        <con:config service="${#Project#url}" resourcePath="/api/ODS/getAccountsV3" methodName="getAccountV3" xsi:type="con:RestRequestStep" xmlns:xsi="http://www.w3.org/2001/XMLSchema-instance">
          <con:restRequest name="getAccountV3" id="99023ed8-dc8c-4167-8450-f694be2b9163" mediaType="application/json" postQueryString="false">
            <con:settings>
              <con:setting id="com.eviware.soapui.impl.wsdl.WsdlRequest@request-headers">&lt;xml-fragment/></con:setting>
            </con:settings>
            <con:endpoint>${#Project#url}</con:endpoint>
            <con:request>{
    "signOnRq": {
        "LogId": "{{$guid}}",
        "DateTime": "2019-08-18",
        "ChannelId": "16",
        "OurBranchId": "01"
    },
    "data": {
        "CustomerId": "000000334"
    }
}</con:request>
            <con:originalUri>https://waqfepayment.gslb.uat.eradahcapital.com/api/ODS/getAccountsV3</con:originalUri>
            <con:assertion type="Valid HTTP Status Codes" id="bed0e457-64a7-49ea-a096-9e7043b436e8" name="Valid HTTP Status Codes">
              <con:settings/>
              <con:configuration>
                <codes>200</codes>
              </con:configuration>
            </con:assertion>
            <con:credentials>
              <con:username>vendor16-erc</con:username>
              <con:password>P@ssw0rd16</con:password>
              <con:selectedAuthProfile>Basic</con:selectedAuthProfile>
              <con:addedBasicAuthenticationTypes>Basic</con:addedBasicAuthenticationTypes>
              <con:authType>Global HTTP Settings</con:authType>
            </con:credentials>
            <con:jmsConfig JMSDeliveryMode="PERSISTENT"/>
            <con:parameters>
              <con:entry key="Content-Type" value="application/json"/>
            </con:parameters>
            <con:parameterOrder>
              <con:entry>Content-Type</con:entry>
            </con:parameterOrder>
          </con:restRequest>
        </con:config>
      </con:testStep>
      <con:properties/>
      <con:reportParameters/>
    </con:testCase>
    <con:properties/>
    <con:reportParameters/>
  </con:testSuite>
  <con:savedRecentRuns>1</con:savedRecentRuns>
  <con:requirements/>
  <con:properties>
    <con:property>
      <con:name>url</con:name>
      <con:value>https://waqfepayment.gslb.uat.eradahcapital.com</con:value>
    </con:property>
  </con:properties>
  <con:wssContainer/>
  <con:databaseConnectionContainer/>
  <con:jmsConnectionContainer/>
  <con:oAuth2ProfileContainer/>
  <con:oAuth1ProfileContainer/>
  <con:reporting>
    <con:xmlTemplates/>
    <con:parameters/>
  </con:reporting>
  <con:eventHandlers type="RequestFilter.filterRequest" name="RequestFilter.filterRequest">
    <con:script>// Sample event script to add custom HTTP header to all outgoing REST, SOAP and HTTP(S) calls
// This code is often used for adding custom authentication to SoapUI Pro tests

// If hardcoding the token, uncomment and change line 5
// def token = '4567'

// If your token is parameterized in Project level custom property, uncomment line 8
// def token = request.parent.testCase.testSuite.project.getProperty('auth_token').getValue()

// To modify all outgoing calls, remove comments from lines 11 to 16
// def headers = request.requestHeaders
// if (headers.containsKey('auth_token2') == false) {
//   headers.put('auth_token2', token)
//   request.requestHeaders = headers
// }</con:script>
  </con:eventHandlers>
  <con:eventHandlers type="TestRunListener.afterStep" name="TestRunListener.afterStep">
    <con:script>// Save all test step results into files
// Change the directory path in line 5 to a location where you want to store details
// then uncomment lines 5 to 10

// filePath = 'C:\\tempOutputDirectory\\'
// fos = new FileOutputStream(filePath + testStepResult.testStep.label + '.txt', true)
// pw = new PrintWriter(fos)
// testStepResult.writeTo(pw)
// pw.close()
// fos.close()</con:script>
  </con:eventHandlers>
  <con:authRepository/>
  <con:tags/>
</con:soapui-project>
